County,State,FIPS Code,Formatted FIPS,"Estimated number of people 65 or older, between 2015-2019."
Autauga,AL,1001,01001,8283
Baldwin,AL,1003,01003,42531
Barbour,AL,1005,01005,4710
Bibb,AL,1007,01007,3584
Blount,AL,1009,01009,10326
Bullock,AL,1011,01011,1640
Butler,AL,1013,01013,3900
Calhoun,AL,1015,01015,19738
Chambers,AL,1017,01017,6470
Cherokee,AL,1019,01019,5811
Chilton,AL,1021,01021,7052
Choctaw,AL,1023,01023,2922
Clarke,AL,1025,01025,4679
Clay,AL,1027,01027,2698
Cleburne,AL,1029,01029,2899
Coffee,AL,1031,01031,8550
Colbert,AL,1033,01033,10644
Conecuh,AL,1035,01035,2746
Coosa,AL,1037,01037,2430
Covington,AL,1039,01039,7726
Crenshaw,AL,1041,01041,2609
Cullman,AL,1043,01043,15116
Dale,AL,1045,01045,8081
Dallas,AL,1047,01047,6809
DeKalb,AL,1049,01049,11883
Elmore,AL,1051,01051,12053
Escambia,AL,1053,01053,6566
Etowah,AL,1055,01055,19257
Fayette,AL,1057,01057,3438
Franklin,AL,1059,01059,5304
Geneva,AL,1061,01061,5275
Greene,AL,1063,01063,1773
Hale,AL,1065,01065,2777
Henry,AL,1067,01067,3785
Houston,AL,1069,01069,18052
Jackson,AL,1071,01071,10113
Jefferson,AL,1073,01073,101785
Lamar,AL,1075,01075,2983
Lauderdale,AL,1077,01077,18228
Lawrence,AL,1079,01079,5998
Lee,AL,1081,01081,18696
Limestone,AL,1083,01083,14328
Lowndes,AL,1085,01085,1856
Macon,AL,1087,01087,3614
Madison,AL,1089,01089,53151
Marengo,AL,1091,01091,3729
Marion,AL,1093,01093,6288
Marshall,AL,1095,01095,16093
Mobile,AL,1097,01097,65339
Monroe,AL,1099,01099,4100
Montgomery,AL,1101,01101,33107
Morgan,AL,1103,01103,20412
Perry,AL,1105,01105,1772
Pickens,AL,1107,01107,3739
Pike,AL,1109,01109,4946
Randolph,AL,1111,01111,4622
Russell,AL,1113,01113,8029
St. Clair,AL,1115,01115,14317
Shelby,AL,1117,01117,31716
Sumter,AL,1119,01119,2234
Talladega,AL,1121,01121,14052
Tallapoosa,AL,1123,01123,8505
Tuscaloosa,AL,1125,01125,26673
Walker,AL,1127,01127,12191
Washington,AL,1129,01129,3047
Wilcox,AL,1131,01131,2026
Winston,AL,1133,01133,5075
Aleutians East,AK,2013,02013,318
Aleutians West,AK,2016,02016,347
Anchorage,AK,2020,02020,30873
Bethel,AK,2050,02050,1301
Bristol Bay,AK,2060,02060,87
Denali,AK,2068,02068,209
Dillingham,AK,2070,02070,499
Fairbanks North Star,AK,2090,02090,9699
Haines,AK,2100,02100,633
Hoonah-Angoon,AK,2105,02105,439
Juneau,AK,2110,02110,4039
Kenai Peninsula,AK,2122,02122,9631
Ketchikan Gateway,AK,2130,02130,2050
Kodiak Island,AK,2150,02150,1319
Lake and Peninsula,AK,2164,02164,109
Matanuska-Susitna,AK,2170,02170,11939
Nome,AK,2180,02180,702
North Slope,AK,2185,02185,671
Northwest Arctic,AK,2188,02188,575
Petersburg,AK,2195,02195,717
Prince of Wales-Hyder,AK,2198,02198,1027
Sitka,AK,2220,02220,1310
Skagway,AK,2230,02230,130
Southeast Fairbanks,AK,2240,02240,938
Valdez-Cordova,AK,2261,02261,1134
Wade Hampton,AK,2270,02270,454
Wrangell,AK,2275,02275,569
Yakutat,AK,2282,02282,94
Yukon-Koyukuk,AK,2290,02290,770
Apache,AZ,4001,04001,10694
Cochise,AZ,4003,04003,27278
Coconino,AZ,4005,04005,16983
Gila,AZ,4007,04007,15199
Graham,AZ,4009,04009,5202
Greenlee,AZ,4011,04011,1178
La Paz,AZ,4012,04012,8025
Maricopa,AZ,4013,04013,641814
Mohave,AZ,4015,04015,61383
Navajo,AZ,4017,04017,19062
Pima,AZ,4019,04019,197361
Pinal,AZ,4021,04021,85974
Santa Cruz,AZ,4023,04023,8037
Yavapai,AZ,4025,04025,69858
Yuma,AZ,4027,04027,38700
Arkansas,AR,5001,05001,3405
Ashley,AR,5003,05003,4036
Baxter,AR,5005,05005,12779
Benton,AR,5007,05007,35271
Boone,AR,5009,05009,7591
Bradley,AR,5011,05011,1994
Calhoun,AR,5013,05013,1102
Carroll,AR,5015,05015,6307
Chicot,AR,5017,05017,2120
Clark,AR,5019,05019,3634
Clay,AR,5021,05021,3141
Cleburne,AR,5023,05023,6719
Cleveland,AR,5025,05025,1664
Columbia,AR,5027,05027,4065
Conway,AR,5029,05029,3939
Craighead,AR,5031,05031,14510
Crawford,AR,5033,05033,10276
Crittenden,AR,5035,05035,6619
Cross,AR,5037,05037,3084
Dallas,AR,5039,05039,1617
Desha,AR,5041,05041,2187
Drew,AR,5043,05043,3127
Faulkner,AR,5045,05045,15058
Franklin,AR,5047,05047,3397
Fulton,AR,5049,05049,3122
Garland,AR,5051,05051,23000
Grant,AR,5053,05053,3228
Greene,AR,5055,05055,7076
Hempstead,AR,5057,05057,3905
Hot Spring,AR,5059,05059,6288
Howard,AR,5061,05061,2346
Independence,AR,5063,05063,6453
Izard,AR,5065,05065,3390
Jackson,AR,5067,05067,2986
Jefferson,AR,5069,05069,11625
Johnson,AR,5071,05071,4285
Lafayette,AR,5073,05073,1582
Lawrence,AR,5075,05075,3199
Lee,AR,5077,05077,1729
Lincoln,AR,5079,05079,2030
Little River,AR,5081,05081,2547
Logan,AR,5083,05083,4284
Lonoke,AR,5085,05085,9549
Madison,AR,5087,05087,3061
Marion,AR,5089,05089,4631
Miller,AR,5091,05091,7136
Mississippi,AR,5093,05093,6088
Monroe,AR,5095,05095,1609
Montgomery,AR,5097,05097,2403
Nevada,AR,5099,05099,1693
Newton,AR,5101,05101,1991
Ouachita,AR,5103,05103,4675
Perry,AR,5105,05105,2062
Phillips,AR,5107,05107,3375
Pike,AR,5109,05109,2169
Poinsett,AR,5111,05111,4256
Polk,AR,5113,05113,4509
Pope,AR,5115,05115,9732
Prairie,AR,5117,05117,1915
Pulaski,AR,5119,05119,58959
Randolph,AR,5121,05121,3525
St. Francis,AR,5123,05123,4173
Saline,AR,5125,05125,20913
Scott,AR,5127,05127,2150
Searcy,AR,5129,05129,2001
Sebastian,AR,5131,05131,19894
Sevier,AR,5133,05133,2372
Sharp,AR,5135,05135,4435
Stone,AR,5137,05137,3335
Union,AR,5139,05139,6804
Van Buren,AR,5141,05141,4268
Washington,AR,5143,05143,26461
White,AR,5145,05145,12691
Woodruff,AR,5147,05147,1481
Yell,AR,5149,05149,3745
Alameda,CA,6001,06001,224026
Alpine,CA,6003,06003,311
Amador,CA,6005,06005,10246
Butte,CA,6007,06007,40685
Calaveras,CA,6009,06009,12519
Colusa,CA,6011,06011,3082
Contra Costa,CA,6013,06013,175882
Del Norte,CA,6015,06015,4727
El Dorado,CA,6017,06017,38570
Fresno,CA,6019,06019,117777
Glenn,CA,6021,06021,4460
Humboldt,CA,6023,06023,23518
Imperial,CA,6025,06025,22841
Inyo,CA,6027,06027,4097
Kern,CA,6029,06029,94712
Kings,CA,6031,06031,15063
Lake,CA,6033,06033,14333
Lassen,CA,6035,06035,4379
Los Angeles,CA,6037,06037,1335978
Madera,CA,6039,06039,21431
Marin,CA,6041,06041,56170
Mariposa,CA,6043,06043,4790
Mendocino,CA,6045,06045,18532
Merced,CA,6047,06047,29956
Modoc,CA,6049,06049,2401
Mono,CA,6051,06051,2049
Monterey,CA,6053,06053,57240
Napa,CA,6055,06055,25968
Nevada,CA,6057,06057,26254
Orange,CA,6059,06059,455105
Placer,CA,6061,06061,73772
Plumas,CA,6063,06063,5050
Riverside,CA,6065,06065,340575
Sacramento,CA,6067,06067,209596
San Benito,CA,6069,06069,7529
San Bernardino,CA,6071,06071,241961
San Diego,CA,6073,06073,454089
San Francisco,CA,6075,06075,134981
San Joaquin,CA,6077,06077,93081
San Luis Obispo,CA,6079,06079,54847
San Mateo,CA,6081,06081,120877
Santa Barbara,CA,6083,06083,66563
Santa Clara,CA,6085,06085,254174
Santa Cruz,CA,6087,06087,43155
Shasta,CA,6089,06089,36272
Sierra,CA,6091,06091,892
Siskiyou,CA,6093,06093,10732
Solano,CA,6095,06095,67309
Sonoma,CA,6097,06097,94913
Stanislaus,CA,6099,06099,69679
Sutter,CA,6101,06101,14418
Tehama,CA,6103,06103,12307
Trinity,CA,6105,06105,3410
Tulare,CA,6107,06107,51531
Tuolumne,CA,6109,06109,13827
Ventura,CA,6111,06111,127628
Yolo,CA,6113,06113,26396
Yuba,CA,6115,06115,9375
Adams,CO,8001,08001,51105
Alamosa,CO,8003,08003,2130
Arapahoe,CO,8005,08005,82111
Archuleta,CO,8007,08007,3384
Baca,CO,8009,08009,926
Bent,CO,8011,08011,1033
Boulder,CO,8013,08013,44094
Broomfield,CO,8014,08014,9026
Chaffee,CO,8015,08015,4899
Cheyenne,CO,8017,08017,335
Clear Creek,CO,8019,08019,1846
Conejos,CO,8021,08021,1513
Costilla,CO,8023,08023,1023
Crowley,CO,8025,08025,770
Custer,CO,8027,08027,1717
Delta,CO,8029,08029,7727
Denver,CO,8031,08031,81488
Dolores,CO,8033,08033,513
Douglas,CO,8035,08035,38417
Eagle,CO,8037,08037,5877
Elbert,CO,8039,08039,3984
El Paso,CO,8041,08041,87111
Fremont,CO,8043,08043,10010
Garfield,CO,8045,08045,7477
Gilpin,CO,8047,08047,1079
Grand,CO,8049,08049,2561
Gunnison,CO,8051,08051,2186
Hinsdale,CO,8053,08053,210
Huerfano,CO,8055,08055,2083
Jackson,CO,8057,08057,357
Jefferson,CO,8059,08059,91969
Kiowa,CO,8061,08061,368
Kit Carson,CO,8063,08063,1365
Lake,CO,8065,08065,818
La Plata,CO,8067,08067,9150
Larimer,CO,8069,08069,52161
Las Animas,CO,8071,08071,3377
Lincoln,CO,8073,08073,971
Logan,CO,8075,08075,3838
Mesa,CO,8077,08077,28079
Mineral,CO,8079,08079,221
Moffat,CO,8081,08081,1808
Montezuma,CO,8083,08083,5605
Montrose,CO,8085,08085,9635
Morgan,CO,8087,08087,4384
Otero,CO,8089,08089,3671
Ouray,CO,8091,08091,1330
Park,CO,8093,08093,3566
Phillips,CO,8095,08095,741
Pitkin,CO,8097,08097,3192
Prowers,CO,8099,08099,2092
Pueblo,CO,8101,08101,30198
Rio Blanco,CO,8103,08103,973
Rio Grande,CO,8105,08105,2196
Routt,CO,8107,08107,3664
Saguache,CO,8109,08109,1475
San Juan,CO,8111,08111,146
San Miguel,CO,8113,08113,1088
Sedgwick,CO,8115,08115,537
Summit,CO,8117,08117,3914
Teller,CO,8119,08119,5163
Washington,CO,8121,08121,977
Weld,CO,8123,08123,36217
Yuma,CO,8125,08125,1825
Fairfield,CT,9001,09001,146621
Hartford,CT,9003,09003,149889
Litchfield,CT,9005,09005,37457
Middlesex,CT,9007,09007,32072
New Haven,CT,9009,09009,145741
New London,CT,9011,09011,47421
Tolland,CT,9013,09013,23140
Windham,CT,9015,09015,18712
Kent,DE,10001,10001,29417
New Castle,DE,10003,10003,84268
Sussex,DE,10005,10005,60489
District of Columbia,DC,11001,11001,83670
Alachua,FL,12001,12001,36313
Baker,FL,12003,12003,3873
Bay,FL,12005,12005,31048
Bradford,FL,12007,12007,4867
Brevard,FL,12009,12009,137161
Broward,FL,12011,12011,314061
Calhoun,FL,12013,12013,2755
Charlotte,FL,12015,12015,71735
Citrus,FL,12017,12017,52661
Clay,FL,12019,12019,32543
Collier,FL,12021,12021,117197
Columbia,FL,12023,12023,12791
DeSoto,FL,12027,12027,8002
Dixie,FL,12029,12029,3773
Duval,FL,12031,12031,128443
Escambia,FL,12033,12033,51909
Flagler,FL,12035,12035,32922
Franklin,FL,12037,12037,2681
Gadsden,FL,12039,12039,7957
Gilchrist,FL,12041,12041,3637
Glades,FL,12043,12043,3638
Gulf,FL,12045,12045,3221
Hamilton,FL,12047,12047,2431
Hardee,FL,12049,12049,4285
Hendry,FL,12051,12051,5345
Hernando,FL,12053,12053,51205
Highlands,FL,12055,12055,36409
Hillsborough,FL,12057,12057,198181
Holmes,FL,12059,12059,3850
Indian River,FL,12061,12061,49685
Jackson,FL,12063,12063,9234
Jefferson,FL,12065,12065,3249
Lafayette,FL,12067,12067,1188
Lake,FL,12069,12069,91815
Lee,FL,12071,12071,207169
Leon,FL,12073,12073,37380
Levy,FL,12075,12075,9734
Liberty,FL,12077,12077,1280
Madison,FL,12079,12079,3716
Manatee,FL,12081,12081,103677
Marion,FL,12083,12083,101238
Martin,FL,12085,12085,48674
Miami-Dade,FL,12086,12086,430906
Monroe,FL,12087,12087,16789
Nassau,FL,12089,12089,17884
Okaloosa,FL,12091,12091,32045
Okeechobee,FL,12093,12093,8135
Orange,FL,12095,12095,157152
Osceola,FL,12097,12097,45618
Palm Beach,FL,12099,12099,346044
Pasco,FL,12101,12101,118202
Pinellas,FL,12103,12103,234815
Polk,FL,12105,12105,138341
Putnam,FL,12107,12107,16634
St. Johns,FL,12109,12109,48237
St. Lucie,FL,12111,12111,74360
Santa Rosa,FL,12113,12113,27609
Sarasota,FL,12115,12115,151209
Seminole,FL,12117,12117,70111
Sumter,FL,12119,12119,70918
Suwannee,FL,12121,12121,9036
Taylor,FL,12123,12123,4304
Union,FL,12125,12125,2290
Volusia,FL,12127,12127,129563
Wakulla,FL,12129,12129,4715
Walton,FL,12131,12131,13310
Washington,FL,12133,12133,4268
Appling,GA,13001,13001,3107
Atkinson,GA,13003,13003,1117
Bacon,GA,13005,13005,1721
Baker,GA,13007,13007,743
Baldwin,GA,13009,13009,6959
Banks,GA,13011,13011,3079
Barrow,GA,13013,13013,9745
Bartow,GA,13015,13015,14363
Ben Hill,GA,13017,13017,2850
Berrien,GA,13019,13019,3364
Bibb,GA,13021,13021,23236
Bleckley,GA,13023,13023,2261
Brantley,GA,13025,13025,3008
Brooks,GA,13027,13027,2944
Bryan,GA,13029,13029,3892
Bulloch,GA,13031,13031,8479
Burke,GA,13033,13033,3384
Butts,GA,13035,13035,3707
Calhoun,GA,13037,13037,958
Camden,GA,13039,13039,6762
Candler,GA,13043,13043,1890
Carroll,GA,13045,13045,15650
Catoosa,GA,13047,13047,11485
Charlton,GA,13049,13049,1940
Chatham,GA,13051,13051,43050
Chattahoochee,GA,13053,13053,338
Chattooga,GA,13055,13055,4295
Cherokee,GA,13057,13057,33259
Clarke,GA,13059,13059,13351
Clay,GA,13061,13061,762
Clayton,GA,13063,13063,25570
Clinch,GA,13065,13065,1039
Cobb,GA,13067,13067,89040
Coffee,GA,13069,13069,5873
Colquitt,GA,13071,13071,6937
Columbia,GA,13073,13073,19884
Cook,GA,13075,13075,2729
Coweta,GA,13077,13077,19347
Crawford,GA,13079,13079,2219
Crisp,GA,13081,13081,4137
Dade,GA,13083,13083,3068
Dawson,GA,13085,13085,4913
Decatur,GA,13087,13087,4267
DeKalb,GA,13089,13089,89507
Dodge,GA,13091,13091,3642
Dooly,GA,13093,13093,2642
Dougherty,GA,13095,13095,13718
Douglas,GA,13097,13097,16318
Early,GA,13099,13099,1957
Echols,GA,13101,13101,641
Effingham,GA,13103,13103,6903
Elbert,GA,13105,13105,3884
Emanuel,GA,13107,13107,3545
Evans,GA,13109,13109,1756
Fannin,GA,13111,13111,7228
Fayette,GA,13113,13113,19884
Floyd,GA,13115,13115,16060
Forsyth,GA,13117,13117,26669
Franklin,GA,13119,13119,4388
Fulton,GA,13121,13121,118227
Gilmer,GA,13123,13123,7335
Glascock,GA,13125,13125,494
Glynn,GA,13127,13127,16612
Gordon,GA,13129,13129,8247
Grady,GA,13131,13131,4406
Greene,GA,13133,13133,4935
Gwinnett,GA,13135,13135,88110
Habersham,GA,13137,13137,8245
Hall,GA,13139,13139,28912
Hancock,GA,13141,13141,1904
Haralson,GA,13143,13143,4608
Harris,GA,13145,13145,6163
Hart,GA,13147,13147,5628
Heard,GA,13149,13149,1953
Henry,GA,13151,13151,25576
Houston,GA,13153,13153,19060
Irwin,GA,13155,13155,1741
Jackson,GA,13157,13157,9779
Jasper,GA,13159,13159,2441
Jeff Davis,GA,13161,13161,2274
Jefferson,GA,13163,13163,2806
Jenkins,GA,13165,13165,1567
Johnson,GA,13167,13167,1756
Jones,GA,13169,13169,4967
Lamar,GA,13171,13171,3127
Lanier,GA,13173,13173,1434
Laurens,GA,13175,13175,8175
Lee,GA,13177,13177,3691
Liberty,GA,13179,13179,5382
Lincoln,GA,13181,13181,1826
Long,GA,13183,13183,1692
Lowndes,GA,13185,13185,13703
Lumpkin,GA,13187,13187,5459
McDuffie,GA,13189,13189,3710
McIntosh,GA,13191,13191,3639
Macon,GA,13193,13193,2201
Madison,GA,13195,13195,4865
Marion,GA,13197,13197,1742
Meriwether,GA,13199,13199,4191
Miller,GA,13201,13201,1252
Mitchell,GA,13205,13205,3579
Monroe,GA,13207,13207,4908
Montgomery,GA,13209,13209,1502
Morgan,GA,13211,13211,3611
Murray,GA,13213,13213,5720
Muscogee,GA,13215,13215,25445
Newton,GA,13217,13217,13687
Oconee,GA,13219,13219,5714
Oglethorpe,GA,13221,13221,2818
Paulding,GA,13223,13223,16679
Peach,GA,13225,13225,4210
Pickens,GA,13227,13227,6708
Pierce,GA,13229,13229,3228
Pike,GA,13231,13231,2837
Polk,GA,13233,13233,6453
Pulaski,GA,13235,13235,2229
Putnam,GA,13237,13237,5101
Quitman,GA,13239,13239,570
Rabun,GA,13241,13241,4571
Randolph,GA,13243,13243,1503
Richmond,GA,13245,13245,27400
Rockdale,GA,13247,13247,12577
Schley,GA,13249,13249,837
Screven,GA,13251,13251,2554
Seminole,GA,13253,13253,1900
Spalding,GA,13255,13255,11529
Stephens,GA,13257,13257,5081
Stewart,GA,13259,13259,937
Sumter,GA,13261,13261,5014
Talbot,GA,13263,13263,1483
Taliaferro,GA,13265,13265,406
Tattnall,GA,13267,13267,3520
Taylor,GA,13269,13269,1581
Telfair,GA,13271,13271,2811
Terrell,GA,13273,13273,1639
Thomas,GA,13275,13275,7852
Tift,GA,13277,13277,5859
Toombs,GA,13279,13279,4357
Towns,GA,13281,13281,3996
Treutlen,GA,13283,13283,1408
Troup,GA,13285,13285,10118
Turner,GA,13287,13287,1547
Twiggs,GA,13289,13289,1802
Union,GA,13291,13291,7568
Upson,GA,13293,13293,4719
Walker,GA,13295,13295,12639
Walton,GA,13297,13297,13860
Ware,GA,13299,13299,6014
Warren,GA,13301,13301,1143
Washington,GA,13303,13303,3617
Wayne,GA,13305,13305,4657
Webster,GA,13307,13307,523
Wheeler,GA,13309,13309,1117
White,GA,13311,13311,6505
Whitfield,GA,13313,13313,14293
Wilcox,GA,13315,13315,1468
Wilkes,GA,13317,13317,2250
Wilkinson,GA,13319,13319,1688
Worth,GA,13321,13321,3844
Hawaii,HI,15001,15001,40272
Honolulu,HI,15003,15003,170369
Kalawao,HI,15005,15005,11
Kauai,HI,15007,15007,13859
Maui,HI,15009,15009,29095
Ada,ID,16001,16001,63734
Adams,ID,16003,16003,1209
Bannock,ID,16005,16005,11817
Bear Lake,ID,16007,16007,1235
Benewah,ID,16009,16009,2028
Bingham,ID,16011,16011,6295
Blaine,ID,16013,16013,3977
Boise,ID,16015,16015,1835
Bonner,ID,16017,16017,10361
Bonneville,ID,16019,16019,14935
Boundary,ID,16021,16021,2519
Butte,ID,16023,16023,536
Camas,ID,16025,16025,197
Canyon,ID,16027,16027,29229
Caribou,ID,16029,16029,1158
Cassia,ID,16031,16031,3260
Clark,ID,16033,16033,135
Clearwater,ID,16035,16035,2313
Custer,ID,16037,16037,1368
Elmore,ID,16039,16039,3480
Franklin,ID,16041,16041,1859
Fremont,ID,16043,16043,2214
Gem,ID,16045,16045,3678
Gooding,ID,16047,16047,2528
Idaho,ID,16049,16049,4407
Jefferson,ID,16051,16051,3127
Jerome,ID,16053,16053,2990
Kootenai,ID,16055,16055,29082
Latah,ID,16057,16057,5149
Lemhi,ID,16059,16059,2297
Lewis,ID,16061,16061,947
Lincoln,ID,16063,16063,695
Madison,ID,16065,16065,2590
Minidoka,ID,16067,16067,3275
Nez Perce,ID,16069,16069,7880
Oneida,ID,16071,16071,841
Owyhee,ID,16073,16073,2074
Payette,ID,16075,16075,4160
Power,ID,16077,16077,1203
Shoshone,ID,16079,16079,2816
Teton,ID,16081,16081,1244
Twin Falls,ID,16083,16083,12788
Valley,ID,16085,16085,2949
Washington,ID,16087,16087,2475
Adams,IL,17001,17001,13186
Alexander,IL,17003,17003,1332
Bond,IL,17005,17005,3031
Boone,IL,17007,17007,8334
Brown,IL,17009,17009,960
Bureau,IL,17011,17011,7163
Calhoun,IL,17013,17013,1124
Carroll,IL,17015,17015,3598
Cass,IL,17017,17017,2156
Champaign,IL,17019,17019,25959
Christian,IL,17021,17021,6374
Clark,IL,17023,17023,3041
Clay,IL,17025,17025,2661
Clinton,IL,17027,17027,6261
Coles,IL,17029,17029,8495
Cook,IL,17031,17031,741170
Crawford,IL,17033,17033,3558
Cumberland,IL,17035,17035,2094
DeKalb,IL,17037,17037,12682
De Witt,IL,17039,17039,2990
Douglas,IL,17041,17041,3445
DuPage,IL,17043,17043,139388
Edgar,IL,17045,17045,3777
Edwards,IL,17047,17047,1350
Effingham,IL,17049,17049,5851
Fayette,IL,17051,17051,4058
Ford,IL,17053,17053,2498
Franklin,IL,17055,17055,7819
Fulton,IL,17057,17057,7045
Gallatin,IL,17059,17059,1191
Greene,IL,17061,17061,2502
Grundy,IL,17063,17063,6881
Hamilton,IL,17065,17065,1759
Hancock,IL,17067,17067,4102
Hardin,IL,17069,17069,976
Henderson,IL,17071,17071,1688
Henry,IL,17073,17073,10006
Iroquois,IL,17075,17075,5895
Jackson,IL,17077,17077,8597
Jasper,IL,17079,17079,1827
Jefferson,IL,17081,17081,7074
Jersey,IL,17083,17083,4185
Jo Daviess,IL,17085,17085,5873
Johnson,IL,17087,17087,2615
Kane,IL,17089,17089,69950
Kankakee,IL,17091,17091,18008
Kendall,IL,17093,17093,12753
Knox,IL,17095,17095,10528
Lake,IL,17097,17097,96339
LaSalle,IL,17099,17099,20269
Lawrence,IL,17101,17101,3005
Lee,IL,17103,17103,6511
Livingston,IL,17105,17105,6818
Logan,IL,17107,17107,5224
McDonough,IL,17109,17109,5234
McHenry,IL,17111,17111,43124
McLean,IL,17113,17113,21949
Macon,IL,17115,17115,20493
Macoupin,IL,17117,17117,8895
Madison,IL,17119,17119,44479
Marion,IL,17121,17121,7288
Marshall,IL,17123,17123,2661
Mason,IL,17125,17125,3005
Massac,IL,17127,17127,2962
Menard,IL,17129,17129,2388
Mercer,IL,17131,17131,3284
Monroe,IL,17133,17133,5891
Montgomery,IL,17135,17135,5655
Morgan,IL,17137,17137,6703
Moultrie,IL,17139,17139,2766
Ogle,IL,17141,17141,9276
Peoria,IL,17143,17143,30069
Perry,IL,17145,17145,3924
Piatt,IL,17147,17147,3134
Pike,IL,17149,17149,3225
Pope,IL,17151,17151,1150
Pulaski,IL,17153,17153,1201
Putnam,IL,17155,17155,1298
Randolph,IL,17157,17157,5971
Richland,IL,17159,17159,3166
Rock Island,IL,17161,17161,27050
St. Clair,IL,17163,17163,39961
Saline,IL,17165,17165,4785
Sangamon,IL,17167,17167,33946
Schuyler,IL,17169,17169,1528
Scott,IL,17171,17171,996
Shelby,IL,17173,17173,4801
Stark,IL,17175,17175,1192
Stephenson,IL,17177,17177,9959
Tazewell,IL,17179,17179,24376
Union,IL,17181,17181,3470
Vermilion,IL,17183,17183,14530
Wabash,IL,17185,17185,2336
Warren,IL,17187,17187,3186
Washington,IL,17189,17189,2796
Wayne,IL,17191,17191,3493
White,IL,17193,17193,2993
Whiteside,IL,17195,17195,11371
Will,IL,17197,17197,86914
Williamson,IL,17199,17199,12505
Winnebago,IL,17201,17201,48452
Woodford,IL,17203,17203,6727
Adams,IN,18001,18001,5352
Allen,IN,18003,18003,52951
Bartholomew,IN,18005,18005,13234
Benton,IN,18007,18007,1520
Blackford,IN,18009,18009,2524
Boone,IN,18011,18011,8462
Brown,IN,18013,18013,3661
Carroll,IN,18015,18015,3844
Cass,IN,18017,18017,6594
Clark,IN,18019,18019,17949
Clay,IN,18021,18021,4676
Clinton,IN,18023,18023,5214
Crawford,IN,18025,18025,2025
Daviess,IN,18027,18027,5029
Dearborn,IN,18029,18029,8421
Decatur,IN,18031,18031,4384
DeKalb,IN,18033,18033,6778
Delaware,IN,18035,18035,19384
Dubois,IN,18037,18037,7171
Elkhart,IN,18039,18039,29243
Fayette,IN,18041,18041,4552
Floyd,IN,18043,18043,12125
Fountain,IN,18045,18045,3205
Franklin,IN,18047,18047,3993
Fulton,IN,18049,18049,3799
Gibson,IN,18051,18051,5787
Grant,IN,18053,18053,12406
Greene,IN,18055,18055,6201
Hamilton,IN,18057,18057,38362
Hancock,IN,18059,18059,11971
Harrison,IN,18061,18061,6878
Hendricks,IN,18063,18063,21828
Henry,IN,18065,18065,8991
Howard,IN,18067,18067,15690
Huntington,IN,18069,18069,6128
Jackson,IN,18071,18071,6978
Jasper,IN,18073,18073,5783
Jay,IN,18075,18075,3615
Jefferson,IN,18077,18077,5590
Jennings,IN,18079,18079,4412
Johnson,IN,18081,18081,22150
Knox,IN,18083,18083,6494
Kosciusko,IN,18085,18085,12827
LaGrange,IN,18087,18087,5259
Lake,IN,18089,18089,78104
LaPorte,IN,18091,18091,19099
Lawrence,IN,18093,18093,9006
Madison,IN,18095,18095,23226
Marion,IN,18097,18097,116806
Marshall,IN,18099,18099,8028
Martin,IN,18101,18101,1951
Miami,IN,18103,18103,6198
Monroe,IN,18105,18105,18463
Montgomery,IN,18107,18107,6810
Morgan,IN,18109,18109,11371
Newton,IN,18111,18111,2647
Noble,IN,18113,18113,7233
Ohio,IN,18115,18115,1232
Orange,IN,18117,18117,3697
Owen,IN,18119,18119,3950
Parke,IN,18121,18121,3239
Perry,IN,18123,18123,3468
Pike,IN,18125,18125,2437
Porter,IN,18127,18127,26892
Posey,IN,18129,18129,4654
Pulaski,IN,18131,18131,2374
Putnam,IN,18133,18133,6123
Randolph,IN,18135,18135,4907
Ripley,IN,18137,18137,4925
Rush,IN,18139,18139,2974
St. Joseph,IN,18141,18141,41609
Scott,IN,18143,18143,3947
Shelby,IN,18145,18145,7400
Spencer,IN,18147,18147,3940
Starke,IN,18149,18149,4089
Steuben,IN,18151,18151,6746
Sullivan,IN,18153,18153,3577
Switzerland,IN,18155,18155,1894
Tippecanoe,IN,18157,18157,21322
Tipton,IN,18159,18159,3075
Union,IN,18161,18161,1339
Vanderburgh,IN,18163,18163,29766
Vermillion,IN,18165,18165,3022
Vigo,IN,18167,18167,17153
Wabash,IN,18169,18169,6401
Warren,IN,18171,18171,1658
Warrick,IN,18173,18173,10594
Washington,IN,18175,18175,4657
Wayne,IN,18177,18177,12467
Wells,IN,18179,18179,5024
White,IN,18181,18181,4711
Whitley,IN,18183,18183,5943
Adair,IA,19001,19001,1566
Adams,IA,19003,19003,836
Allamakee,IA,19005,19005,3076
Appanoose,IA,19007,19007,2827
Audubon,IA,19009,19009,1354
Benton,IA,19011,19011,4631
Black Hawk,IA,19013,19013,21138
Boone,IA,19015,19015,4665
Bremer,IA,19017,19017,4866
Buchanan,IA,19019,19019,3769
Buena Vista,IA,19021,19021,3027
Butler,IA,19023,19023,3268
Calhoun,IA,19025,19025,2222
Carroll,IA,19027,19027,4000
Cass,IA,19029,19029,2954
Cedar,IA,19031,19031,3553
Cerro Gordo,IA,19033,19033,9043
Cherokee,IA,19035,19035,2666
Chickasaw,IA,19037,19037,2420
Clarke,IA,19039,19039,1671
Clay,IA,19041,19041,3329
Clayton,IA,19043,19043,4045
Clinton,IA,19045,19045,9057
Crawford,IA,19047,19047,2900
Dallas,IA,19049,19049,10357
Davis,IA,19051,19051,1555
Decatur,IA,19053,19053,1567
Delaware,IA,19055,19055,3276
Des Moines,IA,19057,19057,7981
Dickinson,IA,19059,19059,4374
Dubuque,IA,19061,19061,16778
Emmet,IA,19063,19063,1937
Fayette,IA,19065,19065,4159
Floyd,IA,19067,19067,3428
Franklin,IA,19069,19069,2109
Fremont,IA,19071,19071,1547
Greene,IA,19073,19073,1996
Grundy,IA,19075,19075,2519
Guthrie,IA,19077,19077,2358
Hamilton,IA,19079,19079,3024
Hancock,IA,19081,19081,2358
Hardin,IA,19083,19083,3634
Harrison,IA,19085,19085,2736
Henry,IA,19087,19087,3676
Howard,IA,19089,19089,1866
Humboldt,IA,19091,19091,1987
Ida,IA,19093,19093,1511
Iowa,IA,19095,19095,2984
Jackson,IA,19097,19097,3957
Jasper,IA,19099,19099,6989
Jefferson,IA,19101,19101,3915
Johnson,IA,19103,19103,16810
Jones,IA,19105,19105,4144
Keokuk,IA,19107,19107,2194
Kossuth,IA,19109,19109,3456
Lee,IA,19111,19111,6805
Linn,IA,19113,19113,34771
Louisa,IA,19115,19115,2049
Lucas,IA,19117,19117,1836
Lyon,IA,19119,19119,2103
Madison,IA,19121,19121,2735
Mahaska,IA,19123,19123,4005
Marion,IA,19125,19125,5805
Marshall,IA,19127,19127,7069
Mills,IA,19129,19129,2711
Mitchell,IA,19131,19131,2306
Monona,IA,19133,19133,2125
Monroe,IA,19135,19135,1533
Montgomery,IA,19137,19137,2100
Muscatine,IA,19139,19139,6908
O'Brien,IA,19141,19141,2836
Osceola,IA,19143,19143,1269
Page,IA,19145,19145,3305
Palo Alto,IA,19147,19147,1938
Plymouth,IA,19149,19149,4531
Pocahontas,IA,19151,19151,1544
Polk,IA,19153,19153,61222
Pottawattamie,IA,19155,19155,15838
Poweshiek,IA,19157,19157,3715
Ringgold,IA,19159,19159,1192
Sac,IA,19161,19161,2270
Scott,IA,19163,19163,27192
Shelby,IA,19165,19165,2632
Sioux,IA,19167,19167,5301
Story,IA,19169,19169,11437
Tama,IA,19171,19171,3324
Taylor,IA,19173,19173,1355
Union,IA,19175,19175,2475
Van Buren,IA,19177,19177,1582
Wapello,IA,19179,19179,6100
Warren,IA,19181,19181,7781
Washington,IA,19183,19183,4141
Wayne,IA,19185,19185,1395
Webster,IA,19187,19187,6587
Winnebago,IA,19189,19189,2197
Winneshiek,IA,19191,19191,4057
Woodbury,IA,19193,19193,15071
Worth,IA,19195,19195,1503
Wright,IA,19197,19197,2806
Allen,KS,20001,20001,2541
Anderson,KS,20003,20003,1657
Atchison,KS,20005,20005,2752
Barber,KS,20007,20007,998
Barton,KS,20009,20009,4986
Bourbon,KS,20011,20011,2840
Brown,KS,20013,20013,1877
Butler,KS,20015,20015,9898
Chase,KS,20017,20017,637
Chautauqua,KS,20019,20019,866
Cherokee,KS,20021,20021,3839
Cheyenne,KS,20023,20023,705
Clark,KS,20025,20025,478
Clay,KS,20027,20027,1868
Cloud,KS,20029,20029,1876
Coffey,KS,20031,20031,1717
Comanche,KS,20033,20033,454
Cowley,KS,20035,20035,6399
Crawford,KS,20037,20037,5920
Decatur,KS,20039,20039,785
Dickinson,KS,20041,20041,3663
Doniphan,KS,20043,20043,1449
Douglas,KS,20045,20045,14205
Edwards,KS,20047,20047,606
Elk,KS,20049,20049,730
Ellis,KS,20051,20051,4315
Ellsworth,KS,20053,20053,1284
Finney,KS,20055,20055,3905
Ford,KS,20057,20057,3618
Franklin,KS,20059,20059,4205
Geary,KS,20061,20061,2767
Gove,KS,20063,20063,702
Graham,KS,20065,20065,668
Grant,KS,20067,20067,962
Gray,KS,20069,20069,895
Greeley,KS,20071,20071,243
Greenwood,KS,20073,20073,1503
Hamilton,KS,20075,20075,351
Harper,KS,20077,20077,1245
Harvey,KS,20079,20079,6615
Haskell,KS,20081,20081,570
Hodgeman,KS,20083,20083,413
Jackson,KS,20085,20085,2498
Jefferson,KS,20087,20087,3487
Jewell,KS,20089,20089,855
Johnson,KS,20091,20091,83169
Kearny,KS,20093,20093,572
Kingman,KS,20095,20095,1600
Kiowa,KS,20097,20097,534
Labette,KS,20099,20099,3717
Lane,KS,20101,20101,288
Leavenworth,KS,20103,20103,11394
Lincoln,KS,20105,20105,721
Linn,KS,20107,20107,2137
Logan,KS,20109,20109,566
Lyon,KS,20111,20111,4910
McPherson,KS,20113,20113,5573
Marion,KS,20115,20115,2764
Marshall,KS,20117,20117,2081
Meade,KS,20119,20119,724
Miami,KS,20121,20121,5694
Mitchell,KS,20123,20123,1452
Montgomery,KS,20125,20125,6258
Morris,KS,20127,20127,1355
Morton,KS,20129,20129,578
Nemaha,KS,20131,20131,1992
Neosho,KS,20133,20133,3095
Ness,KS,20135,20135,727
Norton,KS,20137,20137,1117
Osage,KS,20139,20139,3105
Osborne,KS,20141,20141,862
Ottawa,KS,20143,20143,1157
Pawnee,KS,20145,20145,1344
Phillips,KS,20147,20147,1219
Pottawatomie,KS,20149,20149,3363
Pratt,KS,20151,20151,1785
Rawlins,KS,20153,20153,672
Reno,KS,20155,20155,12120
Republic,KS,20157,20157,1277
Rice,KS,20159,20159,1800
Riley,KS,20161,20161,6690
Rooks,KS,20163,20163,1118
Rush,KS,20165,20165,751
Russell,KS,20167,20167,1637
Saline,KS,20169,20169,9412
Scott,KS,20171,20171,891
Sedgwick,KS,20173,20173,72054
Seward,KS,20175,20175,2099
Shawnee,KS,20177,20177,31300
Sheridan,KS,20179,20179,589
Sherman,KS,20181,20181,1114
Smith,KS,20183,20183,991
Stafford,KS,20185,20185,881
Stanton,KS,20187,20187,351
Stevens,KS,20189,20189,816
Sumner,KS,20191,20191,4230
Thomas,KS,20193,20193,1276
Trego,KS,20195,20195,718
Wabaunsee,KS,20197,20197,1345
Wallace,KS,20199,20199,349
Washington,KS,20201,20201,1309
Wichita,KS,20203,20203,400
Wilson,KS,20205,20205,1826
Woodson,KS,20207,20207,771
Wyandotte,KS,20209,20209,19840
Adair,KY,21001,21001,3571
Allen,KY,21003,21003,3628
Anderson,KY,21005,21005,3459
Ballard,KY,21007,21007,1666
Barren,KY,21009,21009,7525
Bath,KY,21011,21011,1997
Bell,KY,21013,21013,4979
Boone,KY,21015,21015,16864
Bourbon,KY,21017,21017,3800
Boyd,KY,21019,21019,9014
Boyle,KY,21021,21021,5561
Bracken,KY,21023,21023,1341
Breathitt,KY,21025,21025,2137
Breckinridge,KY,21027,21027,3888
Bullitt,KY,21029,21029,12282
Butler,KY,21031,21031,2306
Caldwell,KY,21033,21033,2653
Calloway,KY,21035,21035,6536
Campbell,KY,21037,21037,14117
Carlisle,KY,21039,21039,987
Carroll,KY,21041,21041,1610
Carter,KY,21043,21043,4966
Casey,KY,21045,21045,3162
Christian,KY,21047,21047,8611
Clark,KY,21049,21049,6308
Clay,KY,21051,21051,3005
Clinton,KY,21053,21053,1945
Crittenden,KY,21055,21055,1821
Cumberland,KY,21057,21057,1440
Daviess,KY,21059,21059,16779
Edmonson,KY,21061,21061,2447
Elliott,KY,21063,21063,1425
Estill,KY,21065,21065,2646
Fayette,KY,21067,21067,41539
Fleming,KY,21069,21069,2537
Floyd,KY,21071,21071,6378
Franklin,KY,21073,21073,8605
Fulton,KY,21075,21075,1230
Gallatin,KY,21077,21077,1193
Garrard,KY,21079,21079,3121
Grant,KY,21081,21081,3404
Graves,KY,21083,21083,6789
Grayson,KY,21085,21085,4523
Green,KY,21087,21087,2211
Greenup,KY,21089,21089,7213
Hancock,KY,21091,21091,1471
Hardin,KY,21093,21093,14852
Harlan,KY,21095,21095,4778
Harrison,KY,21097,21097,3266
Hart,KY,21099,21099,3064
Henderson,KY,21101,21101,7889
Henry,KY,21103,21103,2705
Hickman,KY,21105,21105,1097
Hopkins,KY,21107,21107,8157
Jackson,KY,21109,21109,2274
Jefferson,KY,21111,21111,120799
Jessamine,KY,21113,21113,7787
Johnson,KY,21115,21115,4007
Kenton,KY,21117,21117,23111
Knott,KY,21119,21119,2693
Knox,KY,21121,21121,5367
Larue,KY,21123,21123,2431
Laurel,KY,21125,21125,9691
Lawrence,KY,21127,21127,2676
Lee,KY,21129,21129,1196
Leslie,KY,21131,21131,1792
Letcher,KY,21133,21133,4128
Lewis,KY,21135,21135,2398
Lincoln,KY,21137,21137,4366
Livingston,KY,21139,21139,1942
Logan,KY,21141,21141,4895
Lyon,KY,21143,21143,2209
McCracken,KY,21145,21145,12651
McCreary,KY,21147,21147,2672
McLean,KY,21149,21149,1785
Madison,KY,21151,21151,12131
Magoffin,KY,21153,21153,2093
Marion,KY,21155,21155,3174
Marshall,KY,21157,21157,6762
Martin,KY,21159,21159,1827
Mason,KY,21161,21161,2989
Meade,KY,21163,21163,3937
Menifee,KY,21165,21165,1302
Mercer,KY,21167,21167,3985
Metcalfe,KY,21169,21169,1884
Monroe,KY,21171,21171,1956
Montgomery,KY,21173,21173,4396
Morgan,KY,21175,21175,2186
Muhlenberg,KY,21177,21177,5763
Nelson,KY,21179,21179,6975
Nicholas,KY,21181,21181,1206
Ohio,KY,21183,21183,4246
Oldham,KY,21185,21185,8384
Owen,KY,21187,21187,1931
Owsley,KY,21189,21189,844
Pendleton,KY,21191,21191,2262
Perry,KY,21193,21193,4349
Pike,KY,21195,21195,10761
Powell,KY,21197,21197,1906
Pulaski,KY,21199,21199,12005
Robertson,KY,21201,21201,456
Rockcastle,KY,21203,21203,2994
Rowan,KY,21205,21205,3339
Russell,KY,21207,21207,3511
Scott,KY,21209,21209,6480
Shelby,KY,21211,21211,7242
Simpson,KY,21213,21213,2986
Spencer,KY,21215,21215,2517
Taylor,KY,21217,21217,4452
Todd,KY,21219,21219,1921
Trigg,KY,21221,21221,3208
Trimble,KY,21223,21223,1465
Union,KY,21225,21225,2370
Warren,KY,21227,21227,16283
Washington,KY,21229,21229,2151
Wayne,KY,21231,21231,4124
Webster,KY,21233,21233,2269
Whitley,KY,21235,21235,5702
Wolfe,KY,21237,21237,1376
Woodford,KY,21239,21239,4670
Acadia,LA,22001,22001,9280
Allen,LA,22003,22003,3775
Ascension,LA,22005,22005,14010
Assumption,LA,22007,22007,3902
Avoyelles,LA,22009,22009,6797
Beauregard,LA,22011,22011,5700
Bienville,LA,22013,22013,2754
Bossier,LA,22015,22015,17476
Caddo,LA,22017,22017,40601
Calcasieu,LA,22019,22019,29382
Caldwell,LA,22021,22021,1812
Cameron,LA,22023,22023,1108
Catahoula,LA,22025,22025,1639
Claiborne,LA,22027,22027,3014
Concordia,LA,22029,22029,3340
De Soto,LA,22031,22031,4699
East Baton Rouge,LA,22033,22033,60902
East Carroll,LA,22035,22035,996
East Feliciana,LA,22037,22037,3303
Evangeline,LA,22039,22039,5069
Franklin,LA,22041,22041,3573
Grant,LA,22043,22043,3282
Iberia,LA,22045,22045,10400
Iberville,LA,22047,22047,4973
Jackson,LA,22049,22049,3188
Jefferson,LA,22051,22051,72333
Jefferson Davis,LA,22053,22053,5065
Lafayette,LA,22055,22055,30732
Lafourche,LA,22057,22057,14757
La Salle,LA,22059,22059,2494
Lincoln,LA,22061,22061,6329
Livingston,LA,22063,22063,17941
Madison,LA,22065,22065,1567
Morehouse,LA,22067,22067,4666
Natchitoches,LA,22069,22069,6224
Orleans,LA,22071,22071,55281
Ouachita,LA,22073,22073,22486
Plaquemines,LA,22075,22075,3042
Pointe Coupee,LA,22077,22077,4444
Rapides,LA,22079,22079,20804
Red River,LA,22081,22081,1605
Richland,LA,22083,22083,3494
Sabine,LA,22085,22085,4825
St. Bernard,LA,22087,22087,5113
St. Charles,LA,22089,22089,6880
St. Helena,LA,22091,22091,1941
St. James,LA,22093,22093,3558
St. John the Baptist,LA,22095,22095,5936
St. Landry,LA,22097,22097,13107
St. Martin,LA,22099,22099,7911
St. Mary,LA,22101,22101,8193
St. Tammany,LA,22103,22103,41823
Tangipahoa,LA,22105,22105,18491
Tensas,LA,22107,22107,1084
Terrebonne,LA,22109,22109,15527
Union,LA,22111,22111,4524
Vermilion,LA,22113,22113,9008
Vernon,LA,22115,22115,5823
Washington,LA,22117,22117,8135
Webster,LA,22119,22119,7567
West Baton Rouge,LA,22121,22121,3479
West Carroll,LA,22123,22123,2068
West Feliciana,LA,22125,22125,2170
Winn,LA,22127,22127,2616
Androscoggin,ME,23001,23001,18603
Aroostook,ME,23003,23003,15881
Cumberland,ME,23005,23005,52133
Franklin,ME,23007,23007,6437
Hancock,ME,23009,23009,13129
Kennebec,ME,23011,23011,23645
Knox,ME,23013,23013,9647
Lincoln,ME,23015,23015,9263
Oxford,ME,23017,23017,12229
Penobscot,ME,23019,23019,27349
Piscataquis,ME,23021,23021,4359
Sagadahoc,ME,23023,23023,7728
Somerset,ME,23025,23025,10445
Waldo,ME,23027,23027,8613
Washington,ME,23029,23029,7482
York,ME,23031,23031,40625
Allegany,MD,24001,24001,14169
Anne Arundel,MD,24003,24003,82281
Baltimore,MD,24005,24005,139256
Calvert,MD,24009,24009,13252
Caroline,MD,24011,24011,5299
Carroll,MD,24013,24013,27434
Cecil,MD,24015,24015,15639
Charles,MD,24017,24017,19412
Dorchester,MD,24019,24019,6737
Frederick,MD,24021,24021,35468
Garrett,MD,24023,24023,6436
Harford,MD,24025,24025,39848
Howard,MD,24027,24027,42755
Kent,MD,24029,24029,5120
Montgomery,MD,24031,24031,156825
Prince George's,MD,24033,24033,116822
Queen Anne's,MD,24035,24035,9119
St. Mary's,MD,24037,24037,14091
Somerset,MD,24039,24039,4174
Talbot,MD,24041,24041,10595
Washington,MD,24043,24043,25239
Wicomico,MD,24045,24045,15847
Worcester,MD,24047,24047,14139
Baltimore City,MD,24510,24510,82721
Barnstable,MA,25001,25001,63581
Berkshire,MA,25003,25003,28620
Bristol,MA,25005,25005,93298
Dukes,MA,25007,25007,4033
Essex,MA,25009,25009,130887
Franklin,MA,25011,25011,14920
Hampden,MA,25013,25013,77013
Hampshire,MA,25015,25015,26753
Middlesex,MA,25017,25017,239915
Nantucket,MA,25019,25019,1631
Norfolk,MA,25021,25021,115968
Plymouth,MA,25023,25023,90730
Suffolk,MA,25025,25025,93712
Worcester,MA,25027,25027,126028
Alcona,MI,26001,26001,3711
Alger,MI,26003,26003,2257
Allegan,MI,26005,26005,18642
Alpena,MI,26007,26007,6488
Antrim,MI,26009,26009,6189
Arenac,MI,26011,26011,3662
Baraga,MI,26013,26013,1827
Barry,MI,26015,26015,10917
Bay,MI,26017,26017,20411
Benzie,MI,26019,26019,4545
Berrien,MI,26021,26021,29744
Branch,MI,26023,26023,7900
Calhoun,MI,26025,26025,23230
Cass,MI,26027,26027,10455
Charlevoix,MI,26029,26029,6204
Cheboygan,MI,26031,26031,6802
Chippewa,MI,26033,26033,6651
Clare,MI,26035,26035,7121
Clinton,MI,26037,26037,12897
Crawford,MI,26039,26039,3461
Delta,MI,26041,26041,8417
Dickinson,MI,26043,26043,5591
Eaton,MI,26045,26045,19600
Emmet,MI,26047,26047,7192
Genesee,MI,26049,26049,69337
Gladwin,MI,26051,26051,6655
Gogebic,MI,26053,26053,3852
Grand Traverse,MI,26055,26055,17690
Gratiot,MI,26057,26057,7037
Hillsdale,MI,26059,26059,8719
Houghton,MI,26061,26061,6123
Huron,MI,26063,26063,7749
Ingham,MI,26065,26065,38111
Ionia,MI,26067,26067,9323
Iosco,MI,26069,26069,7323
Iron,MI,26071,26071,3344
Isabella,MI,26073,26073,8606
Jackson,MI,26075,26075,27279
Kalamazoo,MI,26077,26077,38355
Kalkaska,MI,26079,26079,3476
Kent,MI,26081,26081,85904
Keweenaw,MI,26083,26083,741
Lake,MI,26085,26085,3288
Lapeer,MI,26087,26087,15489
Leelanau,MI,26089,26089,6502
Lenawee,MI,26091,26091,18050
Livingston,MI,26093,26093,31372
Luce,MI,26095,26095,1354
Mackinac,MI,26097,26097,2948
Macomb,MI,26099,26099,144390
Manistee,MI,26101,26101,6110
Marquette,MI,26103,26103,12289
Mason,MI,26105,26105,6681
Mecosta,MI,26107,26107,7822
Menominee,MI,26109,26109,5456
Midland,MI,26111,26111,14991
Missaukee,MI,26113,26113,3057
Monroe,MI,26115,26115,26204
Montcalm,MI,26117,26117,10823
Montmorency,MI,26119,26119,2907
Muskegon,MI,26121,26121,28541
Newaygo,MI,26123,26123,9112
Oakland,MI,26125,26125,205052
Oceana,MI,26127,26127,5382
Ogemaw,MI,26129,26129,5275
Ontonagon,MI,26131,26131,2083
Osceola,MI,26133,26133,4803
Oscoda,MI,26135,26135,2227
Otsego,MI,26137,26137,5076
Ottawa,MI,26139,26139,41893
Presque Isle,MI,26141,26141,3892
Roscommon,MI,26143,26143,7617
Saginaw,MI,26145,26145,35801
St. Clair,MI,26147,26147,29036
St. Joseph,MI,26149,26149,10567
Sanilac,MI,26151,26151,8678
Schoolcraft,MI,26153,26153,2132
Shiawassee,MI,26155,26155,12149
Tuscola,MI,26157,26157,10506
Van Buren,MI,26159,26159,13258
Washtenaw,MI,26161,26161,49308
Wayne,MI,26163,26163,264487
Wexford,MI,26165,26165,6197
Aitkin,MN,27001,27001,5144
Anoka,MN,27003,27003,47405
Becker,MN,27005,27005,6876
Beltrami,MN,27007,27007,7216
Benton,MN,27009,27009,5527
Big Stone,MN,27011,27011,1281
Blue Earth,MN,27013,27013,8931
Brown,MN,27015,27015,5243
Carlton,MN,27017,27017,6057
Carver,MN,27019,27019,11628
Cass,MN,27021,27021,7406
Chippewa,MN,27023,27023,2496
Chisago,MN,27025,27025,8265
Clay,MN,27027,27027,8194
Clearwater,MN,27029,27029,1788
Cook,MN,27031,27031,1466
Cottonwood,MN,27033,27033,2568
Crow Wing,MN,27035,27035,14133
Dakota,MN,27037,27037,57425
Dodge,MN,27039,27039,2981
Douglas,MN,27041,27041,8420
Faribault,MN,27043,27043,3134
Fillmore,MN,27045,27045,4299
Freeborn,MN,27047,27047,6699
Goodhue,MN,27049,27049,8780
Grant,MN,27051,27051,1382
Hennepin,MN,27053,27053,170418
Houston,MN,27055,27055,3871
Hubbard,MN,27057,27057,5223
Isanti,MN,27059,27059,6122
Itasca,MN,27061,27061,10216
Jackson,MN,27063,27063,2152
Kanabec,MN,27065,27065,3251
Kandiyohi,MN,27067,27067,7854
Kittson,MN,27069,27069,1032
Koochiching,MN,27071,27071,3054
Lac qui Parle,MN,27073,27073,1791
Lake,MN,27075,27075,2718
Lake of the Woods,MN,27077,27077,886
Le Sueur,MN,27079,27079,4829
Lincoln,MN,27081,27081,1398
Lyon,MN,27083,27083,3986
McLeod,MN,27085,27085,6545
Mahnomen,MN,27087,27087,964
Marshall,MN,27089,27089,1972
Martin,MN,27091,27091,4555
Meeker,MN,27093,27093,4486
Mille Lacs,MN,27095,27095,4671
Morrison,MN,27097,27097,6267
Mower,MN,27099,27099,7306
Murray,MN,27101,27101,2103
Nicollet,MN,27103,27103,5317
Nobles,MN,27105,27105,3488
Norman,MN,27107,27107,1396
Olmsted,MN,27109,27109,23348
Otter Tail,MN,27111,27111,13579
Pennington,MN,27113,27113,2545
Pine,MN,27115,27115,5874
Pipestone,MN,27117,27117,1903
Polk,MN,27119,27119,5674
Pope,MN,27121,27121,2619
Ramsey,MN,27123,27123,76738
Red Lake,MN,27125,27125,802
Redwood,MN,27127,27127,3218
Renville,MN,27129,27129,3002
Rice,MN,27131,27131,10026
Rock,MN,27133,27133,1866
Roseau,MN,27135,27135,2562
St. Louis,MN,27137,27137,37627
Scott,MN,27139,27139,15137
Sherburne,MN,27141,27141,10261
Sibley,MN,27143,27143,2692
Stearns,MN,27145,27145,23088
Steele,MN,27147,27147,6252
Stevens,MN,27149,27149,1649
Swift,MN,27151,27151,2044
Todd,MN,27153,27153,5121
Traverse,MN,27155,27155,822
Wabasha,MN,27157,27157,4562
Wadena,MN,27159,27159,2863
Waseca,MN,27161,27161,3259
Washington,MN,27163,27163,36910
Watonwan,MN,27165,27165,2189
Wilkin,MN,27167,27167,1181
Winona,MN,27169,27169,8331
Wright,MN,27171,27171,16361
Yellow Medicine,MN,27173,27173,1978
Adams,MS,28001,28001,5716
Alcorn,MS,28003,28003,6755
Amite,MS,28005,28005,2826
Attala,MS,28007,28007,3510
Benton,MS,28009,28009,1430
Bolivar,MS,28011,28011,4780
Calhoun,MS,28013,28013,2663
Carroll,MS,28015,28015,2301
Chickasaw,MS,28017,28017,2894
Choctaw,MS,28019,28019,1771
Claiborne,MS,28021,28021,1452
Clarke,MS,28023,28023,3147
Clay,MS,28025,28025,3507
Coahoma,MS,28027,28027,3400
Copiah,MS,28029,28029,4794
Covington,MS,28031,28031,3221
DeSoto,MS,28033,28033,22631
Forrest,MS,28035,28035,9996
Franklin,MS,28037,28037,1489
George,MS,28039,28039,3517
Greene,MS,28041,28041,1828
Grenada,MS,28043,28043,3674
Hancock,MS,28045,28045,9264
Harrison,MS,28047,28047,29585
Hinds,MS,28049,28049,32557
Holmes,MS,28051,28051,2576
Humphreys,MS,28053,28053,1370
Issaquena,MS,28055,28055,220
Itawamba,MS,28057,28057,4060
Jackson,MS,28059,28059,22188
Jasper,MS,28061,28061,3246
Jefferson,MS,28063,28063,1110
Jefferson Davis,MS,28065,28065,2477
Jones,MS,28067,28067,11223
Kemper,MS,28069,28069,1925
Lafayette,MS,28071,28071,6505
Lamar,MS,28073,28073,8142
Lauderdale,MS,28075,28075,12661
Lawrence,MS,28077,28077,2213
Leake,MS,28079,28079,3614
Lee,MS,28081,28081,12372
Leflore,MS,28083,28083,4035
Lincoln,MS,28085,28085,5736
Lowndes,MS,28087,28087,9156
Madison,MS,28089,28089,13407
Marion,MS,28091,28091,4500
Marshall,MS,28093,28093,6043
Monroe,MS,28095,28095,6771
Montgomery,MS,28097,28097,2088
Neshoba,MS,28099,28099,4601
Newton,MS,28101,28101,3443
Noxubee,MS,28103,28103,1706
Oktibbeha,MS,28105,28105,5462
Panola,MS,28107,28107,5249
Pearl River,MS,28109,28109,10164
Perry,MS,28111,28111,2068
Pike,MS,28113,28113,6571
Pontotoc,MS,28115,28115,4641
Prentiss,MS,28117,28117,4447
Quitman,MS,28119,28119,1194
Rankin,MS,28121,28121,22500
Scott,MS,28123,28123,4217
Sharkey,MS,28125,28125,801
Simpson,MS,28127,28127,4614
Smith,MS,28129,28129,3033
Stone,MS,28131,28131,2933
Sunflower,MS,28133,28133,3384
Tallahatchie,MS,28135,28135,2064
Tate,MS,28137,28137,4580
Tippah,MS,28139,28139,3449
Tishomingo,MS,28141,28141,3990
Tunica,MS,28143,28143,1174
Union,MS,28145,28145,4679
Walthall,MS,28147,28147,2766
Warren,MS,28149,28149,7470
Washington,MS,28151,28151,7097
Wayne,MS,28153,28153,3415
Webster,MS,28155,28155,1751
Wilkinson,MS,28157,28157,1497
Winston,MS,28159,28159,3638
Yalobusha,MS,28161,28161,2439
Yazoo,MS,28163,28163,3639
Adair,MO,29001,29001,3656
Andrew,MO,29003,29003,3279
Atchison,MO,29005,29005,1327
Audrain,MO,29007,29007,4442
Barry,MO,29009,29009,7183
Barton,MO,29011,29011,2372
Bates,MO,29013,29013,3139
Benton,MO,29015,29015,5793
Bollinger,MO,29017,29017,2396
Boone,MO,29019,29019,21080
Buchanan,MO,29021,29021,14014
Butler,MO,29023,29023,7902
Caldwell,MO,29025,29025,1749
Callaway,MO,29027,29027,7112
Camden,MO,29029,29029,12582
Cape Girardeau,MO,29031,29031,12713
Carroll,MO,29033,29033,1876
Carter,MO,29035,29035,1207
Cass,MO,29037,29037,17102
Cedar,MO,29039,29039,3276
Chariton,MO,29041,29041,1777
Christian,MO,29043,29043,13040
Clark,MO,29045,29045,1397
Clay,MO,29047,29047,33537
Clinton,MO,29049,29049,3583
Cole,MO,29051,29051,12306
Cooper,MO,29053,29053,3037
Crawford,MO,29055,29055,4633
Dade,MO,29057,29057,1759
Dallas,MO,29059,29059,3407
Daviess,MO,29061,29061,1696
DeKalb,MO,29063,29063,2083
Dent,MO,29065,29065,3339
Douglas,MO,29067,29067,3181
Dunklin,MO,29069,29069,5357
Franklin,MO,29071,29071,17415
Gasconade,MO,29073,29073,3285
Gentry,MO,29075,29075,1297
Greene,MO,29077,29077,46663
Grundy,MO,29079,29079,2172
Harrison,MO,29081,29081,1896
Henry,MO,29083,29083,4646
Hickory,MO,29085,29085,3152
Holt,MO,29087,29087,1105
Howard,MO,29089,29089,1857
Howell,MO,29091,29091,7851
Iron,MO,29093,29093,2230
Jackson,MO,29095,29095,101918
Jasper,MO,29097,29097,18208
Jefferson,MO,29099,29099,32490
Johnson,MO,29101,29101,6581
Knox,MO,29103,29103,847
Laclede,MO,29105,29105,6221
Lafayette,MO,29107,29107,6011
Lawrence,MO,29109,29109,6818
Lewis,MO,29111,29111,1830
Lincoln,MO,29113,29113,7499
Linn,MO,29115,29115,2487
Livingston,MO,29117,29117,3005
McDonald,MO,29119,29119,3480
Macon,MO,29121,29121,3343
Madison,MO,29123,29123,2286
Maries,MO,29125,29125,1875
Marion,MO,29127,29127,4973
Mercer,MO,29129,29129,770
Miller,MO,29131,29131,4743
Mississippi,MO,29133,29133,2388
Moniteau,MO,29135,29135,2501
Monroe,MO,29137,29137,1967
Montgomery,MO,29139,29139,2348
Morgan,MO,29141,29141,4736
New Madrid,MO,29143,29143,3255
Newton,MO,29145,29145,10322
Nodaway,MO,29147,29147,3316
Oregon,MO,29149,29149,2465
Osage,MO,29151,29151,2339
Ozark,MO,29153,29153,2521
Pemiscot,MO,29155,29155,2757
Perry,MO,29157,29157,3486
Pettis,MO,29159,29159,6943
Phelps,MO,29161,29161,7039
Pike,MO,29163,29163,3141
Platte,MO,29165,29165,14383
Polk,MO,29167,29167,5667
Pulaski,MO,29169,29169,4375
Putnam,MO,29171,29171,1145
Ralls,MO,29173,29173,2141
Randolph,MO,29175,29175,4085
Ray,MO,29177,29177,4108
Reynolds,MO,29179,29179,1425
Ripley,MO,29181,29181,2792
St. Charles,MO,29183,29183,58034
St. Clair,MO,29185,29185,2546
Ste. Genevieve,MO,29186,29186,3385
St. Francois,MO,29187,29187,10796
St. Louis,MO,29189,29189,176150
Saline,MO,29195,29195,4144
Schuyler,MO,29197,29197,877
Scotland,MO,29199,29199,898
Scott,MO,29201,29201,6885
Shannon,MO,29203,29203,1726
Shelby,MO,29205,29205,1236
Stoddard,MO,29207,29207,5776
Stone,MO,29209,29209,9591
Sullivan,MO,29211,29211,1252
Taney,MO,29213,29213,11729
Texas,MO,29215,29215,5249
Vernon,MO,29217,29217,3859
Warren,MO,29219,29219,6070
Washington,MO,29221,29221,4035
Wayne,MO,29223,29223,3049
Webster,MO,29225,29225,5994
Worth,MO,29227,29227,500
Wright,MO,29229,29229,3537
St. Louis City,MO,29510,29510,40476
Beaverhead,MT,30001,30001,2010
Big Horn,MT,30003,30003,1625
Blaine,MT,30005,30005,1013
Broadwater,MT,30007,30007,1392
Carbon,MT,30009,30009,2648
Carter,MT,30011,30011,301
Cascade,MT,30013,30013,14950
Chouteau,MT,30015,30015,1146
Custer,MT,30017,30017,2243
Daniels,MT,30019,30019,423
Dawson,MT,30021,30021,1674
Deer Lodge,MT,30023,30023,2075
Fallon,MT,30025,30025,521
Fergus,MT,30027,30027,2605
Flathead,MT,30029,30029,18683
Gallatin,MT,30031,30031,13215
Garfield,MT,30033,30033,239
Glacier,MT,30035,30035,1621
Golden Valley,MT,30037,30037,185
Granite,MT,30039,30039,965
Hill,MT,30041,30041,2391
Jefferson,MT,30043,30043,2448
Judith Basin,MT,30045,30045,443
Lake,MT,30047,30047,6423
Lewis and Clark,MT,30049,30049,12193
Liberty,MT,30051,30051,590
Lincoln,MT,30053,30053,5418
McCone,MT,30055,30055,449
Madison,MT,30057,30057,2402
Meagher,MT,30059,30059,453
Mineral,MT,30061,30061,1193
Missoula,MT,30063,30063,17653
Musselshell,MT,30065,30065,1235
Park,MT,30067,30067,3566
Petroleum,MT,30069,30069,101
Phillips,MT,30071,30071,911
Pondera,MT,30073,30073,1198
Powder River,MT,30075,30075,440
Powell,MT,30077,30077,1371
Prairie,MT,30079,30079,350
Ravalli,MT,30081,30081,10674
Richland,MT,30083,30083,1648
Roosevelt,MT,30085,30085,1240
Rosebud,MT,30087,30087,1354
Sanders,MT,30089,30089,3506
Sheridan,MT,30091,30091,807
Silver Bow,MT,30093,30093,6519
Stillwater,MT,30095,30095,2079
Sweet Grass,MT,30097,30097,1110
Teton,MT,30099,30099,1380
Toole,MT,30101,30101,825
Treasure,MT,30103,30103,192
Valley,MT,30105,30105,1658
Wheatland,MT,30107,30107,432
Wibaux,MT,30109,30109,250
Yellowstone,MT,30111,30111,26275
Adams,NE,31001,31001,5596
Antelope,NE,31003,31003,1455
Arthur,NE,31005,31005,107
Banner,NE,31007,31007,155
Blaine,NE,31009,31009,132
Boone,NE,31011,31011,1173
Box Butte,NE,31013,31013,1884
Boyd,NE,31015,31015,584
Brown,NE,31017,31017,814
Buffalo,NE,31019,31019,6863
Burt,NE,31021,31021,1540
Butler,NE,31023,31023,1642
Cass,NE,31025,31025,4396
Cedar,NE,31027,31027,1806
Chase,NE,31029,31029,829
Cherry,NE,31031,31031,1195
Cheyenne,NE,31033,31033,1779
Clay,NE,31035,31035,1236
Colfax,NE,31037,31037,1348
Cuming,NE,31039,31039,1944
Custer,NE,31041,31041,2368
Dakota,NE,31043,31043,2706
Dawes,NE,31045,31045,1610
Dawson,NE,31047,31047,3696
Deuel,NE,31049,31049,430
Dixon,NE,31051,31051,1142
Dodge,NE,31053,31053,6977
Douglas,NE,31055,31055,70894
Dundy,NE,31057,31057,412
Fillmore,NE,31059,31059,1280
Franklin,NE,31061,31061,809
Frontier,NE,31063,31063,668
Furnas,NE,31065,31065,1162
Gage,NE,31067,31067,4429
Garden,NE,31069,31069,516
Garfield,NE,31071,31071,571
Gosper,NE,31073,31073,526
Grant,NE,31075,31075,152
Greeley,NE,31077,31077,602
Hall,NE,31079,31079,8938
Hamilton,NE,31081,31081,1798
Harlan,NE,31083,31083,845
Hayes,NE,31085,31085,166
Hitchcock,NE,31087,31087,712
Holt,NE,31089,31089,2193
Hooker,NE,31091,31091,226
Howard,NE,31093,31093,1354
Jefferson,NE,31095,31095,1686
Johnson,NE,31097,31097,939
Kearney,NE,31099,31099,1239
Keith,NE,31101,31101,2155
Keya Paha,NE,31103,31103,183
Kimball,NE,31105,31105,893
Knox,NE,31107,31107,2061
Lancaster,NE,31109,31109,42177
Lincoln,NE,31111,31111,6661
Logan,NE,31113,31113,186
Loup,NE,31115,31115,148
McPherson,NE,31117,31117,118
Madison,NE,31119,31119,5452
Merrick,NE,31121,31121,1617
Morrill,NE,31123,31123,962
Nance,NE,31125,31125,723
Nemaha,NE,31127,31127,1377
Nuckolls,NE,31129,31129,1131
Otoe,NE,31131,31131,3054
Pawnee,NE,31133,31133,738
Perkins,NE,31135,31135,667
Phelps,NE,31137,31137,1821
Pierce,NE,31139,31139,1350
Platte,NE,31141,31141,5734
Polk,NE,31143,31143,1139
Red Willow,NE,31145,31145,2155
Richardson,NE,31147,31147,1919
Rock,NE,31149,31149,355
Saline,NE,31151,31151,2058
Sarpy,NE,31153,31153,20619
Saunders,NE,31155,31155,3871
Scotts Bluff,NE,31157,31157,6749
Seward,NE,31159,31159,2912
Sheridan,NE,31161,31161,1323
Sherman,NE,31163,31163,811
Sioux,NE,31165,31165,270
Stanton,NE,31167,31167,1045
Thayer,NE,31169,31169,1283
Thomas,NE,31171,31171,137
Thurston,NE,31173,31173,857
Valley,NE,31175,31175,1067
Washington,NE,31177,31177,3631
Wayne,NE,31179,31179,1447
Webster,NE,31181,31181,792
Wheeler,NE,31183,31183,187
York,NE,31185,31185,2710
Churchill,NV,32001,32001,4530
Clark,NV,32003,32003,315486
Douglas,NV,32005,32005,13191
Elko,NV,32007,32007,5743
Esmeralda,NV,32009,32009,276
Eureka,NV,32011,32011,335
Humboldt,NV,32013,32013,2259
Lander,NV,32015,32015,798
Lincoln,NV,32017,32017,1134
Lyon,NV,32019,32019,11372
Mineral,NV,32021,32021,1359
Nye,NV,32023,32023,13173
Pershing,NV,32027,32027,1036
Storey,NV,32029,32029,1142
Washoe,NV,32031,32031,72890
White Pine,NV,32033,32033,1600
Carson City,NV,32510,32510,10857
Belknap,NH,33001,33001,13037
Carroll,NH,33003,33003,12981
Cheshire,NH,33005,33005,14719
Coos,NH,33007,33007,7320
Grafton,NH,33009,33009,17964
Hillsborough,NH,33011,33011,62902
Merrimack,NH,33013,33013,26316
Rockingham,NH,33015,33015,52770
Strafford,NH,33017,33017,18838
Sullivan,NH,33019,33019,8948
Atlantic,NJ,34001,34001,46657
Bergen,NJ,34003,34003,158415
Burlington,NJ,34005,34005,74168
Camden,NJ,34007,34007,77791
Cape May,NJ,34009,34009,24059
Cumberland,NJ,34011,34011,22676
Essex,NJ,34013,34013,106918
Gloucester,NJ,34015,34015,44794
Hudson,NJ,34017,34017,78647
Hunterdon,NJ,34019,34019,22295
Mercer,NJ,34021,34021,54941
Middlesex,NJ,34023,34023,121213
Monmouth,NJ,34025,34025,106602
Morris,NJ,34027,34027,82479
Ocean,NJ,34029,34029,133880
Passaic,NJ,34031,34031,71897
Salem,NJ,34033,34033,11537
Somerset,NJ,34035,34035,50390
Sussex,NJ,34037,34037,23663
Union,NJ,34039,34039,78625
Warren,NJ,34041,34041,18638
Bernalillo,NM,35001,35001,106928
Catron,NM,35003,35003,1306
Chaves,NM,35005,35005,10100
Cibola,NM,35006,35006,4197
Colfax,NM,35007,35007,3286
Curry,NM,35009,35009,6091
De Baca,NM,35011,35011,401
Doa Ana,NM,35013,35013,33040
Eddy,NM,35015,35015,8254
Grant,NM,35017,35017,7347
Guadalupe,NM,35019,35019,949
Harding,NM,35021,35021,172
Hidalgo,NM,35023,35023,910
Lea,NM,35025,35025,7770
Lincoln,NM,35027,35027,5475
Los Alamos,NM,35028,35028,3260
Luna,NM,35029,35029,4939
McKinley,NM,35031,35031,8610
Mora,NM,35033,35033,1379
Otero,NM,35035,35035,11248
Quay,NM,35037,35037,2021
Rio Arriba,NM,35039,35039,7306
Roosevelt,NM,35041,35041,2622
Sandoval,NM,35043,35043,24400
San Juan,NM,35045,35045,18029
San Miguel,NM,35047,35047,5712
Santa Fe,NM,35049,35049,34538
Sierra,NM,35051,35051,3921
Socorro,NM,35053,35053,3178
Taos,NM,35055,35055,8280
Torrance,NM,35057,35057,3120
Union,NM,35059,35059,816
Valencia,NM,35061,35061,13082
Albany,NY,36001,36001,50691
Allegany,NY,36003,36003,8596
Bronx,NY,36005,36005,179661
Broome,NY,36007,36007,36107
Cattaraugus,NY,36009,36009,14427
Cayuga,NY,36011,36011,14212
Chautauqua,NY,36013,36013,25157
Chemung,NY,36015,36015,15614
Chenango,NY,36017,36017,9677
Clinton,NY,36019,36019,13218
Columbia,NY,36021,36021,13936
Cortland,NY,36023,36023,7668
Delaware,NY,36025,36025,10788
Dutchess,NY,36027,36027,50176
Erie,NY,36029,36029,161744
Essex,NY,36031,36031,8525
Franklin,NY,36033,36033,8365
Fulton,NY,36035,36035,10211
Genesee,NY,36037,36037,10593
Greene,NY,36039,36039,10262
Hamilton,NY,36041,36041,1366
Herkimer,NY,36043,36043,12483
Jefferson,NY,36045,36045,14923
Kings,NY,36047,36047,352294
Lewis,NY,36049,36049,4755
Livingston,NY,36051,36051,10929
Madison,NY,36053,36053,12550
Monroe,NY,36055,36055,125344
Montgomery,NY,36057,36057,9020
Nassau,NY,36059,36059,236983
New York,NY,36061,36061,264356
Niagara,NY,36063,36063,39217
Oneida,NY,36065,36065,42275
Onondaga,NY,36067,36067,76833
Ontario,NY,36069,36069,21207
Orange,NY,36071,36071,51951
Orleans,NY,36073,36073,7098
Oswego,NY,36075,36075,18668
Otsego,NY,36077,36077,12333
Putnam,NY,36079,36079,16504
Queens,NY,36081,36081,350514
Rensselaer,NY,36083,36083,26307
Richmond,NY,36085,36085,75442
Rockland,NY,36087,36087,50411
St. Lawrence,NY,36089,36089,18398
Saratoga,NY,36091,36091,40191
Schenectady,NY,36093,36093,26055
Schoharie,NY,36095,36095,6553
Schuyler,NY,36097,36097,3727
Seneca,NY,36099,36099,6413
Steuben,NY,36101,36101,18251
Suffolk,NY,36103,36103,244871
Sullivan,NY,36105,36105,13928
Tioga,NY,36107,36107,9604
Tompkins,NY,36109,36109,14295
Ulster,NY,36111,36111,34254
Warren,NY,36113,36113,13887
Washington,NY,36115,36115,11620
Wayne,NY,36117,36117,16631
Westchester,NY,36119,36119,162211
Wyoming,NY,36121,36121,6996
Yates,NY,36123,36123,5030
Alamance,NC,37001,37001,27165
Alexander,NC,37003,37003,7248
Alleghany,NC,37005,37005,2917
Anson,NC,37007,37007,4461
Ashe,NC,37009,37009,6634
Avery,NC,37011,37011,3803
Beaufort,NC,37013,37013,11013
Bertie,NC,37015,37015,4244
Bladen,NC,37017,37017,7028
Brunswick,NC,37019,37019,40223
Buncombe,NC,37021,37021,49925
Burke,NC,37023,37023,17703
Cabarrus,NC,37025,37025,26889
Caldwell,NC,37027,37027,15832
Camden,NC,37029,37029,1847
Carteret,NC,37031,37031,16743
Caswell,NC,37033,37033,4695
Catawba,NC,37035,37035,27535
Chatham,NC,37037,37037,17129
Cherokee,NC,37039,37039,8097
Chowan,NC,37041,37041,3415
Clay,NC,37043,37043,3298
Cleveland,NC,37045,37045,17692
Columbus,NC,37047,37047,10936
Craven,NC,37049,37049,19177
Cumberland,NC,37051,37051,38522
Currituck,NC,37053,37053,4177
Dare,NC,37055,37055,7499
Davidson,NC,37057,37057,29483
Davie,NC,37059,37059,8555
Duplin,NC,37061,37061,10580
Durham,NC,37063,37063,39266
Edgecombe,NC,37065,37065,9985
Forsyth,NC,37067,37067,58469
Franklin,NC,37069,37069,10908
Gaston,NC,37071,37071,34717
Gates,NC,37073,37073,2283
Graham,NC,37075,37075,1971
Granville,NC,37077,37077,9858
Greene,NC,37079,37079,3316
Guilford,NC,37081,37081,78210
Halifax,NC,37083,37083,10301
Harnett,NC,37085,37085,16089
Haywood,NC,37087,37087,14865
Henderson,NC,37089,37089,29232
Hertford,NC,37091,37091,4653
Hoke,NC,37093,37093,5193
Hyde,NC,37095,37095,1012
Iredell,NC,37097,37097,27300
Jackson,NC,37099,37099,8270
Johnston,NC,37101,37101,25598
Jones,NC,37103,37103,2191
Lee,NC,37105,37105,9745
Lenoir,NC,37107,37107,11084
Lincoln,NC,37109,37109,14101
McDowell,NC,37111,37111,8991
Macon,NC,37113,37113,9869
Madison,NC,37115,37115,4683
Martin,NC,37117,37117,5097
Mecklenburg,NC,37119,37119,117292
Mitchell,NC,37121,37121,3658
Montgomery,NC,37123,37123,5376
Moore,NC,37125,37125,23178
Nash,NC,37127,37127,16727
New Hanover,NC,37129,37129,39260
Northampton,NC,37131,37131,5000
Onslow,NC,37133,37133,17455
Orange,NC,37135,37135,19403
Pamlico,NC,37137,37137,3700
Pasquotank,NC,37139,37139,6518
Pender,NC,37141,37141,10712
Perquimans,NC,37143,37143,3637
Person,NC,37145,37145,7457
Pitt,NC,37147,37147,22859
Polk,NC,37149,37149,6203
Randolph,NC,37151,37151,24842
Richmond,NC,37153,37153,7847
Robeson,NC,37155,37155,19512
Rockingham,NC,37157,37157,18113
Rowan,NC,37159,37159,24122
Rutherford,NC,37161,37161,14083
Sampson,NC,37163,37163,11045
Scotland,NC,37165,37165,6109
Stanly,NC,37167,37167,11535
Stokes,NC,37169,37169,9299
Surry,NC,37171,37171,14476
Swain,NC,37173,37173,2704
Transylvania,NC,37175,37175,10112
Tyrrell,NC,37177,37177,819
Union,NC,37179,37179,28502
Vance,NC,37181,37181,7950
Wake,NC,37183,37183,120379
Warren,NC,37185,37185,4888
Washington,NC,37187,37187,2814
Watauga,NC,37189,37189,8507
Wayne,NC,37191,37191,19768
Wilkes,NC,37193,37193,14368
Wilson,NC,37195,37195,14229
Yadkin,NC,37197,37197,7343
Yancey,NC,37199,37199,4490
Adams,ND,38001,38001,563
Barnes,ND,38003,38003,2342
Benson,ND,38005,38005,914
Billings,ND,38007,38007,197
Bottineau,ND,38009,38009,1490
Bowman,ND,38011,38011,647
Burke,ND,38013,38013,369
Burleigh,ND,38015,38015,14807
Cass,ND,38017,38017,20551
Cavalier,ND,38019,38019,1030
Dickey,ND,38021,38021,1008
Divide,ND,38023,38023,620
Dunn,ND,38025,38025,732
Eddy,ND,38027,38027,573
Emmons,ND,38029,38029,975
Foster,ND,38031,38031,734
Golden Valley,ND,38033,38033,382
Grand Forks,ND,38035,38035,8630
Grant,ND,38037,38037,684
Griggs,ND,38039,38039,715
Hettinger,ND,38041,38041,619
Kidder,ND,38043,38043,525
LaMoure,ND,38045,38045,1057
Logan,ND,38047,38047,524
McHenry,ND,38049,38049,1186
McIntosh,ND,38051,38051,811
McKenzie,ND,38053,38053,1157
McLean,ND,38055,38055,2194
Mercer,ND,38057,38057,1550
Morton,ND,38059,38059,4935
Mountrail,ND,38061,38061,1167
Nelson,ND,38063,38063,790
Oliver,ND,38065,38065,432
Pembina,ND,38067,38067,1563
Pierce,ND,38069,38069,982
Ramsey,ND,38071,38071,2222
Ransom,ND,38073,38073,1137
Renville,ND,38075,38075,425
Richland,ND,38077,38077,2805
Rolette,ND,38079,38079,1638
Sargent,ND,38081,38081,858
Sheridan,ND,38083,38083,418
Sioux,ND,38085,38085,343
Slope,ND,38087,38087,197
Stark,ND,38089,38089,4039
Steele,ND,38091,38091,406
Stutsman,ND,38093,38093,3962
Towner,ND,38095,38095,502
Traill,ND,38097,38097,1550
Walsh,ND,38099,38099,2248
Ward,ND,38101,38101,8416
Wells,ND,38103,38103,1057
Williams,ND,38105,38105,3205
Adams,OH,39001,39001,4856
Allen,OH,39003,39003,17747
Ashland,OH,39005,39005,9819
Ashtabula,OH,39007,39007,18132
Athens,OH,39009,39009,8281
Auglaize,OH,39011,39011,8186
Belmont,OH,39013,39013,13830
Brown,OH,39015,39015,7900
Butler,OH,39017,39017,54607
Carroll,OH,39019,39019,5686
Champaign,OH,39021,39021,7031
Clark,OH,39023,39023,25635
Clermont,OH,39025,39025,32161
Clinton,OH,39027,39027,6951
Columbiana,OH,39029,39029,20467
Coshocton,OH,39031,39031,6948
Crawford,OH,39033,39033,8536
Cuyahoga,OH,39035,39035,221367
Darke,OH,39037,39037,9861
Defiance,OH,39039,39039,6945
Delaware,OH,39041,39041,26487
Erie,OH,39043,39043,15930
Fairfield,OH,39045,39045,23759
Fayette,OH,39047,39047,4959
Franklin,OH,39049,39049,151411
Fulton,OH,39051,39051,7297
Gallia,OH,39053,39053,5566
Geauga,OH,39055,39055,18581
Greene,OH,39057,39057,27917
Guernsey,OH,39059,39059,7453
Hamilton,OH,39061,39061,122451
Hancock,OH,39063,39063,12623
Hardin,OH,39065,39065,4898
Harrison,OH,39067,39067,3186
Henry,OH,39069,39069,4900
Highland,OH,39071,39071,7723
Hocking,OH,39073,39073,5261
Holmes,OH,39075,39075,5859
Huron,OH,39077,39077,9746
Jackson,OH,39079,39079,5444
Jefferson,OH,39081,39081,13950
Knox,OH,39083,39083,10906
Lake,OH,39085,39085,44784
Lawrence,OH,39087,39087,11076
Licking,OH,39089,39089,27997
Logan,OH,39091,39091,7953
Lorain,OH,39093,39093,54669
Lucas,OH,39095,39095,68235
Madison,OH,39097,39097,6714
Mahoning,OH,39099,39099,46942
Marion,OH,39101,39101,11266
Medina,OH,39103,39103,30807
Meigs,OH,39105,39105,4449
Mercer,OH,39107,39107,7074
Miami,OH,39109,39109,19352
Monroe,OH,39111,39111,3243
Montgomery,OH,39113,39113,93724
Morgan,OH,39115,39115,3037
Morrow,OH,39117,39117,5809
Muskingum,OH,39119,39119,15037
Noble,OH,39121,39121,3845
Ottawa,OH,39123,39123,9926
Paulding,OH,39125,39125,3414
Perry,OH,39127,39127,5846
Pickaway,OH,39129,39129,8951
Pike,OH,39131,39131,4915
Portage,OH,39133,39133,25831
Preble,OH,39135,39135,7693
Putnam,OH,39137,39137,5722
Richland,OH,39139,39139,23231
Ross,OH,39141,39141,12389
Sandusky,OH,39143,39143,10897
Scioto,OH,39145,39145,13526
Seneca,OH,39147,39147,9675
Shelby,OH,39149,39149,7799
Stark,OH,39151,39151,70739
Summit,OH,39153,39153,94602
Trumbull,OH,39155,39155,42123
Tuscarawas,OH,39157,39157,17754
Union,OH,39159,39159,6799
Van Wert,OH,39161,39161,5230
Vinton,OH,39163,39163,2226
Warren,OH,39165,39165,32035
Washington,OH,39167,39167,12376
Wayne,OH,39169,39169,20111
Williams,OH,39171,39171,6799
Wood,OH,39173,39173,19289
Wyandot,OH,39175,39175,4130
Adair,OK,40001,40001,3388
Alfalfa,OK,40003,40003,1121
Atoka,OK,40005,40005,2588
Beaver,OK,40007,40007,1006
Beckham,OK,40009,40009,3010
Blaine,OK,40011,40011,1730
Bryan,OK,40013,40013,8204
Caddo,OK,40015,40015,4768
Canadian,OK,40017,40017,18125
Carter,OK,40019,40019,7929
Cherokee,OK,40021,40021,7938
Choctaw,OK,40023,40023,3005
Cimarron,OK,40025,40025,529
Cleveland,OK,40027,40027,36272
Coal,OK,40029,40029,1149
Comanche,OK,40031,40031,14910
Cotton,OK,40033,40033,1138
Craig,OK,40035,40035,2819
Creek,OK,40037,40037,12430
Custer,OK,40039,40039,3913
Delaware,OK,40041,40041,10348
Dewey,OK,40043,40043,916
Ellis,OK,40045,40045,904
Garfield,OK,40047,40047,9861
Garvin,OK,40049,40049,4931
Grady,OK,40051,40051,8746
Grant,OK,40053,40053,928
Greer,OK,40055,40055,1025
Harmon,OK,40057,40057,508
Harper,OK,40059,40059,704
Haskell,OK,40061,40061,2515
Hughes,OK,40063,40063,2515
Jackson,OK,40065,40065,3717
Jefferson,OK,40067,40067,1235
Johnston,OK,40069,40069,2115
Kay,OK,40071,40071,8370
Kingfisher,OK,40073,40073,2445
Kiowa,OK,40075,40075,1729
Latimer,OK,40077,40077,2187
Le Flore,OK,40079,40079,8772
Lincoln,OK,40081,40081,6255
Logan,OK,40083,40083,7032
Love,OK,40085,40085,1946
McClain,OK,40087,40087,5969
McCurtain,OK,40089,40089,5842
McIntosh,OK,40091,40091,4965
Major,OK,40093,40093,1517
Marshall,OK,40095,40095,3673
Mayes,OK,40097,40097,7464
Murray,OK,40099,40099,2674
Muskogee,OK,40101,40101,11297
Noble,OK,40103,40103,2135
Nowata,OK,40105,40105,1978
Okfuskee,OK,40107,40107,2115
Oklahoma,OK,40109,40109,105127
Okmulgee,OK,40111,40111,7051
Osage,OK,40113,40113,9104
Ottawa,OK,40115,40115,5662
Pawnee,OK,40117,40117,3093
Payne,OK,40119,40119,10062
Pittsburg,OK,40121,40121,8607
Pontotoc,OK,40123,40123,6272
Pottawatomie,OK,40125,40125,11548
Pushmataha,OK,40127,40127,2513
Roger Mills,OK,40129,40129,740
Rogers,OK,40131,40131,14557
Seminole,OK,40133,40133,4393
Sequoyah,OK,40135,40135,7535
Stephens,OK,40137,40137,8366
Texas,OK,40139,40139,2280
Tillman,OK,40141,40141,1454
Tulsa,OK,40143,40143,90495
Wagoner,OK,40145,40145,12652
Washington,OK,40147,40147,9989
Washita,OK,40149,40149,1974
Woods,OK,40151,40151,1507
Woodward,OK,40153,40153,3108
Baker,OR,41001,41001,4151
Benton,OR,41003,41003,14145
Clackamas,OR,41005,41005,72125
Clatsop,OR,41007,41007,8387
Columbia,OR,41009,41009,9394
Coos,OR,41011,41011,16223
Crook,OR,41013,41013,5713
Curry,OR,41015,41015,7623
Deschutes,OR,41017,41017,36450
Douglas,OR,41019,41019,27550
Gilliam,OR,41021,41021,475
Grant,OR,41023,41023,2099
Harney,OR,41025,41025,1736
Hood River,OR,41027,41027,3609
Jackson,OR,41029,41029,46655
Jefferson,OR,41031,41031,4546
Josephine,OR,41033,41033,22145
Klamath,OR,41035,41035,13849
Lake,OR,41037,41037,1929
Lane,OR,41039,41039,70183
Lincoln,OR,41041,41041,13534
Linn,OR,41043,41043,22895
Malheur,OR,41045,41045,5001
Marion,OR,41047,41047,52093
Morrow,OR,41049,41049,1764
Multnomah,OR,41051,41051,104899
Polk,OR,41053,41053,14569
Sherman,OR,41055,41055,428
Tillamook,OR,41057,41057,6560
Umatilla,OR,41059,41059,11820
Union,OR,41061,41061,5283
Wallowa,OR,41063,41063,1978
Wasco,OR,41065,41065,5273
Washington,OR,41067,41067,76361
Wheeler,OR,41069,41069,506
Yamhill,OR,41071,41071,17604
Adams,PA,42001,42001,20304
Allegheny,PA,42003,42003,226124
Armstrong,PA,42005,42005,14236
Beaver,PA,42007,42007,34713
Bedford,PA,42009,42009,10751
Berks,PA,42011,42011,70728
Blair,PA,42013,42013,24996
Bradford,PA,42015,42015,12671
Bucks,PA,42017,42017,113718
Butler,PA,42019,42019,34025
Cambria,PA,42021,42021,29240
Cameron,PA,42023,42023,1235
Carbon,PA,42025,42025,13196
Centre,PA,42027,42027,22306
Chester,PA,42029,42029,82614
Clarion,PA,42031,42031,7413
Clearfield,PA,42033,42033,16097
Clinton,PA,42035,42035,7121
Columbia,PA,42037,42037,12443
Crawford,PA,42039,42039,17140
Cumberland,PA,42041,42041,45230
Dauphin,PA,42043,42043,45549
Delaware,PA,42045,42045,90402
Elk,PA,42047,42047,6517
Erie,PA,42049,42049,47517
Fayette,PA,42051,42051,27082
Forest,PA,42053,42053,1603
Franklin,PA,42055,42055,29673
Fulton,PA,42057,42057,3040
Greene,PA,42059,42059,6823
Huntingdon,PA,42061,42061,9299
Indiana,PA,42063,42063,15959
Jefferson,PA,42065,42065,9013
Juniata,PA,42067,42067,4896
Lackawanna,PA,42069,42069,41322
Lancaster,PA,42071,42071,94915
Lawrence,PA,42073,42073,18660
Lebanon,PA,42075,42075,26742
Lehigh,PA,42077,42077,60102
Luzerne,PA,42079,42079,62285
Lycoming,PA,42081,42081,21753
McKean,PA,42083,42083,7883
Mercer,PA,42085,42085,23624
Mifflin,PA,42087,42087,9787
Monroe,PA,42089,42089,28274
Montgomery,PA,42091,42091,143138
Montour,PA,42093,42093,3768
Northampton,PA,42095,42095,56396
Northumberland,PA,42097,42097,19142
Perry,PA,42099,42099,8293
Philadelphia,PA,42101,42101,212274
Pike,PA,42103,42103,12152
Potter,PA,42105,42105,3953
Schuylkill,PA,42107,42107,28561
Snyder,PA,42109,42109,7419
Somerset,PA,42111,42111,16178
Sullivan,PA,42113,42113,1696
Susquehanna,PA,42115,42115,9383
Tioga,PA,42117,42117,8786
Union,PA,42119,42119,7996
Venango,PA,42121,42121,11213
Warren,PA,42123,42123,8882
Washington,PA,42125,42125,41708
Wayne,PA,42127,42127,12078
Westmoreland,PA,42129,42129,78061
Wyoming,PA,42131,42131,5598
York,PA,42133,42133,76024
Bristol,RI,44001,44001,9455
Kent,RI,44003,44003,30180
Newport,RI,44005,44005,17943
Providence,RI,44007,44007,95189
Washington,RI,44009,44009,25122
Abbeville,SC,45001,45001,5202
Aiken,SC,45003,45003,31540
Allendale,SC,45005,45005,1777
Anderson,SC,45007,45007,35149
Bamberg,SC,45009,45009,3026
Barnwell,SC,45011,45011,3786
Beaufort,SC,45013,45013,49217
Berkeley,SC,45015,45015,28877
Calhoun,SC,45017,45017,3230
Charleston,SC,45019,45019,63833
Cherokee,SC,45021,45021,9262
Chester,SC,45023,45023,5874
Chesterfield,SC,45025,45025,8245
Clarendon,SC,45027,45027,7735
Colleton,SC,45029,45029,7432
Darlington,SC,45031,45031,12328
Dillon,SC,45033,45033,4886
Dorchester,SC,45035,45035,21364
Edgefield,SC,45037,45037,4950
Fairfield,SC,45039,45039,4624
Florence,SC,45041,45041,22637
Georgetown,SC,45043,45043,16714
Greenville,SC,45045,45045,77989
Greenwood,SC,45047,45047,12759
Hampton,SC,45049,45049,3512
Horry,SC,45051,45051,76932
Jasper,SC,45053,45053,5212
Kershaw,SC,45055,45055,11704
Lancaster,SC,45057,45057,18855
Laurens,SC,45059,45059,11993
Lee,SC,45061,45061,3140
Lexington,SC,45063,45063,44761
McCormick,SC,45065,45065,3183
Marion,SC,45067,45067,5945
Marlboro,SC,45069,45069,4652
Newberry,SC,45071,45071,7345
Oconee,SC,45073,45073,17658
Orangeburg,SC,45075,45075,16643
Pickens,SC,45077,45077,19998
Richland,SC,45079,45079,50741
Saluda,SC,45081,45081,3899
Spartanburg,SC,45083,45083,48999
Sumter,SC,45085,45085,16948
Union,SC,45087,45087,5394
Williamsburg,SC,45089,45089,6267
York,SC,45091,45091,37341
Aurora,SD,46003,46003,523
Beadle,SD,46005,46005,3124
Bennett,SD,46007,46007,398
Bon Homme,SD,46009,46009,1423
Brookings,SD,46011,46011,4051
Brown,SD,46013,46013,6646
Brule,SD,46015,46015,930
Buffalo,SD,46017,46017,146
Butte,SD,46019,46019,2035
Campbell,SD,46021,46021,372
Charles Mix,SD,46023,46023,1705
Clark,SD,46025,46025,779
Clay,SD,46027,46027,1654
Codington,SD,46029,46029,4748
Corson,SD,46031,46031,453
Custer,SD,46033,46033,2527
Davison,SD,46035,46035,3578
Day,SD,46037,46037,1405
Deuel,SD,46039,46039,919
Dewey,SD,46041,46041,560
Douglas,SD,46043,46043,688
Edmunds,SD,46045,46045,756
Fall River,SD,46047,46047,1862
Faulk,SD,46049,46049,617
Grant,SD,46051,46051,1467
Gregory,SD,46053,46053,1024
Haakon,SD,46055,46055,423
Hamlin,SD,46057,46057,950
Hand,SD,46059,46059,791
Hanson,SD,46061,46061,507
Harding,SD,46063,46063,229
Hughes,SD,46065,46065,2960
Hutchinson,SD,46067,46067,1689
Hyde,SD,46069,46069,345
Jackson,SD,46071,46071,470
Jerauld,SD,46073,46073,598
Jones,SD,46075,46075,183
Kingsbury,SD,46077,46077,1122
Lake,SD,46079,46079,2673
Lawrence,SD,46081,46081,5370
Lincoln,SD,46083,46083,6927
Lyman,SD,46085,46085,599
McCook,SD,46087,46087,1040
McPherson,SD,46089,46089,677
Marshall,SD,46091,46091,1015
Meade,SD,46093,46093,4184
Mellette,SD,46095,46095,310
Miner,SD,46097,46097,438
Minnehaha,SD,46099,46099,24024
Moody,SD,46101,46101,1236
Pennington,SD,46103,46103,19205
Perkins,SD,46105,46105,695
Potter,SD,46107,46107,644
Roberts,SD,46109,46109,1996
Sanborn,SD,46111,46111,473
Shannon,SD,46113,46113,975
Spink,SD,46115,46115,1326
Stanley,SD,46117,46117,652
Sully,SD,46119,46119,320
Todd,SD,46121,46121,757
Tripp,SD,46123,46123,1214
Turner,SD,46125,46125,1706
Union,SD,46127,46127,2674
Walworth,SD,46129,46129,1307
Yankton,SD,46135,46135,4178
Ziebach,SD,46137,46137,262
Anderson,TN,47001,47001,14987
Bedford,TN,47003,47003,7259
Benton,TN,47005,47005,3849
Bledsoe,TN,47007,47007,2656
Blount,TN,47009,47009,25971
Bradley,TN,47011,47011,17786
Campbell,TN,47013,47013,8130
Cannon,TN,47015,47015,2602
Carroll,TN,47017,47017,5555
Carter,TN,47019,47019,11952
Cheatham,TN,47021,47021,5865
Chester,TN,47023,47023,2906
Claiborne,TN,47025,47025,6152
Clay,TN,47027,47027,1817
Cocke,TN,47029,47029,7413
Coffee,TN,47031,47031,9478
Crockett,TN,47033,47033,2682
Cumberland,TN,47035,47035,17899
Davidson,TN,47037,47037,82207
Decatur,TN,47039,47039,2739
DeKalb,TN,47041,47041,3594
Dickson,TN,47043,47043,8178
Dyer,TN,47045,47045,6431
Fayette,TN,47047,47047,8331
Fentress,TN,47049,47049,3832
Franklin,TN,47051,47051,8115
Gibson,TN,47053,47053,8710
Giles,TN,47055,47055,5810
Grainger,TN,47057,47057,4655
Greene,TN,47059,47059,14567
Grundy,TN,47061,47061,2740
Hamblen,TN,47063,47063,11467
Hamilton,TN,47065,47065,62141
Hancock,TN,47067,47067,1352
Hardeman,TN,47069,47069,4552
Hardin,TN,47071,47071,5771
Hawkins,TN,47073,47073,11635
Haywood,TN,47075,47075,3152
Henderson,TN,47077,47077,5019
Henry,TN,47079,47079,7349
Hickman,TN,47081,47081,4175
Houston,TN,47083,47083,1708
Humphreys,TN,47085,47085,3556
Jackson,TN,47087,47087,2565
Jefferson,TN,47089,47089,10538
Johnson,TN,47091,47091,3972
Knox,TN,47093,47093,71194
Lake,TN,47095,47095,1144
Lauderdale,TN,47097,47097,3971
Lawrence,TN,47099,47099,7652
Lewis,TN,47101,47101,2471
Lincoln,TN,47103,47103,6402
Loudon,TN,47105,47105,13522
McMinn,TN,47107,47107,10276
McNairy,TN,47109,47109,5330
Macon,TN,47111,47111,3732
Madison,TN,47113,47113,16005
Marion,TN,47115,47115,5579
Marshall,TN,47117,47117,5183
Maury,TN,47119,47119,14285
Meigs,TN,47121,47121,2630
Monroe,TN,47123,47123,9520
Montgomery,TN,47125,47125,18263
Moore,TN,47127,47127,1307
Morgan,TN,47129,47129,3757
Obion,TN,47131,47131,6024
Overton,TN,47133,47133,4433
Perry,TN,47135,47135,1632
Pickett,TN,47137,47137,1365
Polk,TN,47139,47139,3449
Putnam,TN,47141,47141,12831
Rhea,TN,47143,47143,5883
Roane,TN,47145,47145,11793
Robertson,TN,47147,47147,10189
Rutherford,TN,47149,47149,32205
Scott,TN,47151,47151,3633
Sequatchie,TN,47153,47153,2961
Sevier,TN,47155,47155,18688
Shelby,TN,47157,47157,122695
Smith,TN,47159,47159,3230
Stewart,TN,47161,47161,2632
Sullivan,TN,47163,47163,33753
Sumner,TN,47165,47165,28541
Tipton,TN,47167,47167,8651
Trousdale,TN,47169,47169,1425
Unicoi,TN,47171,47171,4128
Union,TN,47173,47173,3536
Van Buren,TN,47175,47175,1296
Warren,TN,47177,47177,6991
Washington,TN,47179,47179,22820
Wayne,TN,47181,47181,3120
Weakley,TN,47183,47183,6037
White,TN,47185,47185,5374
Williamson,TN,47187,47187,28691
Wilson,TN,47189,47189,21075
Anderson,TX,48001,48001,8278
Andrews,TX,48003,48003,1810
Angelina,TX,48005,48005,13847
Aransas,TX,48007,48007,6711
Archer,TX,48009,48009,1702
Armstrong,TX,48011,48011,425
Atascosa,TX,48013,48013,7099
Austin,TX,48015,48015,5577
Bailey,TX,48017,48017,985
Bandera,TX,48019,48019,5873
Bastrop,TX,48021,48021,12303
Baylor,TX,48023,48023,867
Bee,TX,48025,48025,3905
Bell,TX,48027,48027,36793
Bexar,TX,48029,48029,231377
Blanco,TX,48031,48031,2874
Borden,TX,48033,48033,167
Bosque,TX,48035,48035,4504
Bowie,TX,48037,48037,15268
Brazoria,TX,48039,48039,41745
Brazos,TX,48041,48041,19786
Brewster,TX,48043,48043,2072
Briscoe,TX,48045,48045,372
Brooks,TX,48047,48047,1041
Brown,TX,48049,48049,7388
Burleson,TX,48051,48051,3689
Burnet,TX,48053,48053,10203
Caldwell,TX,48055,48055,5771
Calhoun,TX,48057,48057,3769
Callahan,TX,48059,48059,2848
Cameron,TX,48061,48061,55465
Camp,TX,48063,48063,2378
Carson,TX,48065,48065,1098
Cass,TX,48067,48067,6586
Castro,TX,48069,48069,1164
Chambers,TX,48071,48071,4494
Cherokee,TX,48073,48073,8886
Childress,TX,48075,48075,1004
Clay,TX,48077,48077,2373
Cochran,TX,48079,48079,455
Coke,TX,48081,48081,941
Coleman,TX,48083,48083,2059
Collin,TX,48085,48085,104035
Collingsworth,TX,48087,48087,504
Colorado,TX,48089,48089,4594
Comal,TX,48091,48091,25397
Comanche,TX,48093,48093,3247
Concho,TX,48095,48095,652
Cooke,TX,48097,48097,7269
Coryell,TX,48099,48099,7404
Cottle,TX,48101,48101,341
Crane,TX,48103,48103,654
Crockett,TX,48105,48105,521
Crosby,TX,48107,48107,1060
Culberson,TX,48109,48109,327
Dallam,TX,48111,48111,784
Dallas,TX,48113,48113,272730
Dawson,TX,48115,48115,1878
Deaf Smith,TX,48117,48117,2336
Delta,TX,48119,48119,1056
Denton,TX,48121,48121,82137
DeWitt,TX,48123,48123,3943
Dickens,TX,48125,48125,524
Dimmit,TX,48127,48127,1763
Donley,TX,48129,48129,776
Duval,TX,48131,48131,1978
Eastland,TX,48133,48133,4091
Ector,TX,48135,48135,15237
Edwards,TX,48137,48137,586
Ellis,TX,48139,48139,21930
El Paso,TX,48141,48141,99552
Erath,TX,48143,48143,5875
Falls,TX,48145,48145,3095
Fannin,TX,48147,48147,6398
Fayette,TX,48149,48149,6187
Fisher,TX,48151,48151,880
Floyd,TX,48153,48153,1081
Foard,TX,48155,48155,345
Fort Bend,TX,48157,48157,81346
Franklin,TX,48159,48159,2324
Freestone,TX,48161,48161,3866
Frio,TX,48163,48163,2468
Gaines,TX,48165,48165,1820
Galveston,TX,48167,48167,46434
Garza,TX,48169,48169,834
Gillespie,TX,48171,48171,7758
Glasscock,TX,48173,48173,149
Goliad,TX,48175,48175,1664
Gonzales,TX,48177,48177,3393
Gray,TX,48179,48179,3546
Grayson,TX,48181,48181,22943
Gregg,TX,48183,48183,18617
Grimes,TX,48185,48185,4741
Guadalupe,TX,48187,48187,21670
Hale,TX,48189,48189,4482
Hall,TX,48191,48191,681
Hamilton,TX,48193,48193,2042
Hansford,TX,48195,48195,851
Hardeman,TX,48197,48197,845
Hardin,TX,48199,48199,9352
Harris,TX,48201,48201,472148
Harrison,TX,48203,48203,10965
Hartley,TX,48205,48205,852
Haskell,TX,48207,48207,1262
Hays,TX,48209,48209,22818
Hemphill,TX,48211,48211,527
Henderson,TX,48213,48213,17818
Hidalgo,TX,48215,48215,92728
Hill,TX,48217,48217,7332
Hockley,TX,48219,48219,3288
Hood,TX,48221,48221,14397
Hopkins,TX,48223,48223,6666
Houston,TX,48225,48225,4893
Howard,TX,48227,48227,4680
Hudspeth,TX,48229,48229,675
Hunt,TX,48231,48231,14886
Hutchinson,TX,48233,48233,3470
Irion,TX,48235,48235,273
Jack,TX,48237,48237,1510
Jackson,TX,48239,48239,2577
Jasper,TX,48241,48241,6875
Jeff Davis,TX,48243,48243,763
Jefferson,TX,48245,48245,36138
Jim Hogg,TX,48247,48247,744
Jim Wells,TX,48249,48249,6113
Johnson,TX,48251,48251,23146
Jones,TX,48253,48253,3036
Karnes,TX,48255,48255,2180
Kaufman,TX,48257,48257,14585
Kendall,TX,48259,48259,8269
Kenedy,TX,48261,48261,144
Kent,TX,48263,48263,182
Kerr,TX,48265,48265,14024
Kimble,TX,48267,48267,1267
King,TX,48269,48269,25
Kinney,TX,48271,48271,904
Kleberg,TX,48273,48273,4030
Knox,TX,48275,48275,679
Lamar,TX,48277,48277,9383
Lamb,TX,48279,48279,2169
Lampasas,TX,48281,48281,3914
La Salle,TX,48283,48283,1263
Lavaca,TX,48285,48285,4662
Lee,TX,48287,48287,3214
Leon,TX,48289,48289,4175
Liberty,TX,48291,48291,10873
Limestone,TX,48293,48293,4389
Lipscomb,TX,48295,48295,581
Live Oak,TX,48297,48297,2462
Llano,TX,48299,48299,7656
Loving,TX,48301,48301,25
Lubbock,TX,48303,48303,37113
Lynn,TX,48305,48305,987
McCulloch,TX,48307,48307,1759
McLennan,TX,48309,48309,35502
McMullen,TX,48311,48311,142
Madison,TX,48313,48313,2155
Marion,TX,48315,48315,2592
Martin,TX,48317,48317,683
Mason,TX,48319,48319,1021
Matagorda,TX,48321,48321,6008
Maverick,TX,48323,48323,6704
Medina,TX,48325,48325,8271
Menard,TX,48327,48327,666
Midland,TX,48329,48329,17255
Milam,TX,48331,48331,5038
Mills,TX,48333,48333,1504
Mitchell,TX,48335,48335,1316
Montague,TX,48337,48337,4360
Montgomery,TX,48339,48339,73352
Moore,TX,48341,48341,2283
Morris,TX,48343,48343,2657
Motley,TX,48345,48345,393
Nacogdoches,TX,48347,48347,9286
Navarro,TX,48349,48349,8229
Newton,TX,48351,48351,2800
Nolan,TX,48353,48353,2630
Nueces,TX,48355,48355,50883
Ochiltree,TX,48357,48357,1064
Oldham,TX,48359,48359,309
Orange,TX,48361,48361,13110
Palo Pinto,TX,48363,48363,5548
Panola,TX,48365,48365,4356
Parker,TX,48367,48367,20511
Parmer,TX,48369,48369,1312
Pecos,TX,48371,48371,2012
Polk,TX,48373,48373,9040
Potter,TX,48375,48375,14583
Presidio,TX,48377,48377,1683
Rains,TX,48379,48379,2893
Randall,TX,48381,48381,19659
Reagan,TX,48383,48383,308
Real,TX,48385,48385,975
Red River,TX,48387,48387,2975
Reeves,TX,48389,48389,1961
Refugio,TX,48391,48391,1546
Roberts,TX,48393,48393,206
Robertson,TX,48395,48395,3229
Rockwall,TX,48397,48397,11754
Runnels,TX,48399,48399,2121
Rusk,TX,48401,48401,8830
Sabine,TX,48403,48403,3192
San Augustine,TX,48405,48405,2184
San Jacinto,TX,48407,48407,6227
San Patricio,TX,48409,48409,9790
San Saba,TX,48411,48411,1382
Schleicher,TX,48413,48413,560
Scurry,TX,48415,48415,2578
Shackelford,TX,48417,48417,632
Shelby,TX,48419,48419,4405
Sherman,TX,48421,48421,408
Smith,TX,48423,48423,36844
Somervell,TX,48425,48425,1624
Starr,TX,48427,48427,7196
Stephens,TX,48429,48429,1825
Sterling,TX,48431,48431,156
Stonewall,TX,48433,48433,300
Sutton,TX,48435,48435,691
Swisher,TX,48437,48437,1365
Tarrant,TX,48439,48439,225738
Taylor,TX,48441,48441,19482
Terrell,TX,48443,48443,293
Terry,TX,48445,48445,1889
Throckmorton,TX,48447,48447,402
Titus,TX,48449,48449,4561
Tom Green,TX,48451,48451,17837
Travis,TX,48453,48453,116483
Trinity,TX,48455,48455,3833
Tyler,TX,48457,48457,4643
Upshur,TX,48459,48459,7350
Upton,TX,48461,48461,611
Uvalde,TX,48463,48463,4494
Val Verde,TX,48465,48465,6928
Van Zandt,TX,48467,48467,11048
Victoria,TX,48469,48469,14567
Walker,TX,48471,48471,9187
Waller,TX,48473,48473,6013
Ward,TX,48475,48475,1606
Washington,TX,48477,48477,7376
Webb,TX,48479,48479,25141
Wharton,TX,48481,48481,6919
Wheeler,TX,48483,48483,1024
Wichita,TX,48485,48485,19043
Wilbarger,TX,48487,48487,2368
Willacy,TX,48489,48489,2954
Williamson,TX,48491,48491,64740
Wilson,TX,48493,48493,7557
Winkler,TX,48495,48495,906
Wise,TX,48497,48497,9851
Wood,TX,48499,48499,11858
Yoakum,TX,48501,48501,991
Young,TX,48503,48503,3681
Zapata,TX,48505,48505,1975
Zavala,TX,48507,48507,1665
Beaver,UT,49001,49001,923
Box Elder,UT,49003,49003,6843
Cache,UT,49005,49005,11339
Carbon,UT,49007,49007,3409
Daggett,UT,49009,49009,77
Davis,UT,49011,49011,33756
Duchesne,UT,49013,49013,2294
Emery,UT,49015,49015,1661
Garfield,UT,49017,49017,1088
Grand,UT,49019,49019,1704
Iron,UT,49021,49021,6425
Juab,UT,49023,49023,1321
Kane,UT,49025,49025,1686
Millard,UT,49027,49027,2148
Morgan,UT,49029,49029,1330
Piute,UT,49031,49031,459
Rich,UT,49033,49033,505
Salt Lake,UT,49035,49035,119685
San Juan,UT,49037,49037,2100
Sanpete,UT,49039,49039,4079
Sevier,UT,49041,49041,3402
Summit,UT,49043,49043,4854
Tooele,UT,49045,49045,5976
Uintah,UT,49047,49047,3672
Utah,UT,49049,49049,45796
Wasatch,UT,49051,49051,3505
Washington,UT,49053,49053,34636
Wayne,UT,49055,49055,552
Weber,UT,49057,49057,28724
Addison,VT,50001,50001,7075
Bennington,VT,50003,50003,8048
Caledonia,VT,50005,50005,6052
Chittenden,VT,50007,50007,23807
Essex,VT,50009,50009,1567
Franklin,VT,50011,50011,7643
Grand Isle,VT,50013,50013,1401
Lamoille,VT,50015,50015,4236
Orange,VT,50017,50017,5926
Orleans,VT,50019,50019,5947
Rutland,VT,50021,50021,12547
Washington,VT,50023,50023,11080
Windham,VT,50025,50025,9378
Windsor,VT,50027,50027,12557
Accomack,VA,51001,51001,7424
Albemarle,VA,51003,51003,19340
Alleghany,VA,51005,51005,3607
Amelia,VA,51007,51007,2483
Amherst,VA,51009,51009,6532
Appomattox,VA,51011,51011,3183
Arlington,VA,51013,51013,24465
Augusta,VA,51015,51015,15368
Bath,VA,51017,51017,965
Bedford,VA,51019,51019,16343
Bland,VA,51021,51021,1438
Botetourt,VA,51023,51023,7302
Brunswick,VA,51025,51025,3452
Buchanan,VA,51027,51027,4669
Buckingham,VA,51029,51029,3284
Campbell,VA,51031,51031,10809
Caroline,VA,51033,51033,4859
Carroll,VA,51035,51035,7091
Charles City,VA,51036,51036,1678
Charlotte,VA,51037,51037,2634
Chesterfield,VA,51041,51041,49544
Clarke,VA,51043,51043,2990
Craig,VA,51045,51045,1088
Culpeper,VA,51047,51047,7862
Cumberland,VA,51049,51049,2151
Dickenson,VA,51051,51051,3160
Dinwiddie,VA,51053,51053,4884
Essex,VA,51057,51057,2443
Fairfax,VA,51059,51059,149923
Fauquier,VA,51061,51061,11284
Floyd,VA,51063,51063,3537
Fluvanna,VA,51065,51065,5162
Franklin,VA,51067,51067,12797
Frederick,VA,51069,51069,14514
Giles,VA,51071,51071,3570
Gloucester,VA,51073,51073,6921
Goochland,VA,51075,51075,4942
Grayson,VA,51077,51077,3780
Greene,VA,51079,51079,3232
Greensville,VA,51081,51081,1710
Halifax,VA,51083,51083,8097
Hanover,VA,51085,51085,18112
Henrico,VA,51087,51087,49085
Henry,VA,51089,51089,12104
Highland,VA,51091,51091,857
Isle of Wight,VA,51093,51093,6814
James City,VA,51095,51095,18396
King and Queen,VA,51097,51097,1628
King George,VA,51099,51099,3355
King William,VA,51101,51101,2617
Lancaster,VA,51103,51103,3879
Lee,VA,51105,51105,4974
Loudoun,VA,51107,51107,35615
Louisa,VA,51109,51109,7054
Lunenburg,VA,51111,51111,2637
Madison,VA,51113,51113,2849
Mathews,VA,51115,51115,2741
Mecklenburg,VA,51117,51117,7722
Middlesex,VA,51119,51119,3317
Montgomery,VA,51121,51121,11973
Nelson,VA,51125,51125,3853
New Kent,VA,51127,51127,3584
Northampton,VA,51131,51131,3093
Northumberland,VA,51133,51133,4473
Nottoway,VA,51135,51135,2925
Orange,VA,51137,51137,7107
Page,VA,51139,51139,4966
Patrick,VA,51141,51141,4642
Pittsylvania,VA,51143,51143,13372
Powhatan,VA,51145,51145,5104
Prince Edward,VA,51147,51147,3683
Prince George,VA,51149,51149,5123
Prince William,VA,51153,51153,44009
Pulaski,VA,51155,51155,7691
Rappahannock,VA,51157,51157,1907
Richmond,VA,51159,51159,1881
Roanoke,VA,51161,51161,19843
Rockbridge,VA,51163,51163,5754
Rockingham,VA,51165,51165,15113
Russell,VA,51167,51167,5610
Scott,VA,51169,51169,5155
Shenandoah,VA,51171,51171,9158
Smyth,VA,51173,51173,6568
Southampton,VA,51175,51175,3473
Spotsylvania,VA,51177,51177,18263
Stafford,VA,51179,51179,14857
Surry,VA,51181,51181,1413
Sussex,VA,51183,51183,1969
Tazewell,VA,51185,51185,8938
Warren,VA,51187,51187,6170
Washington,VA,51191,51191,12004
Westmoreland,VA,51193,51193,4405
Wise,VA,51195,51195,6806
Wythe,VA,51197,51197,5974
York,VA,51199,51199,10664
Alexandria City,VA,51510,51510,17766
Bedford City,VA,51515,51515,N/A
Bristol City,VA,51520,51520,3456
Buena Vista City,VA,51530,51530,1196
Charlottesville City,VA,51540,51540,5326
Chesapeake City,VA,51550,51550,31085
Colonial Heights City,VA,51570,51570,3550
Covington City,VA,51580,51580,1131
Danville City,VA,51590,51590,8342
Emporia City,VA,51595,51595,916
Fairfax City,VA,51600,51600,3498
Falls Church City,VA,51610,51610,1816
Franklin City,VA,51620,51620,1571
Fredericksburg City,VA,51630,51630,3084
Galax City,VA,51640,51640,1458
Hampton City,VA,51650,51650,20215
Harrisonburg City,VA,51660,51660,4778
Hopewell City,VA,51670,51670,3484
Lexington City,VA,51678,51678,1128
Lynchburg City,VA,51680,51680,11368
Manassas City,VA,51683,51683,4003
Manassas Park City,VA,51685,51685,1437
Martinsville City,VA,51690,51690,2397
Newport News City,VA,51700,51700,22744
Norfolk City,VA,51710,51710,26570
Norton City,VA,51720,51720,651
Petersburg City,VA,51730,51730,5241
Poquoson City,VA,51735,51735,2374
Portsmouth City,VA,51740,51740,13774
Radford City,VA,51750,51750,1532
Richmond City,VA,51760,51760,29085
Roanoke City,VA,51770,51770,15988
Salem City,VA,51775,51775,4803
Staunton City,VA,51790,51790,5126
Suffolk City,VA,51800,51800,12764
Virginia Beach City,VA,51810,51810,61804
Waynesboro City,VA,51820,51820,3904
Williamsburg City,VA,51830,51830,2342
Winchester City,VA,51840,51840,4443
Adams,WA,53001,53001,2138
Asotin,WA,53003,53003,5122
Benton,WA,53005,53005,28654
Chelan,WA,53007,53007,14177
Clallam,WA,53009,53009,21715
Clark,WA,53011,53011,71163
Columbia,WA,53013,53013,1128
Cowlitz,WA,53015,53015,20082
Douglas,WA,53017,53017,7229
Ferry,WA,53019,53019,1928
Franklin,WA,53021,53021,8290
Garfield,WA,53023,53023,551
Grant,WA,53025,53025,12882
Grays Harbor,WA,53027,53027,15299
Island,WA,53029,53029,19848
Jefferson,WA,53031,53031,11038
King,WA,53033,53033,284332
Kitsap,WA,53035,53035,46144
Kittitas,WA,53037,53037,7220
Klickitat,WA,53039,53039,5126
Lewis,WA,53041,53041,16186
Lincoln,WA,53043,53043,2701
Mason,WA,53045,53045,14383
Okanogan,WA,53047,53047,8837
Pacific,WA,53049,53049,6565
Pend Oreille,WA,53051,53051,3432
Pierce,WA,53053,53053,118606
San Juan,WA,53055,53055,5527
Skagit,WA,53057,53057,25451
Skamania,WA,53059,53059,2339
Snohomish,WA,53061,53061,104645
Spokane,WA,53063,53063,79841
Stevens,WA,53065,53065,10058
Thurston,WA,53067,53067,46930
Wahkiakum,WA,53069,53069,1410
Walla Walla,WA,53071,53071,10636
Whatcom,WA,53073,53073,37321
Whitman,WA,53075,53075,5001
Yakima,WA,53077,53077,33738
Barbour,WV,54001,54001,3226
Berkeley,WV,54003,54003,16666
Boone,WV,54005,54005,4275
Braxton,WV,54007,54007,3184
Brooke,WV,54009,54009,5124
Cabell,WV,54011,54011,17200
Calhoun,WV,54013,54013,1716
Clay,WV,54015,54015,1748
Doddridge,WV,54017,54017,1762
Fayette,WV,54019,54019,8902
Gilmer,WV,54021,54021,1332
Grant,WV,54023,54023,2778
Greenbrier,WV,54025,54025,7951
Hampshire,WV,54027,54027,5073
Hancock,WV,54029,54029,6632
Hardy,WV,54031,54031,3019
Harrison,WV,54033,54033,12875
Jackson,WV,54035,54035,5764
Jefferson,WV,54037,54037,8781
Kanawha,WV,54039,54039,36609
Lewis,WV,54041,54041,3269
Lincoln,WV,54043,54043,3890
Logan,WV,54045,54045,6430
McDowell,WV,54047,54047,3875
Marion,WV,54049,54049,10770
Marshall,WV,54051,54051,6707
Mason,WV,54053,54053,5469
Mercer,WV,54055,54055,12774
Mineral,WV,54057,54057,5780
Mingo,WV,54059,54059,4408
Monongalia,WV,54061,54061,12827
Monroe,WV,54063,54063,3317
Morgan,WV,54065,54065,4033
Nicholas,WV,54067,54067,5460
Ohio,WV,54069,54069,8923
Pendleton,WV,54071,54071,1852
Pleasants,WV,54073,54073,1393
Pocahontas,WV,54075,54075,2099
Preston,WV,54077,54077,6559
Putnam,WV,54079,54079,10125
Raleigh,WV,54081,54081,15077
Randolph,WV,54083,54083,6113
Ritchie,WV,54085,54085,2253
Roane,WV,54087,54087,2983
Summers,WV,54089,54089,3115
Taylor,WV,54091,54091,3333
Tucker,WV,54093,54093,1764
Tyler,WV,54095,54095,1919
Upshur,WV,54097,54097,4843
Wayne,WV,54099,54099,8211
Webster,WV,54101,54101,1907
Wetzel,WV,54103,54103,3515
Wirt,WV,54105,54105,1137
Wood,WV,54107,54107,16944
Wyoming,WV,54109,54109,4423
Adams,WI,55001,55001,5773
Ashland,WI,55003,55003,2956
Barron,WI,55005,55005,9684
Bayfield,WI,55007,55007,4028
Brown,WI,55009,55009,37538
Buffalo,WI,55011,55011,2840
Burnett,WI,55013,55013,4286
Calumet,WI,55015,55015,7158
Chippewa,WI,55017,55017,11174
Clark,WI,55019,55019,5666
Columbia,WI,55021,55021,9968
Crawford,WI,55023,55023,3674
Dane,WI,55025,55025,70979
Dodge,WI,55027,55027,15105
Door,WI,55029,55029,7961
Douglas,WI,55031,55031,7793
Dunn,WI,55033,55033,6825
Eau Claire,WI,55035,55035,15665
Florence,WI,55037,55037,1105
Fond du Lac,WI,55039,55039,18365
Forest,WI,55041,55041,2054
Grant,WI,55043,55043,8731
Green,WI,55045,55045,6680
Green Lake,WI,55047,55047,4050
Iowa,WI,55049,55049,4254
Iron,WI,55051,55051,1713
Jackson,WI,55053,55053,3792
Jefferson,WI,55055,55055,13910
Juneau,WI,55057,55057,5330
Kenosha,WI,55059,55059,22983
Kewaunee,WI,55061,55061,4038
La Crosse,WI,55063,55063,18678
Lafayette,WI,55065,55065,3039
Langlade,WI,55067,55067,4470
Lincoln,WI,55069,55069,5818
Manitowoc,WI,55071,55071,15721
Marathon,WI,55073,55073,23169
Marinette,WI,55075,55075,9370
Marquette,WI,55077,55077,3693
Menominee,WI,55078,55078,591
Milwaukee,WI,55079,55079,125940
Monroe,WI,55081,55081,7537
Oconto,WI,55083,55083,7573
Oneida,WI,55085,55085,9051
Outagamie,WI,55087,55087,26549
Ozaukee,WI,55089,55089,17044
Pepin,WI,55091,55091,1593
Pierce,WI,55093,55093,5984
Polk,WI,55095,55095,8717
Portage,WI,55097,55097,11351
Price,WI,55099,55099,3365
Racine,WI,55101,55101,31584
Richland,WI,55103,55103,3844
Rock,WI,55105,55105,26139
Rusk,WI,55107,55107,3348
St. Croix,WI,55109,55109,12029
Sauk,WI,55111,55111,11474
Sawyer,WI,55113,55113,4141
Shawano,WI,55115,55115,8474
Sheboygan,WI,55117,55117,20118
Taylor,WI,55119,55119,3828
Trempealeau,WI,55121,55121,5235
Vernon,WI,55123,55123,5829
Vilas,WI,55125,55125,6644
Walworth,WI,55127,55127,17631
Washburn,WI,55129,55129,4038
Washington,WI,55131,55131,23547
Waukesha,WI,55133,55133,72414
Waupaca,WI,55135,55135,10451
Waushara,WI,55137,55137,5755
Winnebago,WI,55139,55139,27014
Wood,WI,55141,55141,14703
Albany,WY,56001,56001,4325
Big Horn,WY,56003,56003,2501
Campbell,WY,56005,56005,4360
Carbon,WY,56007,56007,2489
Converse,WY,56009,56009,2304
Crook,WY,56011,56011,1430
Fremont,WY,56013,56013,7110
Goshen,WY,56015,56015,2878
Hot Springs,WY,56017,56017,1104
Johnson,WY,56019,56019,1943
Laramie,WY,56021,56021,15274
Lincoln,WY,56023,56023,3211
Natrona,WY,56025,56025,11580
Niobrara,WY,56027,56027,552
Park,WY,56029,56029,6459
Platte,WY,56031,56031,2049
Sheridan,WY,56033,56033,6167
Sublette,WY,56035,56035,1758
Sweetwater,WY,56037,56037,4972
Teton,WY,56039,56039,3268
Uinta,WY,56041,56041,2665
Washakie,WY,56043,56043,1693
Weston,WY,56045,56045,1370
Eastern,AS,60010,60010,N/A
Manu'a,AS,60020,60020,N/A
Rose Island,AS,60030,60030,N/A
Swains Island,AS,60040,60040,N/A
Western,AS,60050,60050,N/A
Guam,GU,66010,66010,N/A
Northern Islands,MP,69085,69085,N/A
Rota,MP,69100,69100,N/A
Saipan,MP,69110,69110,N/A
Tinian,MP,69120,69120,N/A
Adjuntas,PR,72001,72001,3334
Aguada,PR,72003,72003,6899
Aguadilla,PR,72005,72005,11034
Aguas Buenas,PR,72007,72007,4872
Aibonito,PR,72009,72009,4571
Aasco,PR,72011,72011,5351
Arecibo,PR,72013,72013,17960
Arroyo,PR,72015,72015,3337
Barceloneta,PR,72017,72017,4555
Barranquitas,PR,72019,72019,4297
Bayamn,PR,72021,72021,37504
Cabo Rojo,PR,72023,72023,10910
Caguas,PR,72025,72025,25211
Camuy,PR,72027,72027,6067
Canvanas,PR,72029,72029,7496
Carolina,PR,72031,72031,33295
Catao,PR,72033,72033,4612
Cayey,PR,72035,72035,8711
Ceiba,PR,72037,72037,2627
Ciales,PR,72039,72039,3195
Cidra,PR,72041,72041,6655
Coamo,PR,72043,72043,6697
Comero,PR,72045,72045,3366
Corozal,PR,72047,72047,5850
Culebra,PR,72049,72049,306
Dorado,PR,72051,72051,6214
Fajardo,PR,72053,72053,6674
Florida,PR,72054,72054,2056
Gunica,PR,72055,72055,3768
Guayama,PR,72057,72057,7134
Guayanilla,PR,72059,72059,3702
Guaynabo,PR,72061,72061,18565
Gurabo,PR,72063,72063,7214
Hatillo,PR,72065,72065,7786
Hormigueros,PR,72067,72067,4302
Humacao,PR,72069,72069,11094
Isabela,PR,72071,72071,8066
Jayuya,PR,72073,72073,2338
Juana Daz,PR,72075,72075,7878
Juncos,PR,72077,72077,6036
Lajas,PR,72079,72079,5368
Lares,PR,72081,72081,5136
Las Maras,PR,72083,72083,1659
Las Piedras,PR,72085,72085,6483
Loza,PR,72087,72087,4379
Luquillo,PR,72089,72089,3806
Manat,PR,72091,72091,8059
Maricao,PR,72093,72093,1169
Maunabo,PR,72095,72095,2321
Mayagez,PR,72097,72097,17515
Moca,PR,72099,72099,6097
Morovis,PR,72101,72101,4749
Naguabo,PR,72103,72103,4540
Naranjito,PR,72105,72105,5180
Orocovis,PR,72107,72107,3424
Patillas,PR,72109,72109,3575
Peuelas,PR,72111,72111,3252
Ponce,PR,72113,72113,29192
Quebradillas,PR,72115,72115,4618
Rincn,PR,72117,72117,3369
Ro Grande,PR,72119,72119,9591
Sabana Grande,PR,72121,72121,4992
Salinas,PR,72123,72123,5260
San Germn,PR,72125,72125,7476
San Juan,PR,72127,72127,73353
San Lorenzo,PR,72129,72129,6752
San Sebastin,PR,72131,72131,8335
Santa Isabel,PR,72133,72133,3444
Toa Alta,PR,72135,72135,9903
Toa Baja,PR,72137,72137,14598
Trujillo Alto,PR,72139,72139,12138
Utuado,PR,72141,72141,5976
Vega Alta,PR,72143,72143,6571
Vega Baja,PR,72145,72145,10158
Vieques,PR,72147,72147,1849
Villalba,PR,72149,72149,3745
Yabucoa,PR,72151,72151,6633
Yauco,PR,72153,72153,7532
St. Croix,VI,78010,78010,N/A
St. John,VI,78020,78020,N/A
St. Thomas,VI,78030,78030,N/A