County,State,FIPS Code,Formatted FIPS,"Estimated percent of people with at least a Bachelor's degree, b"
Autauga,AL,1001,01001,26.57
Baldwin,AL,1003,01003,31.86
Barbour,AL,1005,01005,11.58
Bibb,AL,1007,01007,10.38
Blount,AL,1009,01009,13.09
Bullock,AL,1011,01011,12.05
Butler,AL,1013,01013,16.14
Calhoun,AL,1015,01015,18.48
Chambers,AL,1017,01017,13.3
Cherokee,AL,1019,01019,12.75
Chilton,AL,1021,01021,12.72
Choctaw,AL,1023,01023,11.93
Clarke,AL,1025,01025,12.22
Clay,AL,1027,01027,10.56
Cleburne,AL,1029,01029,15.42
Coffee,AL,1031,01031,22.79
Colbert,AL,1033,01033,18.15
Conecuh,AL,1035,01035,12.77
Coosa,AL,1037,01037,12.82
Covington,AL,1039,01039,15.27
Crenshaw,AL,1041,01041,17.41
Cullman,AL,1043,01043,13.87
Dale,AL,1045,01045,18.14
Dallas,AL,1047,01047,14.71
DeKalb,AL,1049,01049,13.02
Elmore,AL,1051,01051,25.07
Escambia,AL,1053,01053,12.47
Etowah,AL,1055,01055,17.79
Fayette,AL,1057,01057,12.4
Franklin,AL,1059,01059,13.99
Geneva,AL,1061,01061,12.49
Greene,AL,1063,01063,10.12
Hale,AL,1065,01065,14.22
Henry,AL,1067,01067,17.06
Houston,AL,1069,01069,21.71
Jackson,AL,1071,01071,13.99
Jefferson,AL,1073,01073,33.38
Lamar,AL,1075,01075,11.93
Lauderdale,AL,1077,01077,23.5
Lawrence,AL,1079,01079,12.57
Lee,AL,1081,01081,35.31
Limestone,AL,1083,01083,25.74
Lowndes,AL,1085,01085,14.68
Macon,AL,1087,01087,20.36
Madison,AL,1089,01089,42.76
Marengo,AL,1091,01091,16.11
Marion,AL,1093,01093,12.76
Marshall,AL,1095,01095,19.37
Mobile,AL,1097,01097,23.2
Monroe,AL,1099,01099,13.47
Montgomery,AL,1101,01101,33.38
Morgan,AL,1103,01103,22.4
Perry,AL,1105,01105,22.78
Pickens,AL,1107,01107,14.12
Pike,AL,1109,01109,23.73
Randolph,AL,1111,01111,16.53
Russell,AL,1113,01113,17.82
St. Clair,AL,1115,01115,16.08
Shelby,AL,1117,01117,42.93
Sumter,AL,1119,01119,21.56
Talladega,AL,1121,01121,14.96
Tallapoosa,AL,1123,01123,18.44
Tuscaloosa,AL,1125,01125,30.73
Walker,AL,1127,01127,11.34
Washington,AL,1129,01129,12.67
Wilcox,AL,1131,01131,12.5
Winston,AL,1133,01133,12.83
Aleutians East,AK,2013,02013,11.51
Aleutians West,AK,2016,02016,17.03
Anchorage,AK,2020,02020,36.11
Bethel,AK,2050,02050,11.88
Bristol Bay,AK,2060,02060,22.52
Denali,AK,2068,02068,41.06
Dillingham,AK,2070,02070,22.07
Fairbanks North Star,AK,2090,02090,31.37
Haines,AK,2100,02100,33.78
Hoonah-Angoon,AK,2105,02105,21.33
Juneau,AK,2110,02110,38.41
Kenai Peninsula,AK,2122,02122,24.59
Ketchikan Gateway,AK,2130,02130,25.27
Kodiak Island,AK,2150,02150,27.99
Lake and Peninsula,AK,2164,02164,16.12
Matanuska-Susitna,AK,2170,02170,21.6
Nome,AK,2180,02180,16.14
North Slope,AK,2185,02185,16.53
Northwest Arctic,AK,2188,02188,13.23
Petersburg,AK,2195,02195,28.38
Prince of Wales-Hyder,AK,2198,02198,18.26
Sitka,AK,2220,02220,33.37
Skagway,AK,2230,02230,29.64
Southeast Fairbanks,AK,2240,02240,19.7
Valdez-Cordova,AK,2261,02261,30.83
Wade Hampton,AK,2270,02270,3.92
Wrangell,AK,2275,02275,19.43
Yakutat,AK,2282,02282,22.62
Yukon-Koyukuk,AK,2290,02290,13.6
Apache,AZ,4001,04001,12.3
Cochise,AZ,4003,04003,23.11
Coconino,AZ,4005,04005,36.16
Gila,AZ,4007,04007,18.73
Graham,AZ,4009,04009,15.15
Greenlee,AZ,4011,04011,13.51
La Paz,AZ,4012,04012,12.01
Maricopa,AZ,4013,04013,32.7
Mohave,AZ,4015,04015,12.95
Navajo,AZ,4017,04017,15.25
Pima,AZ,4019,04019,32.38
Pinal,AZ,4021,04021,19.53
Santa Cruz,AZ,4023,04023,20.43
Yavapai,AZ,4025,04025,25.88
Yuma,AZ,4027,04027,15.03
Arkansas,AR,5001,05001,15.77
Ashley,AR,5003,05003,12.34
Baxter,AR,5005,05005,17.88
Benton,AR,5007,05007,33.35
Boone,AR,5009,05009,16.14
Bradley,AR,5011,05011,14.34
Calhoun,AR,5013,05013,11.41
Carroll,AR,5015,05015,21.22
Chicot,AR,5017,05017,15.88
Clark,AR,5019,05019,26.63
Clay,AR,5021,05021,12.57
Cleburne,AR,5023,05023,15.55
Cleveland,AR,5025,05025,16.25
Columbia,AR,5027,05027,19.64
Conway,AR,5029,05029,15.62
Craighead,AR,5031,05031,26.23
Crawford,AR,5033,05033,15.97
Crittenden,AR,5035,05035,17.44
Cross,AR,5037,05037,14.43
Dallas,AR,5039,05039,11.86
Desha,AR,5041,05041,14.06
Drew,AR,5043,05043,22.78
Faulkner,AR,5045,05045,30.56
Franklin,AR,5047,05047,12.14
Fulton,AR,5049,05049,12.24
Garland,AR,5051,05051,21.64
Grant,AR,5053,05053,18.71
Greene,AR,5055,05055,16.16
Hempstead,AR,5057,05057,15.09
Hot Spring,AR,5059,05059,13.28
Howard,AR,5061,05061,13.57
Independence,AR,5063,05063,17.54
Izard,AR,5065,05065,13.07
Jackson,AR,5067,05067,10.15
Jefferson,AR,5069,05069,17.99
Johnson,AR,5071,05071,15.38
Lafayette,AR,5073,05073,15.81
Lawrence,AR,5075,05075,15.41
Lee,AR,5077,05077,10.75
Lincoln,AR,5079,05079,9.73
Little River,AR,5081,05081,12.54
Logan,AR,5083,05083,13.35
Lonoke,AR,5085,05085,20.61
Madison,AR,5087,05087,14.22
Marion,AR,5089,05089,17.07
Miller,AR,5091,05091,16.76
Mississippi,AR,5093,05093,13.84
Monroe,AR,5095,05095,12.7
Montgomery,AR,5097,05097,13.49
Nevada,AR,5099,05099,14.59
Newton,AR,5101,05101,20.47
Ouachita,AR,5103,05103,14.47
Perry,AR,5105,05105,12.66
Phillips,AR,5107,05107,13.78
Pike,AR,5109,05109,17.29
Poinsett,AR,5111,05111,11.07
Polk,AR,5113,05113,14.1
Pope,AR,5115,05115,22.76
Prairie,AR,5117,05117,15.44
Pulaski,AR,5119,05119,34.32
Randolph,AR,5121,05121,13.85
St. Francis,AR,5123,05123,10.39
Saline,AR,5125,05125,26.69
Scott,AR,5127,05127,9.32
Searcy,AR,5129,05129,11.89
Sebastian,AR,5131,05131,21.32
Sevier,AR,5133,05133,12.79
Sharp,AR,5135,05135,10.16
Stone,AR,5137,05137,13.88
Union,AR,5139,05139,21.08
Van Buren,AR,5141,05141,14.52
Washington,AR,5143,05143,33.31
White,AR,5145,05145,20.86
Woodruff,AR,5147,05147,14.05
Yell,AR,5149,05149,12.82
Alameda,CA,6001,06001,47.42
Alpine,CA,6003,06003,34.55
Amador,CA,6005,06005,19.27
Butte,CA,6007,06007,27.22
Calaveras,CA,6009,06009,18.32
Colusa,CA,6011,06011,15
Contra Costa,CA,6013,06013,42.35
Del Norte,CA,6015,06015,14.8
El Dorado,CA,6017,06017,34.3
Fresno,CA,6019,06019,21.17
Glenn,CA,6021,06021,14.16
Humboldt,CA,6023,06023,30.42
Imperial,CA,6025,06025,15.22
Inyo,CA,6027,06027,27.17
Kern,CA,6029,06029,16.38
Kings,CA,6031,06031,14.67
Lake,CA,6033,06033,15.53
Lassen,CA,6035,06035,12.95
Los Angeles,CA,6037,06037,32.54
Madera,CA,6039,06039,14.55
Marin,CA,6041,06041,59.49
Mariposa,CA,6043,06043,24.56
Mendocino,CA,6045,06045,24.44
Merced,CA,6047,06047,13.79
Modoc,CA,6049,06049,15.19
Mono,CA,6051,06051,28.82
Monterey,CA,6053,06053,24.71
Napa,CA,6055,06055,35.73
Nevada,CA,6057,06057,37.25
Orange,CA,6059,06059,40.59
Placer,CA,6061,06061,39.71
Plumas,CA,6063,06063,23.7
Riverside,CA,6065,06065,22.31
Sacramento,CA,6067,06067,30.85
San Benito,CA,6069,06069,19.73
San Bernardino,CA,6071,06071,20.99
San Diego,CA,6073,06073,38.81
San Francisco,CA,6075,06075,58.06
San Joaquin,CA,6077,06077,18.76
San Luis Obispo,CA,6079,06079,35.38
San Mateo,CA,6081,06081,50.98
Santa Barbara,CA,6083,06083,34.16
Santa Clara,CA,6085,06085,52.4
Santa Cruz,CA,6087,06087,40.84
Shasta,CA,6089,06089,22.16
Sierra,CA,6091,06091,17.93
Siskiyou,CA,6093,06093,23.18
Solano,CA,6095,06095,26.91
Sonoma,CA,6097,06097,35.51
Stanislaus,CA,6099,06099,17.07
Sutter,CA,6101,06101,18.24
Tehama,CA,6103,06103,15.66
Trinity,CA,6105,06105,19.52
Tulare,CA,6107,06107,14.63
Tuolumne,CA,6109,06109,20.51
Ventura,CA,6111,06111,33.79
Yolo,CA,6113,06113,41.42
Yuba,CA,6115,06115,17.06
Adams,CO,8001,08001,24.27
Alamosa,CO,8003,08003,25.04
Arapahoe,CO,8005,08005,42.75
Archuleta,CO,8007,08007,37.16
Baca,CO,8009,08009,21.4
Bent,CO,8011,08011,11.4
Boulder,CO,8013,08013,62.08
Broomfield,CO,8014,08014,55.75
Chaffee,CO,8015,08015,33.78
Cheyenne,CO,8017,08017,19.21
Clear Creek,CO,8019,08019,48.07
Conejos,CO,8021,08021,20.98
Costilla,CO,8023,08023,19.3
Crowley,CO,8025,08025,9.04
Custer,CO,8027,08027,32.53
Delta,CO,8029,08029,21.69
Denver,CO,8031,08031,49.44
Dolores,CO,8033,08033,24.11
Douglas,CO,8035,08035,58.02
Eagle,CO,8037,08037,47.17
Elbert,CO,8039,08039,35.82
El Paso,CO,8041,08041,38.52
Fremont,CO,8043,08043,18.46
Garfield,CO,8045,08045,30.99
Gilpin,CO,8047,08047,39.57
Grand,CO,8049,08049,37.96
Gunnison,CO,8051,08051,56.21
Hinsdale,CO,8053,08053,45.66
Huerfano,CO,8055,08055,21.15
Jackson,CO,8057,08057,20.02
Jefferson,CO,8059,08059,45.17
Kiowa,CO,8061,08061,21.39
Kit Carson,CO,8063,08063,18.7
Lake,CO,8065,08065,32.34
La Plata,CO,8067,08067,44.22
Larimer,CO,8069,08069,47.26
Las Animas,CO,8071,08071,19.55
Lincoln,CO,8073,08073,12.58
Logan,CO,8075,08075,20.21
Mesa,CO,8077,08077,28.21
Mineral,CO,8079,08079,46.48
Moffat,CO,8081,08081,17.58
Montezuma,CO,8083,08083,29.6
Montrose,CO,8085,08085,25.19
Morgan,CO,8087,08087,17.48
Otero,CO,8089,08089,18.6
Ouray,CO,8091,08091,47.78
Park,CO,8093,08093,29.8
Phillips,CO,8095,08095,23.82
Pitkin,CO,8097,08097,60.79
Prowers,CO,8099,08099,18.33
Pueblo,CO,8101,08101,21.75
Rio Blanco,CO,8103,08103,22.74
Rio Grande,CO,8105,08105,24.47
Routt,CO,8107,08107,49.84
Saguache,CO,8109,08109,22.1
San Juan,CO,8111,08111,35.67
San Miguel,CO,8113,08113,59.4
Sedgwick,CO,8115,08115,19.52
Summit,CO,8117,08117,52.37
Teller,CO,8119,08119,37.7
Washington,CO,8121,08121,15.37
Weld,CO,8123,08123,27.53
Yuma,CO,8125,08125,21.76
Fairfield,CT,9001,09001,47.94
Hartford,CT,9003,09003,38.11
Litchfield,CT,9005,09005,35.4
Middlesex,CT,9007,09007,42.15
New Haven,CT,9009,09009,35
New London,CT,9011,09011,33.32
Tolland,CT,9013,09013,41.81
Windham,CT,9015,09015,24.33
Kent,DE,10001,10001,23.74
New Castle,DE,10003,10003,36.16
Sussex,DE,10005,10005,28.27
District of Columbia,DC,11001,11001,58.54
Alachua,FL,12001,12001,43.31
Baker,FL,12003,12003,13.24
Bay,FL,12005,12005,23.72
Bradford,FL,12007,12007,9.85
Brevard,FL,12009,12009,30.17
Broward,FL,12011,12011,32.41
Calhoun,FL,12013,12013,9.51
Charlotte,FL,12015,12015,23.44
Citrus,FL,12017,12017,18.3
Clay,FL,12019,12019,24.95
Collier,FL,12021,12021,36.41
Columbia,FL,12023,12023,14.86
DeSoto,FL,12027,12027,11.53
Dixie,FL,12029,12029,10.39
Duval,FL,12031,12031,30.04
Escambia,FL,12033,12033,26.53
Flagler,FL,12035,12035,25.09
Franklin,FL,12037,12037,18.77
Gadsden,FL,12039,12039,16.22
Gilchrist,FL,12041,12041,13.38
Glades,FL,12043,12043,11.15
Gulf,FL,12045,12045,19.24
Hamilton,FL,12047,12047,7.92
Hardee,FL,12049,12049,10.22
Hendry,FL,12051,12051,8.3
Hernando,FL,12053,12053,18.44
Highlands,FL,12055,12055,17.2
Hillsborough,FL,12057,12057,33.52
Holmes,FL,12059,12059,10.72
Indian River,FL,12061,12061,29.12
Jackson,FL,12063,12063,12.58
Jefferson,FL,12065,12065,22.29
Lafayette,FL,12067,12067,11.75
Lake,FL,12069,12069,24
Lee,FL,12071,12071,28.24
Leon,FL,12073,12073,46.23
Levy,FL,12075,12075,12.19
Liberty,FL,12077,12077,14.39
Madison,FL,12079,12079,14.02
Manatee,FL,12081,12081,29.78
Marion,FL,12083,12083,20.11
Martin,FL,12085,12085,34.08
Miami-Dade,FL,12086,12086,29.79
Monroe,FL,12087,12087,34.4
Nassau,FL,12089,12089,29.56
Okaloosa,FL,12091,12091,31.11
Okeechobee,FL,12093,12093,11.34
Orange,FL,12095,12095,34.59
Osceola,FL,12097,12097,21.8
Palm Beach,FL,12099,12099,36.69
Pasco,FL,12101,12101,24.05
Pinellas,FL,12103,12103,31.71
Polk,FL,12105,12105,20.17
Putnam,FL,12107,12107,12.3
St. Johns,FL,12109,12109,44.7
St. Lucie,FL,12111,12111,21.62
Santa Rosa,FL,12113,12113,27.74
Sarasota,FL,12115,12115,35.42
Seminole,FL,12117,12117,39.59
Sumter,FL,12119,12119,31.8
Suwannee,FL,12121,12121,15.47
Taylor,FL,12123,12123,8.35
Union,FL,12125,12125,9.2
Volusia,FL,12127,12127,23.69
Wakulla,FL,12129,12129,18.33
Walton,FL,12131,12131,28.53
Washington,FL,12133,12133,12.52
Appling,GA,13001,13001,9.83
Atkinson,GA,13003,13003,12.23
Bacon,GA,13005,13005,10.46
Baker,GA,13007,13007,12.89
Baldwin,GA,13009,13009,23.27
Banks,GA,13011,13011,13.4
Barrow,GA,13013,13013,18.99
Bartow,GA,13015,13015,18.64
Ben Hill,GA,13017,13017,11.24
Berrien,GA,13019,13019,11.45
Bibb,GA,13021,13021,25.39
Bleckley,GA,13023,13023,18.74
Brantley,GA,13025,13025,8.86
Brooks,GA,13027,13027,17.76
Bryan,GA,13029,13029,33.14
Bulloch,GA,13031,13031,26.96
Burke,GA,13033,13033,13.24
Butts,GA,13035,13035,12.24
Calhoun,GA,13037,13037,9.11
Camden,GA,13039,13039,23.88
Candler,GA,13043,13043,13.01
Carroll,GA,13045,13045,21.08
Catoosa,GA,13047,13047,21.39
Charlton,GA,13049,13049,8.81
Chatham,GA,13051,13051,33.58
Chattahoochee,GA,13053,13053,29.48
Chattooga,GA,13055,13055,8.93
Cherokee,GA,13057,13057,38.23
Clarke,GA,13059,13059,44
Clay,GA,13061,13061,12.52
Clayton,GA,13063,13063,19.52
Clinch,GA,13065,13065,10
Cobb,GA,13067,13067,47.38
Coffee,GA,13069,13069,13.02
Colquitt,GA,13071,13071,12.76
Columbia,GA,13073,13073,36.36
Cook,GA,13075,13075,13.49
Coweta,GA,13077,13077,30.26
Crawford,GA,13079,13079,10.52
Crisp,GA,13081,13081,14.11
Dade,GA,13083,13083,15.17
Dawson,GA,13085,13085,30.61
Decatur,GA,13087,13087,13.77
DeKalb,GA,13089,13089,44.16
Dodge,GA,13091,13091,14.28
Dooly,GA,13093,13093,12.1
Dougherty,GA,13095,13095,21.39
Douglas,GA,13097,13097,28.18
Early,GA,13099,13099,15.07
Echols,GA,13101,13101,9.71
Effingham,GA,13103,13103,20.02
Elbert,GA,13105,13105,11.64
Emanuel,GA,13107,13107,13.02
Evans,GA,13109,13109,15.76
Fannin,GA,13111,13111,21.77
Fayette,GA,13113,13113,46.25
Floyd,GA,13115,13115,20.89
Forsyth,GA,13117,13117,53.14
Franklin,GA,13119,13119,15.92
Fulton,GA,13121,13121,52.89
Gilmer,GA,13123,13123,20.45
Glascock,GA,13125,13125,11.61
Glynn,GA,13127,13127,29.85
Gordon,GA,13129,13129,14.67
Grady,GA,13131,13131,13.93
Greene,GA,13133,13133,26.85
Gwinnett,GA,13135,13135,36.93
Habersham,GA,13137,13137,19.34
Hall,GA,13139,13139,24.49
Hancock,GA,13141,13141,8.6
Haralson,GA,13143,13143,14.75
Harris,GA,13145,13145,31.38
Hart,GA,13147,13147,15.69
Heard,GA,13149,13149,8.71
Henry,GA,13151,13151,28.46
Houston,GA,13153,13153,28.31
Irwin,GA,13155,13155,15.12
Jackson,GA,13157,13157,22.7
Jasper,GA,13159,13159,14.21
Jeff Davis,GA,13161,13161,10.29
Jefferson,GA,13163,13163,9.88
Jenkins,GA,13165,13165,7.88
Johnson,GA,13167,13167,9.14
Jones,GA,13169,13169,19.58
Lamar,GA,13171,13171,15.83
Lanier,GA,13173,13173,16.47
Laurens,GA,13175,13175,16.23
Lee,GA,13177,13177,25.38
Liberty,GA,13179,13179,18.28
Lincoln,GA,13181,13181,15.86
Long,GA,13183,13183,17.44
Lowndes,GA,13185,13185,25.31
Lumpkin,GA,13187,13187,26.4
McDuffie,GA,13189,13189,14.02
McIntosh,GA,13191,13191,17.62
Macon,GA,13193,13193,8.76
Madison,GA,13195,13195,18.53
Marion,GA,13197,13197,13.42
Meriwether,GA,13199,13199,10.4
Miller,GA,13201,13201,13.99
Mitchell,GA,13205,13205,9.71
Monroe,GA,13207,13207,26.8
Montgomery,GA,13209,13209,16.01
Morgan,GA,13211,13211,20.69
Murray,GA,13213,13213,10.07
Muscogee,GA,13215,13215,25.76
Newton,GA,13217,13217,19.77
Oconee,GA,13219,13219,52.35
Oglethorpe,GA,13221,13221,17.07
Paulding,GA,13223,13223,22.64
Peach,GA,13225,13225,20.55
Pickens,GA,13227,13227,23.15
Pierce,GA,13229,13229,12.56
Pike,GA,13231,13231,17.08
Polk,GA,13233,13233,13.72
Pulaski,GA,13235,13235,13.15
Putnam,GA,13237,13237,23.37
Quitman,GA,13239,13239,7.07
Rabun,GA,13241,13241,24.17
Randolph,GA,13243,13243,10.29
Richmond,GA,13245,13245,21.41
Rockdale,GA,13247,13247,26.32
Schley,GA,13249,13249,13.33
Screven,GA,13251,13251,15.4
Seminole,GA,13253,13253,16.19
Spalding,GA,13255,13255,17.78
Stephens,GA,13257,13257,21.02
Stewart,GA,13259,13259,12.17
Sumter,GA,13261,13261,18.25
Talbot,GA,13263,13263,12.13
Taliaferro,GA,13265,13265,8.1
Tattnall,GA,13267,13267,13.17
Taylor,GA,13269,13269,12.63
Telfair,GA,13271,13271,8.65
Terrell,GA,13273,13273,11.23
Thomas,GA,13275,13275,24.72
Tift,GA,13277,13277,18.11
Toombs,GA,13279,13279,16.16
Towns,GA,13281,13281,30.07
Treutlen,GA,13283,13283,12.38
Troup,GA,13285,13285,19.01
Turner,GA,13287,13287,11.68
Twiggs,GA,13289,13289,11.76
Union,GA,13291,13291,22.52
Upson,GA,13293,13293,13.35
Walker,GA,13295,13295,16.62
Walton,GA,13297,13297,21.73
Ware,GA,13299,13299,15.16
Warren,GA,13301,13301,12.34
Washington,GA,13303,13303,12.35
Wayne,GA,13305,13305,12.96
Webster,GA,13307,13307,14.66
Wheeler,GA,13309,13309,13.55
White,GA,13311,13311,22.75
Whitfield,GA,13313,13313,15.72
Wilcox,GA,13315,13315,12.17
Wilkes,GA,13317,13317,13.77
Wilkinson,GA,13319,13319,10.85
Worth,GA,13321,13321,10.98
Hawaii,HI,15001,15001,29.4
Honolulu,HI,15003,15003,35
Kalawao,HI,15005,15005,24.19
Kauai,HI,15007,15007,29.2
Maui,HI,15009,15009,27.19
Ada,ID,16001,16001,38.53
Adams,ID,16003,16003,21.16
Bannock,ID,16005,16005,27.83
Bear Lake,ID,16007,16007,18.86
Benewah,ID,16009,16009,15.22
Bingham,ID,16011,16011,21.23
Blaine,ID,16013,16013,35.37
Boise,ID,16015,16015,27.14
Bonner,ID,16017,16017,23.83
Bonneville,ID,16019,16019,31.31
Boundary,ID,16021,16021,19.81
Butte,ID,16023,16023,16.16
Camas,ID,16025,16025,16.26
Canyon,ID,16027,16027,18.65
Caribou,ID,16029,16029,19.01
Cassia,ID,16031,16031,18.58
Clark,ID,16033,16033,12.18
Clearwater,ID,16035,16035,17.88
Custer,ID,16037,16037,24.38
Elmore,ID,16039,16039,18.73
Franklin,ID,16041,16041,17.73
Fremont,ID,16043,16043,21.7
Gem,ID,16045,16045,17.49
Gooding,ID,16047,16047,17.16
Idaho,ID,16049,16049,19.78
Jefferson,ID,16051,16051,24.69
Jerome,ID,16053,16053,16.11
Kootenai,ID,16055,16055,25.19
Latah,ID,16057,16057,45.41
Lemhi,ID,16059,16059,22.9
Lewis,ID,16061,16061,17.89
Lincoln,ID,16063,16063,10.26
Madison,ID,16065,16065,36.39
Minidoka,ID,16067,16067,14.07
Nez Perce,ID,16069,16069,22.91
Oneida,ID,16071,16071,17.11
Owyhee,ID,16073,16073,12
Payette,ID,16075,16075,15.66
Power,ID,16077,16077,15.13
Shoshone,ID,16079,16079,11.54
Teton,ID,16081,16081,40.96
Twin Falls,ID,16083,16083,20.63
Valley,ID,16085,16085,30.38
Washington,ID,16087,16087,16.35
Adams,IL,17001,17001,24.95
Alexander,IL,17003,17003,12.9
Bond,IL,17005,17005,22.85
Boone,IL,17007,17007,23.46
Brown,IL,17009,17009,14.07
Bureau,IL,17011,17011,20.6
Calhoun,IL,17013,17013,14.24
Carroll,IL,17015,17015,19.53
Cass,IL,17017,17017,15.1
Champaign,IL,17019,17019,45.02
Christian,IL,17021,17021,17.09
Clark,IL,17023,17023,19.85
Clay,IL,17025,17025,14.97
Clinton,IL,17027,17027,22.3
Coles,IL,17029,17029,25.95
Cook,IL,17031,17031,38.81
Crawford,IL,17033,17033,17.07
Cumberland,IL,17035,17035,15.43
DeKalb,IL,17037,17037,32.34
De Witt,IL,17039,17039,21.31
Douglas,IL,17041,17041,18.86
DuPage,IL,17043,17043,49.39
Edgar,IL,17045,17045,17.24
Edwards,IL,17047,17047,13.91
Effingham,IL,17049,17049,22.72
Fayette,IL,17051,17051,11.29
Ford,IL,17053,17053,21.35
Franklin,IL,17055,17055,16.73
Fulton,IL,17057,17057,17.56
Gallatin,IL,17059,17059,10.85
Greene,IL,17061,17061,12.8
Grundy,IL,17063,17063,22.95
Hamilton,IL,17065,17065,17.05
Hancock,IL,17067,17067,21.01
Hardin,IL,17069,17069,10.77
Henderson,IL,17071,17071,18.3
Henry,IL,17073,17073,23.29
Iroquois,IL,17075,17075,15.89
Jackson,IL,17077,17077,34.12
Jasper,IL,17079,17079,16.57
Jefferson,IL,17081,17081,17.94
Jersey,IL,17083,17083,20.28
Jo Daviess,IL,17085,17085,25
Johnson,IL,17087,17087,15.99
Kane,IL,17089,17089,33.14
Kankakee,IL,17091,17091,20.77
Kendall,IL,17093,17093,36.17
Knox,IL,17095,17095,18.94
Lake,IL,17097,17097,45.32
LaSalle,IL,17099,17099,17.84
Lawrence,IL,17101,17101,14.88
Lee,IL,17103,17103,18.2
Livingston,IL,17105,17105,14.75
Logan,IL,17107,17107,19.92
McDonough,IL,17109,17109,32.23
McHenry,IL,17111,17111,34.44
McLean,IL,17113,17113,44.83
Macon,IL,17115,17115,22.09
Macoupin,IL,17117,17117,18.38
Madison,IL,17119,17119,26.83
Marion,IL,17121,17121,15.17
Marshall,IL,17123,17123,18.9
Mason,IL,17125,17125,16.04
Massac,IL,17127,17127,13.93
Menard,IL,17129,17129,23.96
Mercer,IL,17131,17131,17.37
Monroe,IL,17133,17133,35.04
Montgomery,IL,17135,17135,16.69
Morgan,IL,17137,17137,19.29
Moultrie,IL,17139,17139,18.65
Ogle,IL,17141,17141,21.43
Peoria,IL,17143,17143,30.59
Perry,IL,17145,17145,12.53
Piatt,IL,17147,17147,28.57
Pike,IL,17149,17149,17.82
Pope,IL,17151,17151,13.06
Pulaski,IL,17153,17153,12.51
Putnam,IL,17155,17155,16.56
Randolph,IL,17157,17157,13.32
Richland,IL,17159,17159,21.01
Rock Island,IL,17161,17161,23.55
St. Clair,IL,17163,17163,28.01
Saline,IL,17165,17165,19.21
Sangamon,IL,17167,17167,34.49
Schuyler,IL,17169,17169,20.4
Scott,IL,17171,17171,15.82
Shelby,IL,17173,17173,16.81
Stark,IL,17175,17175,17.04
Stephenson,IL,17177,17177,19.56
Tazewell,IL,17179,17179,26.3
Union,IL,17181,17181,21.74
Vermilion,IL,17183,17183,14.75
Wabash,IL,17185,17185,18.18
Warren,IL,17187,17187,22.81
Washington,IL,17189,17189,20.92
Wayne,IL,17191,17191,15.38
White,IL,17193,17193,15.51
Whiteside,IL,17195,17195,18.23
Will,IL,17197,17197,34.29
Williamson,IL,17199,17199,24.32
Winnebago,IL,17201,17201,22.87
Woodford,IL,17203,17203,33.2
Adams,IN,18001,18001,15.46
Allen,IN,18003,18003,28.48
Bartholomew,IN,18005,18005,33.47
Benton,IN,18007,18007,16.1
Blackford,IN,18009,18009,13.47
Boone,IN,18011,18011,49.27
Brown,IN,18013,18013,28.9
Carroll,IN,18015,18015,16.67
Cass,IN,18017,18017,13.34
Clark,IN,18019,18019,21.18
Clay,IN,18021,18021,17.03
Clinton,IN,18023,18023,16.32
Crawford,IN,18025,18025,10.34
Daviess,IN,18027,18027,13.21
Dearborn,IN,18029,18029,22.85
Decatur,IN,18031,18031,20.63
DeKalb,IN,18033,18033,18.04
Delaware,IN,18035,18035,23.73
Dubois,IN,18037,18037,23.74
Elkhart,IN,18039,18039,19.75
Fayette,IN,18041,18041,13.27
Floyd,IN,18043,18043,29.59
Fountain,IN,18045,18045,14.86
Franklin,IN,18047,18047,21.14
Fulton,IN,18049,18049,15.81
Gibson,IN,18051,18051,18.01
Grant,IN,18053,18053,17.9
Greene,IN,18055,18055,14.85
Hamilton,IN,18057,18057,59.32
Hancock,IN,18059,18059,30.82
Harrison,IN,18061,18061,18.68
Hendricks,IN,18063,18063,37.02
Henry,IN,18065,18065,16.45
Howard,IN,18067,18067,21.55
Huntington,IN,18069,18069,20.07
Jackson,IN,18071,18071,16.73
Jasper,IN,18073,18073,14.26
Jay,IN,18075,18075,11.4
Jefferson,IN,18077,18077,17.88
Jennings,IN,18079,18079,12.01
Johnson,IN,18081,18081,32.68
Knox,IN,18083,18083,16.93
Kosciusko,IN,18085,18085,23.34
LaGrange,IN,18087,18087,10.47
Lake,IN,18089,18089,22.57
LaPorte,IN,18091,18091,18.02
Lawrence,IN,18093,18093,15.79
Madison,IN,18095,18095,18.4
Marion,IN,18097,18097,30.88
Marshall,IN,18099,18099,19.67
Martin,IN,18101,18101,13.74
Miami,IN,18103,18103,13.02
Monroe,IN,18105,18105,45.73
Montgomery,IN,18107,18107,18.16
Morgan,IN,18109,18109,17.25
Newton,IN,18111,18111,11.87
Noble,IN,18113,18113,13.74
Ohio,IN,18115,18115,14.68
Orange,IN,18117,18117,10.92
Owen,IN,18119,18119,13.1
Parke,IN,18121,18121,11.99
Perry,IN,18123,18123,16.11
Pike,IN,18125,18125,14.12
Porter,IN,18127,18127,28.43
Posey,IN,18129,18129,21.9
Pulaski,IN,18131,18131,12.75
Putnam,IN,18133,18133,16.78
Randolph,IN,18135,18135,14.34
Ripley,IN,18137,18137,18.05
Rush,IN,18139,18139,13.91
St. Joseph,IN,18141,18141,29.57
Scott,IN,18143,18143,11.95
Shelby,IN,18145,18145,18.67
Spencer,IN,18147,18147,15.2
Starke,IN,18149,18149,11.87
Steuben,IN,18151,18151,21.75
Sullivan,IN,18153,18153,12.1
Switzerland,IN,18155,18155,10.91
Tippecanoe,IN,18157,18157,38.73
Tipton,IN,18159,18159,24.67
Union,IN,18161,18161,18.52
Vanderburgh,IN,18163,18163,27.01
Vermillion,IN,18165,18165,14.22
Vigo,IN,18167,18167,25.15
Wabash,IN,18169,18169,18.13
Warren,IN,18171,18171,19.4
Warrick,IN,18173,18173,30.3
Washington,IN,18175,18175,13.4
Wayne,IN,18177,18177,18.21
Wells,IN,18179,18179,18.2
White,IN,18181,18181,16.36
Whitley,IN,18183,18183,20.72
Adair,IA,19001,19001,18.48
Adams,IA,19003,19003,15.55
Allamakee,IA,19005,19005,17.76
Appanoose,IA,19007,19007,16.34
Audubon,IA,19009,19009,17.07
Benton,IA,19011,19011,22.11
Black Hawk,IA,19013,19013,29.1
Boone,IA,19015,19015,25.29
Bremer,IA,19017,19017,30.65
Buchanan,IA,19019,19019,21.55
Buena Vista,IA,19021,19021,19.72
Butler,IA,19023,19023,17.26
Calhoun,IA,19025,19025,18.67
Carroll,IA,19027,19027,22.37
Cass,IA,19029,19029,20.06
Cedar,IA,19031,19031,22.16
Cerro Gordo,IA,19033,19033,23.61
Cherokee,IA,19035,19035,22.23
Chickasaw,IA,19037,19037,17.22
Clarke,IA,19039,19039,15.96
Clay,IA,19041,19041,22.73
Clayton,IA,19043,19043,17.7
Clinton,IA,19045,19045,17.91
Crawford,IA,19047,19047,14.25
Dallas,IA,19049,19049,50.38
Davis,IA,19051,19051,19.47
Decatur,IA,19053,19053,25.04
Delaware,IA,19055,19055,16.63
Des Moines,IA,19057,19057,20.14
Dickinson,IA,19059,19059,33.55
Dubuque,IA,19061,19061,30.76
Emmet,IA,19063,19063,18.82
Fayette,IA,19065,19065,18.29
Floyd,IA,19067,19067,19.78
Franklin,IA,19069,19069,17.97
Fremont,IA,19071,19071,18.87
Greene,IA,19073,19073,18.65
Grundy,IA,19075,19075,27.9
Guthrie,IA,19077,19077,19.8
Hamilton,IA,19079,19079,24.32
Hancock,IA,19081,19081,23.81
Hardin,IA,19083,19083,20.77
Harrison,IA,19085,19085,19.46
Henry,IA,19087,19087,19.63
Howard,IA,19089,19089,15.84
Humboldt,IA,19091,19091,21.21
Ida,IA,19093,19093,18.59
Iowa,IA,19095,19095,18.84
Jackson,IA,19097,19097,19.19
Jasper,IA,19099,19099,18.78
Jefferson,IA,19101,19101,31.49
Johnson,IA,19103,19103,52.81
Jones,IA,19105,19105,19.53
Keokuk,IA,19107,19107,18.28
Kossuth,IA,19109,19109,17.5
Lee,IA,19111,19111,16.42
Linn,IA,19113,19113,33.14
Louisa,IA,19115,19115,14.88
Lucas,IA,19117,19117,17.02
Lyon,IA,19119,19119,20.69
Madison,IA,19121,19121,24.5
Mahaska,IA,19123,19123,22
Marion,IA,19125,19125,28.79
Marshall,IA,19127,19127,18.8
Mills,IA,19129,19129,24.12
Mitchell,IA,19131,19131,19.04
Monona,IA,19133,19133,15.27
Monroe,IA,19135,19135,17.35
Montgomery,IA,19137,19137,18.47
Muscatine,IA,19139,19139,21.52
O'Brien,IA,19141,19141,18.77
Osceola,IA,19143,19143,17.88
Page,IA,19145,19145,20.23
Palo Alto,IA,19147,19147,25.48
Plymouth,IA,19149,19149,23.18
Pocahontas,IA,19151,19151,14.99
Polk,IA,19153,19153,36.71
Pottawattamie,IA,19155,19155,21.47
Poweshiek,IA,19157,19157,26.13
Ringgold,IA,19159,19159,21.39
Sac,IA,19161,19161,20.03
Scott,IA,19163,19163,31.79
Shelby,IA,19165,19165,22.16
Sioux,IA,19167,19167,29.1
Story,IA,19169,19169,51.62
Tama,IA,19171,19171,15.78
Taylor,IA,19173,19173,14.47
Union,IA,19175,19175,17.99
Van Buren,IA,19177,19177,14.45
Wapello,IA,19179,19179,18.84
Warren,IA,19181,19181,31.91
Washington,IA,19183,19183,21.82
Wayne,IA,19185,19185,12.67
Webster,IA,19187,19187,19.92
Winnebago,IA,19189,19189,21.75
Winneshiek,IA,19191,19191,30.56
Woodbury,IA,19193,19193,23.12
Worth,IA,19195,19195,17.46
Wright,IA,19197,19197,17.24
Allen,KS,20001,20001,20.33
Anderson,KS,20003,20003,18.07
Atchison,KS,20005,20005,22.04
Barber,KS,20007,20007,20.68
Barton,KS,20009,20009,20.92
Bourbon,KS,20011,20011,21.68
Brown,KS,20013,20013,21.2
Butler,KS,20015,20015,29.77
Chase,KS,20017,20017,25.49
Chautauqua,KS,20019,20019,15.87
Cherokee,KS,20021,20021,19.6
Cheyenne,KS,20023,20023,28.9
Clark,KS,20025,20025,26.11
Clay,KS,20027,20027,26.67
Cloud,KS,20029,20029,23.96
Coffey,KS,20031,20031,24.55
Comanche,KS,20033,20033,16.03
Cowley,KS,20035,20035,21.78
Crawford,KS,20037,20037,29.88
Decatur,KS,20039,20039,22.54
Dickinson,KS,20041,20041,22.88
Doniphan,KS,20043,20043,21.13
Douglas,KS,20045,20045,49.63
Edwards,KS,20047,20047,18.08
Elk,KS,20049,20049,15.61
Ellis,KS,20051,20051,36.3
Ellsworth,KS,20053,20053,19.51
Finney,KS,20055,20055,17.07
Ford,KS,20057,20057,17.72
Franklin,KS,20059,20059,20.41
Geary,KS,20061,20061,23.24
Gove,KS,20063,20063,19.69
Graham,KS,20065,20065,24.75
Grant,KS,20067,20067,14.86
Gray,KS,20069,20069,20.22
Greeley,KS,20071,20071,27.16
Greenwood,KS,20073,20073,19.93
Hamilton,KS,20075,20075,18.74
Harper,KS,20077,20077,16.24
Harvey,KS,20079,20079,33.19
Haskell,KS,20081,20081,17.12
Hodgeman,KS,20083,20083,30.76
Jackson,KS,20085,20085,20.24
Jefferson,KS,20087,20087,23.18
Jewell,KS,20089,20089,19.32
Johnson,KS,20091,20091,55.98
Kearny,KS,20093,20093,14.74
Kingman,KS,20095,20095,24.42
Kiowa,KS,20097,20097,28.08
Labette,KS,20099,20099,18.73
Lane,KS,20101,20101,23.06
Leavenworth,KS,20103,20103,31.5
Lincoln,KS,20105,20105,22.8
Linn,KS,20107,20107,16.15
Logan,KS,20109,20109,16.61
Lyon,KS,20111,20111,27.48
McPherson,KS,20113,20113,27.98
Marion,KS,20115,20115,25.04
Marshall,KS,20117,20117,18.88
Meade,KS,20119,20119,20.3
Miami,KS,20121,20121,29.81
Mitchell,KS,20123,20123,26.07
Montgomery,KS,20125,20125,19.51
Morris,KS,20127,20127,21.41
Morton,KS,20129,20129,17.29
Nemaha,KS,20131,20131,25.37
Neosho,KS,20133,20133,18.09
Ness,KS,20135,20135,19.41
Norton,KS,20137,20137,18.79
Osage,KS,20139,20139,19.24
Osborne,KS,20141,20141,23.58
Ottawa,KS,20143,20143,24.46
Pawnee,KS,20145,20145,19.55
Phillips,KS,20147,20147,21.75
Pottawatomie,KS,20149,20149,33.79
Pratt,KS,20151,20151,30.32
Rawlins,KS,20153,20153,24.05
Reno,KS,20155,20155,20.9
Republic,KS,20157,20157,25.51
Rice,KS,20159,20159,22.79
Riley,KS,20161,20161,45.6
Rooks,KS,20163,20163,23.09
Rush,KS,20165,20165,23.71
Russell,KS,20167,20167,23.11
Saline,KS,20169,20169,27.34
Scott,KS,20171,20171,25.12
Sedgwick,KS,20173,20173,30.87
Seward,KS,20175,20175,11
Shawnee,KS,20177,20177,30.93
Sheridan,KS,20179,20179,22.01
Sherman,KS,20181,20181,21.78
Smith,KS,20183,20183,22.29
Stafford,KS,20185,20185,25.23
Stanton,KS,20187,20187,18.98
Stevens,KS,20189,20189,13.66
Sumner,KS,20191,20191,23.28
Thomas,KS,20193,20193,22.59
Trego,KS,20195,20195,24.85
Wabaunsee,KS,20197,20197,24.2
Wallace,KS,20199,20199,32.43
Washington,KS,20201,20201,20.33
Wichita,KS,20203,20203,20.6
Wilson,KS,20205,20205,16.51
Woodson,KS,20207,20207,17.2
Wyandotte,KS,20209,20209,18.13
Adair,KY,21001,21001,15.68
Allen,KY,21003,21003,16.13
Anderson,KY,21005,21005,20.17
Ballard,KY,21007,21007,15.95
Barren,KY,21009,21009,16.33
Bath,KY,21011,21011,14.47
Bell,KY,21013,21013,9.16
Boone,KY,21015,21015,32.12
Bourbon,KY,21017,21017,19.43
Boyd,KY,21019,21019,19.39
Boyle,KY,21021,21021,25.16
Bracken,KY,21023,21023,13.2
Breathitt,KY,21025,21025,15.19
Breckinridge,KY,21027,21027,11.94
Bullitt,KY,21029,21029,14.73
Butler,KY,21031,21031,13.94
Caldwell,KY,21033,21033,15.28
Calloway,KY,21035,21035,28.5
Campbell,KY,21037,21037,36.32
Carlisle,KY,21039,21039,14.9
Carroll,KY,21041,21041,8.22
Carter,KY,21043,21043,12.57
Casey,KY,21045,21045,12.77
Christian,KY,21047,21047,18.11
Clark,KY,21049,21049,20.13
Clay,KY,21051,21051,9.83
Clinton,KY,21053,21053,10.25
Crittenden,KY,21055,21055,13.07
Cumberland,KY,21057,21057,13.31
Daviess,KY,21059,21059,22.94
Edmonson,KY,21061,21061,10.26
Elliott,KY,21063,21063,9.75
Estill,KY,21065,21065,9.86
Fayette,KY,21067,21067,43.65
Fleming,KY,21069,21069,12.86
Floyd,KY,21071,21071,11.34
Franklin,KY,21073,21073,29.87
Fulton,KY,21075,21075,13.41
Gallatin,KY,21077,21077,11.64
Garrard,KY,21079,21079,17.59
Grant,KY,21081,21081,12.93
Graves,KY,21083,21083,17.36
Grayson,KY,21085,21085,10.51
Green,KY,21087,21087,13.16
Greenup,KY,21089,21089,17.14
Hancock,KY,21091,21091,11.44
Hardin,KY,21093,21093,22.01
Harlan,KY,21095,21095,10.83
Harrison,KY,21097,21097,14.61
Hart,KY,21099,21099,11.43
Henderson,KY,21101,21101,18.2
Henry,KY,21103,21103,13.09
Hickman,KY,21105,21105,15.8
Hopkins,KY,21107,21107,16.53
Jackson,KY,21109,21109,13.82
Jefferson,KY,21111,21111,33.44
Jessamine,KY,21113,21113,29.5
Johnson,KY,21115,21115,16.3
Kenton,KY,21117,21117,31.7
Knott,KY,21119,21119,14.86
Knox,KY,21121,21121,14.2
Larue,KY,21123,21123,12.36
Laurel,KY,21125,21125,14.45
Lawrence,KY,21127,21127,9.76
Lee,KY,21129,21129,8.26
Leslie,KY,21131,21131,8.69
Letcher,KY,21133,21133,12.14
Lewis,KY,21135,21135,9.06
Lincoln,KY,21137,21137,13
Livingston,KY,21139,21139,11.83
Logan,KY,21141,21141,16.38
Lyon,KY,21143,21143,16.9
McCracken,KY,21145,21145,24.24
McCreary,KY,21147,21147,7.19
McLean,KY,21149,21149,13.48
Madison,KY,21151,21151,30.77
Magoffin,KY,21153,21153,9.5
Marion,KY,21155,21155,12.62
Marshall,KY,21157,21157,19.22
Martin,KY,21159,21159,11.7
Mason,KY,21161,21161,19.47
Meade,KY,21163,21163,19.38
Menifee,KY,21165,21165,11.17
Mercer,KY,21167,21167,18.51
Metcalfe,KY,21169,21169,12.98
Monroe,KY,21171,21171,14.37
Montgomery,KY,21173,21173,15.65
Morgan,KY,21175,21175,12.53
Muhlenberg,KY,21177,21177,12.58
Nelson,KY,21179,21179,18.02
Nicholas,KY,21181,21181,8.89
Ohio,KY,21183,21183,13.65
Oldham,KY,21185,21185,42.41
Owen,KY,21187,21187,10.95
Owsley,KY,21189,21189,16.15
Pendleton,KY,21191,21191,13.23
Perry,KY,21193,21193,14.4
Pike,KY,21195,21195,13.05
Powell,KY,21197,21197,15.91
Pulaski,KY,21199,21199,16.48
Robertson,KY,21201,21201,16.32
Rockcastle,KY,21203,21203,11.36
Rowan,KY,21205,21205,25.06
Russell,KY,21207,21207,14.67
Scott,KY,21209,21209,28.38
Shelby,KY,21211,21211,24.88
Simpson,KY,21213,21213,14.17
Spencer,KY,21215,21215,20.3
Taylor,KY,21217,21217,19.59
Todd,KY,21219,21219,13.23
Trigg,KY,21221,21221,16.55
Trimble,KY,21223,21223,14.12
Union,KY,21225,21225,11.07
Warren,KY,21227,21227,32.22
Washington,KY,21229,21229,18.78
Wayne,KY,21231,21231,12.33
Webster,KY,21233,21233,10.02
Whitley,KY,21235,21235,20.43
Wolfe,KY,21237,21237,8.66
Woodford,KY,21239,21239,33.78
Acadia,LA,22001,22001,13.29
Allen,LA,22003,22003,11.29
Ascension,LA,22005,22005,26.45
Assumption,LA,22007,22007,9.59
Avoyelles,LA,22009,22009,12.27
Beauregard,LA,22011,22011,17.81
Bienville,LA,22013,22013,12.83
Bossier,LA,22015,22015,25.17
Caddo,LA,22017,22017,23.55
Calcasieu,LA,22019,22019,22.26
Caldwell,LA,22021,22021,13.83
Cameron,LA,22023,22023,12.66
Catahoula,LA,22025,22025,13.77
Claiborne,LA,22027,22027,12.77
Concordia,LA,22029,22029,14.08
De Soto,LA,22031,22031,14.82
East Baton Rouge,LA,22033,22033,34.93
East Carroll,LA,22035,22035,8.9
East Feliciana,LA,22037,22037,12.72
Evangeline,LA,22039,22039,11.64
Franklin,LA,22041,22041,11.98
Grant,LA,22043,22043,8.48
Iberia,LA,22045,22045,13.57
Iberville,LA,22047,22047,13.9
Jackson,LA,22049,22049,14.01
Jefferson,LA,22051,22051,26.85
Jefferson Davis,LA,22053,22053,16.88
Lafayette,LA,22055,22055,33.02
Lafourche,LA,22057,22057,16.91
La Salle,LA,22059,22059,13.64
Lincoln,LA,22061,22061,35.63
Livingston,LA,22063,22063,19.7
Madison,LA,22065,22065,12.81
Morehouse,LA,22067,22067,12.97
Natchitoches,LA,22069,22069,19.05
Orleans,LA,22071,22071,37.57
Ouachita,LA,22073,22073,24.22
Plaquemines,LA,22075,22075,19.09
Pointe Coupee,LA,22077,22077,14.92
Rapides,LA,22079,22079,20.9
Red River,LA,22081,22081,13.89
Richland,LA,22083,22083,13.18
Sabine,LA,22085,22085,13.32
St. Bernard,LA,22087,22087,11.57
St. Charles,LA,22089,22089,25.27
St. Helena,LA,22091,22091,16.67
St. James,LA,22093,22093,16.34
St. John the Baptist,LA,22095,22095,15.9
St. Landry,LA,22097,22097,14.75
St. Martin,LA,22099,22099,14.52
St. Mary,LA,22101,22101,10.23
St. Tammany,LA,22103,22103,33.83
Tangipahoa,LA,22105,22105,19.96
Tensas,LA,22107,22107,11.38
Terrebonne,LA,22109,22109,15.57
Union,LA,22111,22111,17.21
Vermilion,LA,22113,22113,14.18
Vernon,LA,22115,22115,17.54
Washington,LA,22117,22117,11.58
Webster,LA,22119,22119,15.4
West Baton Rouge,LA,22121,22121,21.99
West Carroll,LA,22123,22123,11.72
West Feliciana,LA,22125,22125,24.16
Winn,LA,22127,22127,13.95
Androscoggin,ME,23001,23001,22.77
Aroostook,ME,23003,23003,19.24
Cumberland,ME,23005,23005,47.6
Franklin,ME,23007,23007,24.79
Hancock,ME,23009,23009,34.06
Kennebec,ME,23011,23011,28.05
Knox,ME,23013,23013,33.54
Lincoln,ME,23015,23015,33.48
Oxford,ME,23017,23017,19.2
Penobscot,ME,23019,23019,27.71
Piscataquis,ME,23021,23021,18.41
Sagadahoc,ME,23023,23023,36.36
Somerset,ME,23025,23025,16.48
Waldo,ME,23027,23027,31.4
Washington,ME,23029,23029,22.04
York,ME,23031,23031,32.51
Allegany,MD,24001,24001,18.89
Anne Arundel,MD,24003,24003,41.75
Baltimore,MD,24005,24005,39.36
Calvert,MD,24009,24009,32.41
Caroline,MD,24011,24011,18.41
Carroll,MD,24013,24013,36.38
Cecil,MD,24015,24015,23.93
Charles,MD,24017,24017,28.94
Dorchester,MD,24019,24019,21.16
Frederick,MD,24021,24021,41.4
Garrett,MD,24023,24023,20.94
Harford,MD,24025,24025,36.7
Howard,MD,24027,24027,62.56
Kent,MD,24029,24029,35.13
Montgomery,MD,24031,24031,58.86
Prince George's,MD,24033,24033,33.08
Queen Anne's,MD,24035,24035,36.46
St. Mary's,MD,24037,24037,31.89
Somerset,MD,24039,24039,14.43
Talbot,MD,24041,24041,40.58
Washington,MD,24043,24043,21.93
Wicomico,MD,24045,24045,27.23
Worcester,MD,24047,24047,29.05
Baltimore City,MD,24510,24510,31.91
Barnstable,MA,25001,25001,43.42
Berkshire,MA,25003,25003,33.64
Bristol,MA,25005,25005,28.66
Dukes,MA,25007,25007,44.93
Essex,MA,25009,25009,39.85
Franklin,MA,25011,25011,37.3
Hampden,MA,25013,25013,27.13
Hampshire,MA,25015,25015,48.33
Middlesex,MA,25017,25017,56.28
Nantucket,MA,25019,25019,52.83
Norfolk,MA,25021,25021,53.6
Plymouth,MA,25023,25023,37.61
Suffolk,MA,25025,25025,46.06
Worcester,MA,25027,25027,36.4
Alcona,MI,26001,26001,16.95
Alger,MI,26003,26003,17.42
Allegan,MI,26005,26005,22.63
Alpena,MI,26007,26007,18
Antrim,MI,26009,26009,28.84
Arenac,MI,26011,26011,12.58
Baraga,MI,26013,26013,15.81
Barry,MI,26015,26015,21.07
Bay,MI,26017,26017,19.31
Benzie,MI,26019,26019,30.26
Berrien,MI,26021,26021,27.8
Branch,MI,26023,26023,14.41
Calhoun,MI,26025,26025,21.04
Cass,MI,26027,26027,19.17
Charlevoix,MI,26029,26029,31.08
Cheboygan,MI,26031,26031,20.67
Chippewa,MI,26033,26033,21.25
Clare,MI,26035,26035,12.62
Clinton,MI,26037,26037,32.09
Crawford,MI,26039,26039,19.39
Delta,MI,26041,26041,20.95
Dickinson,MI,26043,26043,25.75
Eaton,MI,26045,26045,27.76
Emmet,MI,26047,26047,33.42
Genesee,MI,26049,26049,21.2
Gladwin,MI,26051,26051,13.45
Gogebic,MI,26053,26053,19.44
Grand Traverse,MI,26055,26055,36.04
Gratiot,MI,26057,26057,15.36
Hillsdale,MI,26059,26059,17.34
Houghton,MI,26061,26061,32.61
Huron,MI,26063,26063,15.95
Ingham,MI,26065,26065,38.86
Ionia,MI,26067,26067,16.41
Iosco,MI,26069,26069,15.92
Iron,MI,26071,26071,18.5
Isabella,MI,26073,26073,29.06
Jackson,MI,26075,26075,22.15
Kalamazoo,MI,26077,26077,38.85
Kalkaska,MI,26079,26079,11.89
Kent,MI,26081,26081,35.72
Keweenaw,MI,26083,26083,32
Lake,MI,26085,26085,11.87
Lapeer,MI,26087,26087,18.26
Leelanau,MI,26089,26089,44.74
Lenawee,MI,26091,26091,21.01
Livingston,MI,26093,26093,35.39
Luce,MI,26095,26095,18.42
Mackinac,MI,26097,26097,23.25
Macomb,MI,26099,26099,24.85
Manistee,MI,26101,26101,20.3
Marquette,MI,26103,26103,32.94
Mason,MI,26105,26105,23.06
Mecosta,MI,26107,26107,22.66
Menominee,MI,26109,26109,16.28
Midland,MI,26111,26111,35.17
Missaukee,MI,26113,26113,13.99
Monroe,MI,26115,26115,20.51
Montcalm,MI,26117,26117,13.33
Montmorency,MI,26119,26119,13.67
Muskegon,MI,26121,26121,19.72
Newaygo,MI,26123,26123,16.63
Oakland,MI,26125,26125,47.24
Oceana,MI,26127,26127,19.52
Ogemaw,MI,26129,26129,12.16
Ontonagon,MI,26131,26131,16.54
Osceola,MI,26133,26133,14.18
Oscoda,MI,26135,26135,10.61
Otsego,MI,26137,26137,23.57
Ottawa,MI,26139,26139,34.05
Presque Isle,MI,26141,26141,17.89
Roscommon,MI,26143,26143,15.5
Saginaw,MI,26145,26145,20.85
St. Clair,MI,26147,26147,18.62
St. Joseph,MI,26149,26149,16.16
Sanilac,MI,26151,26151,14.17
Schoolcraft,MI,26153,26153,15.62
Shiawassee,MI,26155,26155,17.05
Tuscola,MI,26157,26157,13.47
Van Buren,MI,26159,26159,21.75
Washtenaw,MI,26161,26161,55.93
Wayne,MI,26163,26163,23.93
Wexford,MI,26165,26165,18.22
Aitkin,MN,27001,27001,18.05
Anoka,MN,27003,27003,30.51
Becker,MN,27005,27005,24.97
Beltrami,MN,27007,27007,29.22
Benton,MN,27009,27009,23.57
Big Stone,MN,27011,27011,15.41
Blue Earth,MN,27013,27013,34.82
Brown,MN,27015,27015,22.18
Carlton,MN,27017,27017,22.12
Carver,MN,27019,27019,48.95
Cass,MN,27021,27021,23.19
Chippewa,MN,27023,27023,18.98
Chisago,MN,27025,27025,21.49
Clay,MN,27027,27027,34.17
Clearwater,MN,27029,27029,17.05
Cook,MN,27031,27031,40.4
Cottonwood,MN,27033,27033,19.96
Crow Wing,MN,27035,27035,24.69
Dakota,MN,27037,27037,42.22
Dodge,MN,27039,27039,25.75
Douglas,MN,27041,27041,26.03
Faribault,MN,27043,27043,18.56
Fillmore,MN,27045,27045,22.19
Freeborn,MN,27047,27047,17.14
Goodhue,MN,27049,27049,26.02
Grant,MN,27051,27051,18.76
Hennepin,MN,27053,27053,50.06
Houston,MN,27055,27055,24.83
Hubbard,MN,27057,27057,27.36
Isanti,MN,27059,27059,18.5
Itasca,MN,27061,27061,23.05
Jackson,MN,27063,27063,22.55
Kanabec,MN,27065,27065,14.68
Kandiyohi,MN,27067,27067,23.26
Kittson,MN,27069,27069,25.87
Koochiching,MN,27071,27071,15.53
Lac qui Parle,MN,27073,27073,18.79
Lake,MN,27075,27075,28.81
Lake of the Woods,MN,27077,27077,16.67
Le Sueur,MN,27079,27079,23
Lincoln,MN,27081,27081,19.25
Lyon,MN,27083,27083,26.12
McLeod,MN,27085,27085,17.6
Mahnomen,MN,27087,27087,13.24
Marshall,MN,27089,27089,19.14
Martin,MN,27091,27091,20.48
Meeker,MN,27093,27093,19.46
Mille Lacs,MN,27095,27095,14.68
Morrison,MN,27097,27097,17.32
Mower,MN,27099,27099,22.18
Murray,MN,27101,27101,20.75
Nicollet,MN,27103,27103,33.8
Nobles,MN,27105,27105,15.31
Norman,MN,27107,27107,19.05
Olmsted,MN,27109,27109,44.9
Otter Tail,MN,27111,27111,24.93
Pennington,MN,27113,27113,19.32
Pine,MN,27115,27115,14.86
Pipestone,MN,27117,27117,21.32
Polk,MN,27119,27119,25.3
Pope,MN,27121,27121,22.92
Ramsey,MN,27123,27123,42.26
Red Lake,MN,27125,27125,16.2
Redwood,MN,27127,27127,19.06
Renville,MN,27129,27129,15.24
Rice,MN,27131,27131,28.29
Rock,MN,27133,27133,23.76
Roseau,MN,27135,27135,20.28
St. Louis,MN,27137,27137,29.32
Scott,MN,27139,27139,39.86
Sherburne,MN,27141,27141,26.58
Sibley,MN,27143,27143,16.41
Stearns,MN,27145,27145,27.47
Steele,MN,27147,27147,25.98
Stevens,MN,27149,27149,30.52
Swift,MN,27151,27151,19.56
Todd,MN,27153,27153,15.12
Traverse,MN,27155,27155,17.49
Wabasha,MN,27157,27157,23.7
Wadena,MN,27159,27159,13.8
Waseca,MN,27161,27161,21.41
Washington,MN,27163,27163,44.27
Watonwan,MN,27165,27165,15.47
Wilkin,MN,27167,27167,23.78
Winona,MN,27169,27169,30.07
Wright,MN,27171,27171,29.59
Yellow Medicine,MN,27173,27173,17.25
Adams,MS,28001,28001,17.44
Alcorn,MS,28003,28003,17.13
Amite,MS,28005,28005,12.56
Attala,MS,28007,28007,13.92
Benton,MS,28009,28009,11.54
Bolivar,MS,28011,28011,23.61
Calhoun,MS,28013,28013,11.79
Carroll,MS,28015,28015,12.25
Chickasaw,MS,28017,28017,12.44
Choctaw,MS,28019,28019,19.09
Claiborne,MS,28021,28021,23.98
Clarke,MS,28023,28023,12.47
Clay,MS,28025,28025,20.41
Coahoma,MS,28027,28027,16.45
Copiah,MS,28029,28029,14.54
Covington,MS,28031,28031,14.74
DeSoto,MS,28033,28033,25.04
Forrest,MS,28035,28035,27.77
Franklin,MS,28037,28037,12.01
George,MS,28039,28039,13.78
Greene,MS,28041,28041,9.72
Grenada,MS,28043,28043,21.33
Hancock,MS,28045,28045,22
Harrison,MS,28047,28047,23.06
Hinds,MS,28049,28049,29.02
Holmes,MS,28051,28051,10.18
Humphreys,MS,28053,28053,12.79
Issaquena,MS,28055,28055,3.15
Itawamba,MS,28057,28057,13.16
Jackson,MS,28059,28059,21.09
Jasper,MS,28061,28061,15.08
Jefferson,MS,28063,28063,15.91
Jefferson Davis,MS,28065,28065,14.14
Jones,MS,28067,28067,20.78
Kemper,MS,28069,28069,14.68
Lafayette,MS,28071,28071,45.6
Lamar,MS,28073,28073,34.1
Lauderdale,MS,28075,28075,19.73
Lawrence,MS,28077,28077,17.58
Leake,MS,28079,28079,14.28
Lee,MS,28081,28081,24.41
Leflore,MS,28083,28083,18.48
Lincoln,MS,28085,28085,16.15
Lowndes,MS,28087,28087,23.44
Madison,MS,28089,28089,48.41
Marion,MS,28091,28091,12.32
Marshall,MS,28093,28093,13.79
Monroe,MS,28095,28095,16.74
Montgomery,MS,28097,28097,19.33
Neshoba,MS,28099,28099,11.6
Newton,MS,28101,28101,16.41
Noxubee,MS,28103,28103,15.63
Oktibbeha,MS,28105,28105,42.63
Panola,MS,28107,28107,14.86
Pearl River,MS,28109,28109,16.65
Perry,MS,28111,28111,10.73
Pike,MS,28113,28113,16.61
Pontotoc,MS,28115,28115,18.07
Prentiss,MS,28117,28117,12.37
Quitman,MS,28119,28119,10.3
Rankin,MS,28121,28121,29.05
Scott,MS,28123,28123,11.39
Sharkey,MS,28125,28125,19.53
Simpson,MS,28127,28127,16.22
Smith,MS,28129,28129,12.18
Stone,MS,28131,28131,15.77
Sunflower,MS,28133,28133,15.36
Tallahatchie,MS,28135,28135,10.25
Tate,MS,28137,28137,15.81
Tippah,MS,28139,28139,15.19
Tishomingo,MS,28141,28141,11.38
Tunica,MS,28143,28143,16.9
Union,MS,28145,28145,13.36
Walthall,MS,28147,28147,14.4
Warren,MS,28149,28149,22.44
Washington,MS,28151,28151,17.94
Wayne,MS,28153,28153,15.25
Webster,MS,28155,28155,18.51
Wilkinson,MS,28157,28157,13.69
Winston,MS,28159,28159,14.7
Yalobusha,MS,28161,28161,13.77
Yazoo,MS,28163,28163,13.42
Adair,MO,29001,29001,31.04
Andrew,MO,29003,29003,24.89
Atchison,MO,29005,29005,23.05
Audrain,MO,29007,29007,14.73
Barry,MO,29009,29009,14.62
Barton,MO,29011,29011,19.86
Bates,MO,29013,29013,16.13
Benton,MO,29015,29015,12.99
Bollinger,MO,29017,29017,8.88
Boone,MO,29019,29019,46.07
Buchanan,MO,29021,29021,21.1
Butler,MO,29023,29023,13.33
Caldwell,MO,29025,29025,18.14
Callaway,MO,29027,29027,23.08
Camden,MO,29029,29029,21.08
Cape Girardeau,MO,29031,29031,31.51
Carroll,MO,29033,29033,16.72
Carter,MO,29035,29035,15.47
Cass,MO,29037,29037,26.35
Cedar,MO,29039,29039,13.61
Chariton,MO,29041,29041,17.23
Christian,MO,29043,29043,28.63
Clark,MO,29045,29045,12.77
Clay,MO,29047,29047,33.21
Clinton,MO,29049,29049,21.63
Cole,MO,29051,29051,33.35
Cooper,MO,29053,29053,22.15
Crawford,MO,29055,29055,11.53
Dade,MO,29057,29057,12.69
Dallas,MO,29059,29059,12.88
Daviess,MO,29061,29061,18.47
DeKalb,MO,29063,29063,13.84
Dent,MO,29065,29065,15.32
Douglas,MO,29067,29067,10.81
Dunklin,MO,29069,29069,13.82
Franklin,MO,29071,29071,20.92
Gasconade,MO,29073,29073,19.25
Gentry,MO,29075,29075,19.06
Greene,MO,29077,29077,30.49
Grundy,MO,29079,29079,17.13
Harrison,MO,29081,29081,16.54
Henry,MO,29083,29083,15.88
Hickory,MO,29085,29085,8.97
Holt,MO,29087,29087,19.66
Howard,MO,29089,29089,25.15
Howell,MO,29091,29091,18.03
Iron,MO,29093,29093,10.84
Jackson,MO,29095,29095,31.64
Jasper,MO,29097,29097,23.62
Jefferson,MO,29099,29099,20.41
Johnson,MO,29101,29101,28.87
Knox,MO,29103,29103,17.2
Laclede,MO,29105,29105,14.58
Lafayette,MO,29107,29107,20.25
Lawrence,MO,29109,29109,15.97
Lewis,MO,29111,29111,13.63
Lincoln,MO,29113,29113,16.84
Linn,MO,29115,29115,16.9
Livingston,MO,29117,29117,18.82
McDonald,MO,29119,29119,11.46
Macon,MO,29121,29121,16.32
Madison,MO,29123,29123,15.57
Maries,MO,29125,29125,15.84
Marion,MO,29127,29127,22.36
Mercer,MO,29129,29129,18.87
Miller,MO,29131,29131,19.41
Mississippi,MO,29133,29133,11.55
Moniteau,MO,29135,29135,20.49
Monroe,MO,29137,29137,12.44
Montgomery,MO,29139,29139,13.97
Morgan,MO,29141,29141,13.3
New Madrid,MO,29143,29143,12.11
Newton,MO,29145,29145,20.02
Nodaway,MO,29147,29147,28.56
Oregon,MO,29149,29149,14.57
Osage,MO,29151,29151,18.93
Ozark,MO,29153,29153,10.99
Pemiscot,MO,29155,29155,12.74
Perry,MO,29157,29157,17.68
Pettis,MO,29159,29159,17.98
Phelps,MO,29161,29161,29.14
Pike,MO,29163,29163,15.61
Platte,MO,29165,29165,43.13
Polk,MO,29167,29167,19.88
Pulaski,MO,29169,29169,28.26
Putnam,MO,29171,29171,19.33
Ralls,MO,29173,29173,14.89
Randolph,MO,29175,29175,15.11
Ray,MO,29177,29177,14.62
Reynolds,MO,29179,29179,13.69
Ripley,MO,29181,29181,10.16
St. Charles,MO,29183,29183,38.86
St. Clair,MO,29185,29185,13.89
Ste. Genevieve,MO,29186,29186,19.73
St. Francois,MO,29187,29187,14.28
St. Louis,MO,29189,29189,43.65
Saline,MO,29195,29195,19.35
Schuyler,MO,29197,29197,12.6
Scotland,MO,29199,29199,14.23
Scott,MO,29201,29201,16.3
Shannon,MO,29203,29203,14.87
Shelby,MO,29205,29205,18.06
Stoddard,MO,29207,29207,13.28
Stone,MO,29209,29209,18.56
Sullivan,MO,29211,29211,11.71
Taney,MO,29213,29213,19.91
Texas,MO,29215,29215,13.47
Vernon,MO,29217,29217,18.87
Warren,MO,29219,29219,19.12
Washington,MO,29221,29221,9.89
Wayne,MO,29223,29223,9.61
Webster,MO,29225,29225,16.81
Worth,MO,29227,29227,20
Wright,MO,29229,29229,10.21
St. Louis City,MO,29510,29510,36.33
Beaverhead,MT,30001,30001,35.42
Big Horn,MT,30003,30003,18.08
Blaine,MT,30005,30005,22.86
Broadwater,MT,30007,30007,27.05
Carbon,MT,30009,30009,30.4
Carter,MT,30011,30011,20.21
Cascade,MT,30013,30013,25.71
Chouteau,MT,30015,30015,28.33
Custer,MT,30017,30017,24.64
Daniels,MT,30019,30019,24.01
Dawson,MT,30021,30021,22.21
Deer Lodge,MT,30023,30023,20.44
Fallon,MT,30025,30025,19.01
Fergus,MT,30027,30027,29.06
Flathead,MT,30029,30029,31.01
Gallatin,MT,30031,30031,50.12
Garfield,MT,30033,30033,14.32
Glacier,MT,30035,30035,21.4
Golden Valley,MT,30037,30037,22.74
Granite,MT,30039,30039,28.93
Hill,MT,30041,30041,25.4
Jefferson,MT,30043,30043,34.98
Judith Basin,MT,30045,30045,26.57
Lake,MT,30047,30047,29.57
Lewis and Clark,MT,30049,30049,40.11
Liberty,MT,30051,30051,15.2
Lincoln,MT,30053,30053,19.6
McCone,MT,30055,30055,17.25
Madison,MT,30057,30057,31.2
Meagher,MT,30059,30059,29.27
Mineral,MT,30061,30061,16.1
Missoula,MT,30063,30063,43
Musselshell,MT,30065,30065,16.27
Park,MT,30067,30067,31.45
Petroleum,MT,30069,30069,32.57
Phillips,MT,30071,30071,17.24
Pondera,MT,30073,30073,23.95
Powder River,MT,30075,30075,24.38
Powell,MT,30077,30077,20.38
Prairie,MT,30079,30079,22.23
Ravalli,MT,30081,30081,27.82
Richland,MT,30083,30083,18.92
Roosevelt,MT,30085,30085,17.4
Rosebud,MT,30087,30087,17.82
Sanders,MT,30089,30089,17.86
Sheridan,MT,30091,30091,23.87
Silver Bow,MT,30093,30093,27.23
Stillwater,MT,30095,30095,25.03
Sweet Grass,MT,30097,30097,25.36
Teton,MT,30099,30099,24.94
Toole,MT,30101,30101,15.23
Treasure,MT,30103,30103,25.38
Valley,MT,30105,30105,21.53
Wheatland,MT,30107,30107,19.59
Wibaux,MT,30109,30109,23.42
Yellowstone,MT,30111,30111,32.05
Adams,NE,31001,31001,24.33
Antelope,NE,31003,31003,18.38
Arthur,NE,31005,31005,26.22
Banner,NE,31007,31007,23.3
Blaine,NE,31009,31009,22.99
Boone,NE,31011,31011,21.08
Box Butte,NE,31013,31013,17.13
Boyd,NE,31015,31015,16.66
Brown,NE,31017,31017,20.69
Buffalo,NE,31019,31019,34.64
Burt,NE,31021,31021,21.33
Butler,NE,31023,31023,21.39
Cass,NE,31025,31025,27.69
Cedar,NE,31027,31027,21.02
Chase,NE,31029,31029,21.01
Cherry,NE,31031,31031,22.88
Cheyenne,NE,31033,31033,25.4
Clay,NE,31035,31035,19.93
Colfax,NE,31037,31037,15.4
Cuming,NE,31039,31039,23.79
Custer,NE,31041,31041,23.98
Dakota,NE,31043,31043,13
Dawes,NE,31045,31045,36.89
Dawson,NE,31047,31047,15.8
Deuel,NE,31049,31049,15.89
Dixon,NE,31051,31051,21.18
Dodge,NE,31053,31053,18.95
Douglas,NE,31055,31055,39.71
Dundy,NE,31057,31057,23.25
Fillmore,NE,31059,31059,21.45
Franklin,NE,31061,31061,17.3
Frontier,NE,31063,31063,21.52
Furnas,NE,31065,31065,17.38
Gage,NE,31067,31067,20.79
Garden,NE,31069,31069,22.48
Garfield,NE,31071,31071,25.46
Gosper,NE,31073,31073,29.51
Grant,NE,31075,31075,26.82
Greeley,NE,31077,31077,16.33
Hall,NE,31079,31079,21.51
Hamilton,NE,31081,31081,24.97
Harlan,NE,31083,31083,22.41
Hayes,NE,31085,31085,18.32
Hitchcock,NE,31087,31087,17.59
Holt,NE,31089,31089,22.36
Hooker,NE,31091,31091,26.42
Howard,NE,31093,31093,21.12
Jefferson,NE,31095,31095,17.84
Johnson,NE,31097,31097,17.46
Kearney,NE,31099,31099,26.68
Keith,NE,31101,31101,20.49
Keya Paha,NE,31103,31103,25.05
Kimball,NE,31105,31105,16.15
Knox,NE,31107,31107,21.64
Lancaster,NE,31109,31109,39.52
Lincoln,NE,31111,31111,23.25
Logan,NE,31113,31113,19.61
Loup,NE,31115,31115,25.32
McPherson,NE,31117,31117,21.98
Madison,NE,31119,31119,23
Merrick,NE,31121,31121,17.8
Morrill,NE,31123,31123,19.53
Nance,NE,31125,31125,18.29
Nemaha,NE,31127,31127,27.81
Nuckolls,NE,31129,31129,20.94
Otoe,NE,31131,31131,23.44
Pawnee,NE,31133,31133,17.08
Perkins,NE,31135,31135,28.08
Phelps,NE,31137,31137,23.48
Pierce,NE,31139,31139,23.17
Platte,NE,31141,31141,21.76
Polk,NE,31143,31143,21.83
Red Willow,NE,31145,31145,19.09
Richardson,NE,31147,31147,19.03
Rock,NE,31149,31149,23.18
Saline,NE,31151,31151,17.77
Sarpy,NE,31153,31153,39.78
Saunders,NE,31155,31155,25.44
Scotts Bluff,NE,31157,31157,22.89
Seward,NE,31159,31159,28.89
Sheridan,NE,31161,31161,22.79
Sherman,NE,31163,31163,20.19
Sioux,NE,31165,31165,30.59
Stanton,NE,31167,31167,17.84
Thayer,NE,31169,31169,18.81
Thomas,NE,31171,31171,24.74
Thurston,NE,31173,31173,16.37
Valley,NE,31175,31175,24.22
Washington,NE,31177,31177,29.9
Wayne,NE,31179,31179,32.35
Webster,NE,31181,31181,23.05
Wheeler,NE,31183,31183,19.44
York,NE,31185,31185,28.41
Churchill,NV,32001,32001,18.8
Clark,NV,32003,32003,24.46
Douglas,NV,32005,32005,29.43
Elko,NV,32007,32007,16.63
Esmeralda,NV,32009,32009,16.06
Eureka,NV,32011,32011,8.77
Humboldt,NV,32013,32013,16.77
Lander,NV,32015,32015,12.4
Lincoln,NV,32017,32017,19.61
Lyon,NV,32019,32019,14.44
Mineral,NV,32021,32021,14.95
Nye,NV,32023,32023,10.74
Pershing,NV,32027,32027,11.15
Storey,NV,32029,32029,31.41
Washoe,NV,32031,32031,30.84
White Pine,NV,32033,32033,13.15
Carson City,NV,32510,32510,22.17
Belknap,NH,33001,33001,32.56
Carroll,NH,33003,33003,34.27
Cheshire,NH,33005,33005,33.13
Coos,NH,33007,33007,18.24
Grafton,NH,33009,33009,40.62
Hillsborough,NH,33011,33011,38.11
Merrimack,NH,33013,33013,35.64
Rockingham,NH,33015,33015,41.44
Strafford,NH,33017,33017,35.75
Sullivan,NH,33019,33019,28.11
Atlantic,NJ,34001,34001,28.13
Bergen,NJ,34003,34003,49.35
Burlington,NJ,34005,34005,38.02
Camden,NJ,34007,34007,32.45
Cape May,NJ,34009,34009,32.82
Cumberland,NJ,34011,34011,15.57
Essex,NJ,34013,34013,35.46
Gloucester,NJ,34015,34015,33
Hudson,NJ,34017,34017,42.28
Hunterdon,NJ,34019,34019,52.7
Mercer,NJ,34021,34021,42.61
Middlesex,NJ,34023,34023,43.56
Monmouth,NJ,34025,34025,46.04
Morris,NJ,34027,34027,54.06
Ocean,NJ,34029,34029,29.95
Passaic,NJ,34031,34031,28.17
Salem,NJ,34033,34033,21.03
Somerset,NJ,34035,34035,54.66
Sussex,NJ,34037,34037,36.12
Union,NJ,34039,34039,35.96
Warren,NJ,34041,34041,33.02
Bernalillo,NM,35001,35001,34.41
Catron,NM,35003,35003,15.67
Chaves,NM,35005,35005,17.96
Cibola,NM,35006,35006,14.19
Colfax,NM,35007,35007,21.72
Curry,NM,35009,35009,19.19
De Baca,NM,35011,35011,13.01
Doa Ana,NM,35013,35013,27.14
Eddy,NM,35015,35015,16.21
Grant,NM,35017,35017,28.82
Guadalupe,NM,35019,35019,7.56
Harding,NM,35021,35021,21.69
Hidalgo,NM,35023,35023,14.61
Lea,NM,35025,35025,13.61
Lincoln,NM,35027,35027,25.76
Los Alamos,NM,35028,35028,67.41
Luna,NM,35029,35029,12.52
McKinley,NM,35031,35031,11.43
Mora,NM,35033,35033,11
Otero,NM,35035,35035,17.48
Quay,NM,35037,35037,17.08
Rio Arriba,NM,35039,35039,19.26
Roosevelt,NM,35041,35041,23.93
Sandoval,NM,35043,35043,30.47
San Juan,NM,35045,35045,14.95
San Miguel,NM,35047,35047,21.43
Santa Fe,NM,35049,35049,41.04
Sierra,NM,35051,35051,21.08
Socorro,NM,35053,35053,21.95
Taos,NM,35055,35055,28.71
Torrance,NM,35057,35057,14.84
Union,NM,35059,35059,11.72
Valencia,NM,35061,35061,18.52
Albany,NY,36001,36001,41.82
Allegany,NY,36003,36003,20.87
Bronx,NY,36005,36005,20.07
Broome,NY,36007,36007,28.38
Cattaraugus,NY,36009,36009,19.08
Cayuga,NY,36011,36011,22.59
Chautauqua,NY,36013,36013,22.25
Chemung,NY,36015,36015,23.26
Chenango,NY,36017,36017,18.65
Clinton,NY,36019,36019,22.86
Columbia,NY,36021,36021,32.67
Cortland,NY,36023,36023,27.96
Delaware,NY,36025,36025,22.6
Dutchess,NY,36027,36027,35.05
Erie,NY,36029,36029,34.36
Essex,NY,36031,36031,26.8
Franklin,NY,36033,36033,19.08
Fulton,NY,36035,36035,18.22
Genesee,NY,36037,36037,22.28
Greene,NY,36039,36039,22.07
Hamilton,NY,36041,36041,16.85
Herkimer,NY,36043,36043,21.48
Jefferson,NY,36045,36045,22.23
Kings,NY,36047,36047,37.49
Lewis,NY,36049,36049,18.42
Livingston,NY,36051,36051,26.45
Madison,NY,36053,36053,26.21
Monroe,NY,36055,36055,38.63
Montgomery,NY,36057,36057,17.79
Nassau,NY,36059,36059,45.96
New York,NY,36061,36061,61.31
Niagara,NY,36063,36063,24.6
Oneida,NY,36065,36065,25.75
Onondaga,NY,36067,36067,35.89
Ontario,NY,36069,36069,36.31
Orange,NY,36071,36071,30.33
Orleans,NY,36073,36073,16.19
Oswego,NY,36075,36075,18.98
Otsego,NY,36077,36077,31.05
Putnam,NY,36079,36079,39.6
Queens,NY,36081,36081,32.17
Rensselaer,NY,36083,36083,32.02
Richmond,NY,36085,36085,33.86
Rockland,NY,36087,36087,41.09
St. Lawrence,NY,36089,36089,23.81
Saratoga,NY,36091,36091,41.38
Schenectady,NY,36093,36093,32.1
Schoharie,NY,36095,36095,22.43
Schuyler,NY,36097,36097,23.46
Seneca,NY,36099,36099,21.07
Steuben,NY,36101,36101,23.65
Suffolk,NY,36103,36103,36.35
Sullivan,NY,36105,36105,24.77
Tioga,NY,36107,36107,26
Tompkins,NY,36109,36109,53.52
Ulster,NY,36111,36111,32.45
Warren,NY,36113,36113,31.34
Washington,NY,36115,36115,20.53
Wayne,NY,36117,36117,22.64
Westchester,NY,36119,36119,48.92
Wyoming,NY,36121,36121,17.67
Yates,NY,36123,36123,25.2
Alamance,NC,37001,37001,24.84
Alexander,NC,37003,37003,14.21
Alleghany,NC,37005,37005,17.34
Anson,NC,37007,37007,11.28
Ashe,NC,37009,37009,19.66
Avery,NC,37011,37011,20.68
Beaufort,NC,37013,37013,20.58
Bertie,NC,37015,37015,13.64
Bladen,NC,37017,37017,15.81
Brunswick,NC,37019,37019,29.86
Buncombe,NC,37021,37021,40.14
Burke,NC,37023,37023,16.44
Cabarrus,NC,37025,37025,32.29
Caldwell,NC,37027,37027,15.75
Camden,NC,37029,37029,17.12
Carteret,NC,37031,37031,29.08
Caswell,NC,37033,37033,15.94
Catawba,NC,37035,37035,22.62
Chatham,NC,37037,37037,42.36
Cherokee,NC,37039,37039,19.03
Chowan,NC,37041,37041,21.67
Clay,NC,37043,37043,23.69
Cleveland,NC,37045,37045,17.57
Columbus,NC,37047,37047,13.81
Craven,NC,37049,37049,25.25
Cumberland,NC,37051,37051,25.5
Currituck,NC,37053,37053,23.47
Dare,NC,37055,37055,34.73
Davidson,NC,37057,37057,18.48
Davie,NC,37059,37059,24.01
Duplin,NC,37061,37061,12.1
Durham,NC,37063,37063,48.22
Edgecombe,NC,37065,37065,13.56
Forsyth,NC,37067,37067,34
Franklin,NC,37069,37069,21.97
Gaston,NC,37071,37071,21.23
Gates,NC,37073,37073,14.31
Graham,NC,37075,37075,12.93
Granville,NC,37077,37077,22.51
Greene,NC,37079,37079,11.04
Guilford,NC,37081,37081,36.03
Halifax,NC,37083,37083,14.45
Harnett,NC,37085,37085,21.86
Haywood,NC,37087,37087,25.99
Henderson,NC,37089,37089,31.8
Hertford,NC,37091,37091,14.91
Hoke,NC,37093,37093,17.74
Hyde,NC,37095,37095,9.18
Iredell,NC,37097,37097,28.43
Jackson,NC,37099,37099,30.37
Johnston,NC,37101,37101,22.85
Jones,NC,37103,37103,12.18
Lee,NC,37105,37105,21.49
Lenoir,NC,37107,37107,14.92
Lincoln,NC,37109,37109,23.01
McDowell,NC,37111,37111,17.44
Macon,NC,37113,37113,23.81
Madison,NC,37115,37115,28.52
Martin,NC,37117,37117,16.4
Mecklenburg,NC,37119,37119,45.38
Mitchell,NC,37121,37121,20.48
Montgomery,NC,37123,37123,15.66
Moore,NC,37125,37125,37.43
Nash,NC,37127,37127,20.77
New Hanover,NC,37129,37129,40.59
Northampton,NC,37131,37131,13.77
Onslow,NC,37133,37133,22.93
Orange,NC,37135,37135,59.73
Pamlico,NC,37137,37137,18.52
Pasquotank,NC,37139,37139,22.09
Pender,NC,37141,37141,27.92
Perquimans,NC,37143,37143,20.15
Person,NC,37145,37145,15.57
Pitt,NC,37147,37147,32.66
Polk,NC,37149,37149,29.08
Randolph,NC,37151,37151,15.69
Richmond,NC,37153,37153,15.72
Robeson,NC,37155,37155,13.7
Rockingham,NC,37157,37157,15.07
Rowan,NC,37159,37159,18.51
Rutherford,NC,37161,37161,17.83
Sampson,NC,37163,37163,13.7
Scotland,NC,37165,37165,15.51
Stanly,NC,37167,37167,17.32
Stokes,NC,37169,37169,14.14
Surry,NC,37171,37171,18.03
Swain,NC,37173,37173,18.18
Transylvania,NC,37175,37175,32.64
Tyrrell,NC,37177,37177,10.59
Union,NC,37179,37179,35.4
Vance,NC,37181,37181,14.85
Wake,NC,37183,37183,52.75
Warren,NC,37185,37185,15.81
Washington,NC,37187,37187,11.51
Watauga,NC,37189,37189,42.23
Wayne,NC,37191,37191,19.03
Wilkes,NC,37193,37193,15.81
Wilson,NC,37195,37195,19.64
Yadkin,NC,37197,37197,11.65
Yancey,NC,37199,37199,20.28
Adams,ND,38001,38001,25.58
Barnes,ND,38003,38003,29.42
Benson,ND,38005,38005,16.16
Billings,ND,38007,38007,26.35
Bottineau,ND,38009,38009,24.01
Bowman,ND,38011,38011,24.23
Burke,ND,38013,38013,22.76
Burleigh,ND,38015,38015,35.77
Cass,ND,38017,38017,40.19
Cavalier,ND,38019,38019,19.46
Dickey,ND,38021,38021,28.75
Divide,ND,38023,38023,18.53
Dunn,ND,38025,38025,21.27
Eddy,ND,38027,38027,26.24
Emmons,ND,38029,38029,18.17
Foster,ND,38031,38031,26.72
Golden Valley,ND,38033,38033,26.86
Grand Forks,ND,38035,38035,35.58
Grant,ND,38037,38037,18.05
Griggs,ND,38039,38039,25.77
Hettinger,ND,38041,38041,12.98
Kidder,ND,38043,38043,17.7
LaMoure,ND,38045,38045,24.59
Logan,ND,38047,38047,19.64
McHenry,ND,38049,38049,21.41
McIntosh,ND,38051,38051,15.61
McKenzie,ND,38053,38053,25.77
McLean,ND,38055,38055,20.83
Mercer,ND,38057,38057,21.72
Morton,ND,38059,38059,26.86
Mountrail,ND,38061,38061,20.42
Nelson,ND,38063,38063,24.97
Oliver,ND,38065,38065,21.07
Pembina,ND,38067,38067,20.63
Pierce,ND,38069,38069,20.96
Ramsey,ND,38071,38071,26.39
Ransom,ND,38073,38073,19.11
Renville,ND,38075,38075,20.1
Richland,ND,38077,38077,21.3
Rolette,ND,38079,38079,19.59
Sargent,ND,38081,38081,18.48
Sheridan,ND,38083,38083,14.6
Sioux,ND,38085,38085,15.01
Slope,ND,38087,38087,25.92
Stark,ND,38089,38089,22.45
Steele,ND,38091,38091,30.93
Stutsman,ND,38093,38093,23.66
Towner,ND,38095,38095,16.99
Traill,ND,38097,38097,28.94
Walsh,ND,38099,38099,17.2
Ward,ND,38101,38101,29.29
Wells,ND,38103,38103,22.18
Williams,ND,38105,38105,23.56
Adams,OH,39001,39001,13.18
Allen,OH,39003,39003,18.93
Ashland,OH,39005,39005,20.95
Ashtabula,OH,39007,39007,14.28
Athens,OH,39009,39009,30.19
Auglaize,OH,39011,39011,18.87
Belmont,OH,39013,39013,16.67
Brown,OH,39015,39015,14.91
Butler,OH,39017,39017,30.24
Carroll,OH,39019,39019,13.27
Champaign,OH,39021,39021,16.08
Clark,OH,39023,39023,18.71
Clermont,OH,39025,39025,28.63
Clinton,OH,39027,39027,18.92
Columbiana,OH,39029,39029,14.86
Coshocton,OH,39031,39031,13.16
Crawford,OH,39033,39033,14.38
Cuyahoga,OH,39035,39035,32.53
Darke,OH,39037,39037,15.79
Defiance,OH,39039,39039,17.95
Delaware,OH,39041,39041,54.32
Erie,OH,39043,39043,23.15
Fairfield,OH,39045,39045,27.56
Fayette,OH,39047,39047,16.26
Franklin,OH,39049,39049,40.05
Fulton,OH,39051,39051,17.64
Gallia,OH,39053,39053,15.89
Geauga,OH,39055,39055,38.01
Greene,OH,39057,39057,39.2
Guernsey,OH,39059,39059,14.6
Hamilton,OH,39061,39061,37.92
Hancock,OH,39063,39063,27.06
Hardin,OH,39065,39065,16.21
Harrison,OH,39067,39067,11.57
Henry,OH,39069,39069,17.16
Highland,OH,39071,39071,13.44
Hocking,OH,39073,39073,14.42
Holmes,OH,39075,39075,9.65
Huron,OH,39077,39077,14.42
Jackson,OH,39079,39079,14.46
Jefferson,OH,39081,39081,15.82
Knox,OH,39083,39083,22.96
Lake,OH,39085,39085,27.39
Lawrence,OH,39087,39087,14.85
Licking,OH,39089,39089,26.06
Logan,OH,39091,39091,16.51
Lorain,OH,39093,39093,24.88
Lucas,OH,39095,39095,26.28
Madison,OH,39097,39097,17.46
Mahoning,OH,39099,39099,24.19
Marion,OH,39101,39101,12.54
Medina,OH,39103,39103,33.92
Meigs,OH,39105,39105,13.11
Mercer,OH,39107,39107,18.3
Miami,OH,39109,39109,23.29
Monroe,OH,39111,39111,12.5
Montgomery,OH,39113,39113,27.88
Morgan,OH,39115,39115,10.19
Morrow,OH,39117,39117,13.84
Muskingum,OH,39119,39119,16.09
Noble,OH,39121,39121,9.91
Ottawa,OH,39123,39123,23.06
Paulding,OH,39125,39125,15.65
Perry,OH,39127,39127,12.18
Pickaway,OH,39129,39129,18.41
Pike,OH,39131,39131,12.64
Portage,OH,39133,39133,29
Preble,OH,39135,39135,16.28
Putnam,OH,39137,39137,20.92
Richland,OH,39139,39139,18.32
Ross,OH,39141,39141,15.77
Sandusky,OH,39143,39143,16.1
Scioto,OH,39145,39145,15.7
Seneca,OH,39147,39147,16.82
Shelby,OH,39149,39149,18.71
Stark,OH,39151,39151,22.8
Summit,OH,39153,39153,32.46
Trumbull,OH,39155,39155,18.72
Tuscarawas,OH,39157,39157,17.35
Union,OH,39159,39159,35.53
Van Wert,OH,39161,39161,16.6
Vinton,OH,39163,39163,12.78
Warren,OH,39165,39165,42.99
Washington,OH,39167,39167,18.83
Wayne,OH,39169,39169,22.2
Williams,OH,39171,39171,15.25
Wood,OH,39173,39173,33.52
Wyandot,OH,39175,39175,17.16
Adair,OK,40001,40001,11.63
Alfalfa,OK,40003,40003,21.83
Atoka,OK,40005,40005,14.97
Beaver,OK,40007,40007,19.92
Beckham,OK,40009,40009,16.8
Blaine,OK,40011,40011,16.53
Bryan,OK,40013,40013,21.86
Caddo,OK,40015,40015,15.37
Canadian,OK,40017,40017,27.4
Carter,OK,40019,40019,20.51
Cherokee,OK,40021,40021,26.31
Choctaw,OK,40023,40023,13.38
Cimarron,OK,40025,40025,22.77
Cleveland,OK,40027,40027,33.45
Coal,OK,40029,40029,17.34
Comanche,OK,40031,40031,22.19
Cotton,OK,40033,40033,13.73
Craig,OK,40035,40035,14.68
Creek,OK,40037,40037,16.95
Custer,OK,40039,40039,24.79
Delaware,OK,40041,40041,18.11
Dewey,OK,40043,40043,24.04
Ellis,OK,40045,40045,20.11
Garfield,OK,40047,40047,22.91
Garvin,OK,40049,40049,14.75
Grady,OK,40051,40051,19.89
Grant,OK,40053,40053,24.62
Greer,OK,40055,40055,12.29
Harmon,OK,40057,40057,20.71
Harper,OK,40059,40059,19.32
Haskell,OK,40061,40061,16.16
Hughes,OK,40063,40063,12.9
Jackson,OK,40065,40065,23.32
Jefferson,OK,40067,40067,14.71
Johnston,OK,40069,40069,20.1
Kay,OK,40071,40071,18.91
Kingfisher,OK,40073,40073,22.37
Kiowa,OK,40075,40075,17.23
Latimer,OK,40077,40077,17.16
Le Flore,OK,40079,40079,14.65
Lincoln,OK,40081,40081,15.48
Logan,OK,40083,40083,27.72
Love,OK,40085,40085,13.53
McClain,OK,40087,40087,24.99
McCurtain,OK,40089,40089,13.45
McIntosh,OK,40091,40091,13.88
Major,OK,40093,40093,19.97
Marshall,OK,40095,40095,14.85
Mayes,OK,40097,40097,14.32
Murray,OK,40099,40099,17.42
Muskogee,OK,40101,40101,20.4
Noble,OK,40103,40103,23.18
Nowata,OK,40105,40105,11.51
Okfuskee,OK,40107,40107,11.64
Oklahoma,OK,40109,40109,31.99
Okmulgee,OK,40111,40111,14.09
Osage,OK,40113,40113,18.02
Ottawa,OK,40115,40115,14.52
Pawnee,OK,40117,40117,16.63
Payne,OK,40119,40119,37.41
Pittsburg,OK,40121,40121,16.11
Pontotoc,OK,40123,40123,28.23
Pottawatomie,OK,40125,40125,18.27
Pushmataha,OK,40127,40127,14.27
Roger Mills,OK,40129,40129,16.2
Rogers,OK,40131,40131,24.86
Seminole,OK,40133,40133,14.31
Sequoyah,OK,40135,40135,14.4
Stephens,OK,40137,40137,16.89
Texas,OK,40139,40139,22.15
Tillman,OK,40141,40141,17.25
Tulsa,OK,40143,40143,31.82
Wagoner,OK,40145,40145,23.2
Washington,OK,40147,40147,28.47
Washita,OK,40149,40149,20.8
Woods,OK,40151,40151,30.32
Woodward,OK,40153,40153,19.44
Baker,OR,41001,41001,23.73
Benton,OR,41003,41003,54.15
Clackamas,OR,41005,41005,37.42
Clatsop,OR,41007,41007,24.39
Columbia,OR,41009,41009,18.47
Coos,OR,41011,41011,17.76
Crook,OR,41013,41013,19.75
Curry,OR,41015,41015,24.59
Deschutes,OR,41017,41017,35.39
Douglas,OR,41019,41019,17.28
Gilliam,OR,41021,41021,17.42
Grant,OR,41023,41023,18.94
Harney,OR,41025,41025,18.41
Hood River,OR,41027,41027,31.96
Jackson,OR,41029,41029,27.84
Jefferson,OR,41031,41031,19.36
Josephine,OR,41033,41033,17.45
Klamath,OR,41035,41035,20.02
Lake,OR,41037,41037,16.41
Lane,OR,41039,41039,30.46
Lincoln,OR,41041,41041,24.91
Linn,OR,41043,41043,19.28
Malheur,OR,41045,41045,13.7
Marion,OR,41047,41047,23.51
Morrow,OR,41049,41049,9
Multnomah,OR,41051,41051,45.86
Polk,OR,41053,41053,30.96
Sherman,OR,41055,41055,17.27
Tillamook,OR,41057,41057,21.81
Umatilla,OR,41059,41059,17.18
Union,OR,41061,41061,24.52
Wallowa,OR,41063,41063,26.45
Wasco,OR,41065,41065,19.57
Washington,OR,41067,41067,44.44
Wheeler,OR,41069,41069,14.87
Yamhill,OR,41071,41071,26.86
Adams,PA,42001,42001,22.28
Allegheny,PA,42003,42003,41.65
Armstrong,PA,42005,42005,16.74
Beaver,PA,42007,42007,24.71
Bedford,PA,42009,42009,14.73
Berks,PA,42011,42011,24.9
Blair,PA,42013,42013,21.28
Bradford,PA,42015,42015,18.72
Bucks,PA,42017,42017,41.29
Butler,PA,42019,42019,35.97
Cambria,PA,42021,42021,21.12
Cameron,PA,42023,42023,13.67
Carbon,PA,42025,42025,17.89
Centre,PA,42027,42027,45.45
Chester,PA,42029,42029,52.99
Clarion,PA,42031,42031,22.11
Clearfield,PA,42033,42033,15.07
Clinton,PA,42035,42035,19.46
Columbia,PA,42037,42037,22.9
Crawford,PA,42039,42039,21.13
Cumberland,PA,42041,42041,36.58
Dauphin,PA,42043,42043,30.82
Delaware,PA,42045,42045,39.03
Elk,PA,42047,42047,19.57
Erie,PA,42049,42049,27.89
Fayette,PA,42051,42051,17.28
Forest,PA,42053,42053,8.08
Franklin,PA,42055,42055,21.62
Fulton,PA,42057,42057,13.57
Greene,PA,42059,42059,17.61
Huntingdon,PA,42061,42061,17.42
Indiana,PA,42063,42063,22.96
Jefferson,PA,42065,42065,15.93
Juniata,PA,42067,42067,14.46
Lackawanna,PA,42069,42069,28.3
Lancaster,PA,42071,42071,27.27
Lawrence,PA,42073,42073,22.05
Lebanon,PA,42075,42075,20.68
Lehigh,PA,42077,42077,29.89
Luzerne,PA,42079,42079,22.88
Lycoming,PA,42081,42081,23.37
McKean,PA,42083,42083,18.86
Mercer,PA,42085,42085,22.75
Mifflin,PA,42087,42087,11.92
Monroe,PA,42089,42089,24.66
Montgomery,PA,42091,42091,49.28
Montour,PA,42093,42093,31.62
Northampton,PA,42095,42095,30.31
Northumberland,PA,42097,42097,16.59
Perry,PA,42099,42099,16.65
Philadelphia,PA,42101,42101,29.69
Pike,PA,42103,42103,26.81
Potter,PA,42105,42105,15.37
Schuylkill,PA,42107,42107,16.59
Snyder,PA,42109,42109,19.77
Somerset,PA,42111,42111,15.86
Sullivan,PA,42113,42113,17.2
Susquehanna,PA,42115,42115,18.61
Tioga,PA,42117,42117,19.09
Union,PA,42119,42119,26
Venango,PA,42121,42121,18.73
Warren,PA,42123,42123,19.51
Washington,PA,42125,42125,30.04
Wayne,PA,42127,42127,20.38
Westmoreland,PA,42129,42129,29.1
Wyoming,PA,42131,42131,19.63
York,PA,42133,42133,24.86
Bristol,RI,44001,44001,49.04
Kent,RI,44003,44003,33.28
Newport,RI,44005,44005,48.07
Providence,RI,44007,44007,28.97
Washington,RI,44009,44009,46.13
Abbeville,SC,45001,45001,15.58
Aiken,SC,45003,45003,26.42
Allendale,SC,45005,45005,9.22
Anderson,SC,45007,45007,22.23
Bamberg,SC,45009,45009,18.79
Barnwell,SC,45011,45011,12.54
Beaufort,SC,45013,45013,41.16
Berkeley,SC,45015,45015,24.98
Calhoun,SC,45017,45017,19.9
Charleston,SC,45019,45019,43.6
Cherokee,SC,45021,45021,14.17
Chester,SC,45023,45023,13.39
Chesterfield,SC,45025,45025,10.35
Clarendon,SC,45027,45027,15.08
Colleton,SC,45029,45029,14.57
Darlington,SC,45031,45031,18.45
Dillon,SC,45033,45033,11.12
Dorchester,SC,45035,45035,28.2
Edgefield,SC,45037,45037,16.66
Fairfield,SC,45039,45039,16.92
Florence,SC,45041,45041,23.62
Georgetown,SC,45043,45043,27.31
Greenville,SC,45045,45045,35.07
Greenwood,SC,45047,45047,24.6
Hampton,SC,45049,45049,11.87
Horry,SC,45051,45051,23.65
Jasper,SC,45053,45053,17.78
Kershaw,SC,45055,45055,20.34
Lancaster,SC,45057,45057,26.87
Laurens,SC,45059,45059,16.19
Lee,SC,45061,45061,15.87
Lexington,SC,45063,45063,30.37
McCormick,SC,45065,45065,20.48
Marion,SC,45067,45067,13.49
Marlboro,SC,45069,45069,8.89
Newberry,SC,45071,45071,17.93
Oconee,SC,45073,45073,25.78
Orangeburg,SC,45075,45075,19.89
Pickens,SC,45077,45077,25.97
Richland,SC,45079,45079,39.08
Saluda,SC,45081,45081,16.8
Spartanburg,SC,45083,45083,24.52
Sumter,SC,45085,45085,19.3
Union,SC,45087,45087,11.35
Williamsburg,SC,45089,45089,12.29
York,SC,45091,45091,33.31
Aurora,SD,46003,46003,21.48
Beadle,SD,46005,46005,20.52
Bennett,SD,46007,46007,15.74
Bon Homme,SD,46009,46009,18.26
Brookings,SD,46011,46011,40.34
Brown,SD,46013,46013,29.42
Brule,SD,46015,46015,27.08
Buffalo,SD,46017,46017,8.52
Butte,SD,46019,46019,19.2
Campbell,SD,46021,46021,28.03
Charles Mix,SD,46023,46023,18.59
Clark,SD,46025,46025,19.05
Clay,SD,46027,46027,49.95
Codington,SD,46029,46029,21.49
Corson,SD,46031,46031,17.83
Custer,SD,46033,46033,23.52
Davison,SD,46035,46035,26.49
Day,SD,46037,46037,21.56
Deuel,SD,46039,46039,22.16
Dewey,SD,46041,46041,16.56
Douglas,SD,46043,46043,15.54
Edmunds,SD,46045,46045,26.25
Fall River,SD,46047,46047,21.06
Faulk,SD,46049,46049,26.9
Grant,SD,46051,46051,21.87
Gregory,SD,46053,46053,20.16
Haakon,SD,46055,46055,15.64
Hamlin,SD,46057,46057,20.99
Hand,SD,46059,46059,22.1
Hanson,SD,46061,46061,18.47
Harding,SD,46063,46063,26
Hughes,SD,46065,46065,34.66
Hutchinson,SD,46067,46067,25.19
Hyde,SD,46069,46069,24.5
Jackson,SD,46071,46071,17.79
Jerauld,SD,46073,46073,22.54
Jones,SD,46075,46075,25.73
Kingsbury,SD,46077,46077,21.54
Lake,SD,46079,46079,33.12
Lawrence,SD,46081,46081,34.98
Lincoln,SD,46083,46083,37.55
Lyman,SD,46085,46085,20.34
McCook,SD,46087,46087,24.14
McPherson,SD,46089,46089,17.74
Marshall,SD,46091,46091,24.09
Meade,SD,46093,46093,27.21
Mellette,SD,46095,46095,12.01
Miner,SD,46097,46097,18.46
Minnehaha,SD,46099,46099,33.06
Moody,SD,46101,46101,21.33
Pennington,SD,46103,46103,31.47
Perkins,SD,46105,46105,20.32
Potter,SD,46107,46107,22.26
Roberts,SD,46109,46109,17.34
Sanborn,SD,46111,46111,21.61
Shannon,SD,46113,46113,10.42
Spink,SD,46115,46115,21.83
Stanley,SD,46117,46117,32.1
Sully,SD,46119,46119,25.03
Todd,SD,46121,46121,15.6
Tripp,SD,46123,46123,22.28
Turner,SD,46125,46125,23.74
Union,SD,46127,46127,30.61
Walworth,SD,46129,46129,24.85
Yankton,SD,46135,46135,25.66
Ziebach,SD,46137,46137,16.41
Anderson,TN,47001,47001,23.29
Bedford,TN,47003,47003,16.65
Benton,TN,47005,47005,12.27
Bledsoe,TN,47007,47007,12.02
Blount,TN,47009,47009,24.18
Bradley,TN,47011,47011,22.33
Campbell,TN,47013,47013,12.37
Cannon,TN,47015,47015,15.8
Carroll,TN,47017,47017,18.02
Carter,TN,47019,47019,17.52
Cheatham,TN,47021,47021,21.01
Chester,TN,47023,47023,15.96
Claiborne,TN,47025,47025,16.11
Clay,TN,47027,47027,13.9
Cocke,TN,47029,47029,11.56
Coffee,TN,47031,47031,20.47
Crockett,TN,47033,47033,13.84
Cumberland,TN,47035,47035,18.47
Davidson,TN,47037,47037,41.7
Decatur,TN,47039,47039,14.55
DeKalb,TN,47041,47041,16.71
Dickson,TN,47043,47043,16.18
Dyer,TN,47045,47045,16.11
Fayette,TN,47047,47047,22.19
Fentress,TN,47049,47049,15.98
Franklin,TN,47051,47051,20.84
Gibson,TN,47053,47053,18.41
Giles,TN,47055,47055,16.51
Grainger,TN,47057,47057,10.66
Greene,TN,47059,47059,16.73
Grundy,TN,47061,47061,13.18
Hamblen,TN,47063,47063,16.8
Hamilton,TN,47065,47065,32.18
Hancock,TN,47067,47067,11.24
Hardeman,TN,47069,47069,11.19
Hardin,TN,47071,47071,15.01
Hawkins,TN,47073,47073,13.71
Haywood,TN,47075,47075,11.04
Henderson,TN,47077,47077,14.37
Henry,TN,47079,47079,16.5
Hickman,TN,47081,47081,10.9
Houston,TN,47083,47083,13
Humphreys,TN,47085,47085,14.27
Jackson,TN,47087,47087,11.05
Jefferson,TN,47089,47089,16.75
Johnson,TN,47091,47091,11.58
Knox,TN,47093,47093,37.65
Lake,TN,47095,47095,9.38
Lauderdale,TN,47097,47097,8.25
Lawrence,TN,47099,47099,14.3
Lewis,TN,47101,47101,10.41
Lincoln,TN,47103,47103,18.39
Loudon,TN,47105,47105,26.44
McMinn,TN,47107,47107,16.21
McNairy,TN,47109,47109,12.63
Macon,TN,47111,47111,10.34
Madison,TN,47113,47113,25.63
Marion,TN,47115,47115,12.79
Marshall,TN,47117,47117,14.67
Maury,TN,47119,47119,23.05
Meigs,TN,47121,47121,9.79
Monroe,TN,47123,47123,13.43
Montgomery,TN,47125,47125,28.47
Moore,TN,47127,47127,22.68
Morgan,TN,47129,47129,9.39
Obion,TN,47131,47131,15.33
Overton,TN,47133,47133,12.8
Perry,TN,47135,47135,11.45
Pickett,TN,47137,47137,9.41
Polk,TN,47139,47139,11.86
Putnam,TN,47141,47141,26.44
Rhea,TN,47143,47143,16.94
Roane,TN,47145,47145,19.76
Robertson,TN,47147,47147,19.62
Rutherford,TN,47149,47149,32.24
Scott,TN,47151,47151,9.2
Sequatchie,TN,47153,47153,15.08
Sevier,TN,47155,47155,17.44
Shelby,TN,47157,47157,31.61
Smith,TN,47159,47159,14.42
Stewart,TN,47161,47161,15.59
Sullivan,TN,47163,47163,23.61
Sumner,TN,47165,47165,28.08
Tipton,TN,47167,47167,17.27
Trousdale,TN,47169,47169,13.8
Unicoi,TN,47171,47171,14.79
Union,TN,47173,47173,9.9
Van Buren,TN,47175,47175,7.76
Warren,TN,47177,47177,14.55
Washington,TN,47179,47179,31.77
Wayne,TN,47181,47181,9.73
Weakley,TN,47183,47183,21.56
White,TN,47185,47185,12.3
Williamson,TN,47187,47187,59.84
Wilson,TN,47189,47189,32.38
Anderson,TX,48001,48001,10.61
Andrews,TX,48003,48003,12.21
Angelina,TX,48005,48005,16.93
Aransas,TX,48007,48007,21.88
Archer,TX,48009,48009,23.9
Armstrong,TX,48011,48011,22.79
Atascosa,TX,48013,48013,14.42
Austin,TX,48015,48015,23.91
Bailey,TX,48017,48017,17.22
Bandera,TX,48019,48019,22.82
Bastrop,TX,48021,48021,20.68
Baylor,TX,48023,48023,22.85
Bee,TX,48025,48025,8.93
Bell,TX,48027,48027,25.15
Bexar,TX,48029,48029,28.01
Blanco,TX,48031,48031,26.47
Borden,TX,48033,48033,39.47
Bosque,TX,48035,48035,19.8
Bowie,TX,48037,48037,20.62
Brazoria,TX,48039,48039,30.03
Brazos,TX,48041,48041,41.69
Brewster,TX,48043,48043,39.97
Briscoe,TX,48045,48045,19.75
Brooks,TX,48047,48047,15.69
Brown,TX,48049,48049,19.15
Burleson,TX,48051,48051,17.28
Burnet,TX,48053,48053,25.39
Caldwell,TX,48055,48055,14.63
Calhoun,TX,48057,48057,14.21
Callahan,TX,48059,48059,21.04
Cameron,TX,48061,48061,17.32
Camp,TX,48063,48063,19.37
Carson,TX,48065,48065,28.44
Cass,TX,48067,48067,16.35
Castro,TX,48069,48069,15.6
Chambers,TX,48071,48071,22.75
Cherokee,TX,48073,48073,17.17
Childress,TX,48075,48075,18.25
Clay,TX,48077,48077,21.37
Cochran,TX,48079,48079,8.03
Coke,TX,48081,48081,17.83
Coleman,TX,48083,48083,15.78
Collin,TX,48085,48085,52.35
Collingsworth,TX,48087,48087,20.24
Colorado,TX,48089,48089,20.98
Comal,TX,48091,48091,36.83
Comanche,TX,48093,48093,20.32
Concho,TX,48095,48095,13.02
Cooke,TX,48097,48097,20.87
Coryell,TX,48099,48099,16.08
Cottle,TX,48101,48101,16.78
Crane,TX,48103,48103,14.71
Crockett,TX,48105,48105,14.01
Crosby,TX,48107,48107,13.16
Culberson,TX,48109,48109,10.25
Dallam,TX,48111,48111,15.78
Dallas,TX,48113,48113,31.48
Dawson,TX,48115,48115,14.24
Deaf Smith,TX,48117,48117,11.98
Delta,TX,48119,48119,25.12
Denton,TX,48121,48121,45.1
DeWitt,TX,48123,48123,12.59
Dickens,TX,48125,48125,18.49
Dimmit,TX,48127,48127,13.56
Donley,TX,48129,48129,17.87
Duval,TX,48131,48131,9.01
Eastland,TX,48133,48133,16
Ector,TX,48135,48135,15.39
Edwards,TX,48137,48137,18.16
Ellis,TX,48139,48139,24.34
El Paso,TX,48141,48141,23.31
Erath,TX,48143,48143,31.47
Falls,TX,48145,48145,12.44
Fannin,TX,48147,48147,17.4
Fayette,TX,48149,48149,19.69
Fisher,TX,48151,48151,18.64
Floyd,TX,48153,48153,15.92
Foard,TX,48155,48155,16.22
Fort Bend,TX,48157,48157,46.22
Franklin,TX,48159,48159,26.59
Freestone,TX,48161,48161,15.28
Frio,TX,48163,48163,7.29
Gaines,TX,48165,48165,11.44
Galveston,TX,48167,48167,31.11
Garza,TX,48169,48169,13.88
Gillespie,TX,48171,48171,32.23
Glasscock,TX,48173,48173,27.17
Goliad,TX,48175,48175,17.27
Gonzales,TX,48177,48177,13.07
Gray,TX,48179,48179,13.91
Grayson,TX,48181,48181,20.44
Gregg,TX,48183,48183,21.31
Grimes,TX,48185,48185,15.74
Guadalupe,TX,48187,48187,28.19
Hale,TX,48189,48189,17.13
Hall,TX,48191,48191,15.91
Hamilton,TX,48193,48193,22.44
Hansford,TX,48195,48195,15.15
Hardeman,TX,48197,48197,13.67
Hardin,TX,48199,48199,16.84
Harris,TX,48201,48201,31.45
Harrison,TX,48203,48203,19.08
Hartley,TX,48205,48205,17.83
Haskell,TX,48207,48207,11.88
Hays,TX,48209,48209,37.25
Hemphill,TX,48211,48211,21.21
Henderson,TX,48213,48213,17.34
Hidalgo,TX,48215,48215,18.71
Hill,TX,48217,48217,17.36
Hockley,TX,48219,48219,15.82
Hood,TX,48221,48221,26.41
Hopkins,TX,48223,48223,20.07
Houston,TX,48225,48225,15.23
Howard,TX,48227,48227,12.62
Hudspeth,TX,48229,48229,10.69
Hunt,TX,48231,48231,19.9
Hutchinson,TX,48233,48233,14.02
Irion,TX,48235,48235,15.01
Jack,TX,48237,48237,13.47
Jackson,TX,48239,48239,16.55
Jasper,TX,48241,48241,12.92
Jeff Davis,TX,48243,48243,30.51
Jefferson,TX,48245,48245,19.65
Jim Hogg,TX,48247,48247,13.43
Jim Wells,TX,48249,48249,12.18
Johnson,TX,48251,48251,18.73
Jones,TX,48253,48253,11.72
Karnes,TX,48255,48255,15.34
Kaufman,TX,48257,48257,20.53
Kendall,TX,48259,48259,42.09
Kenedy,TX,48261,48261,1.05
Kent,TX,48263,48263,25.42
Kerr,TX,48265,48265,27.36
Kimble,TX,48267,48267,22.46
King,TX,48269,48269,20.89
Kinney,TX,48271,48271,12.14
Kleberg,TX,48273,48273,24.61
Knox,TX,48275,48275,20.1
Lamar,TX,48277,48277,18.68
Lamb,TX,48279,48279,14.36
Lampasas,TX,48281,48281,19.9
La Salle,TX,48283,48283,7.49
Lavaca,TX,48285,48285,16.65
Lee,TX,48287,48287,14.63
Leon,TX,48289,48289,14.04
Liberty,TX,48291,48291,9.73
Limestone,TX,48293,48293,14.83
Lipscomb,TX,48295,48295,19.69
Live Oak,TX,48297,48297,12.19
Llano,TX,48299,48299,25.28
Loving,TX,48301,48301,0
Lubbock,TX,48303,48303,30.13
Lynn,TX,48305,48305,17.26
McCulloch,TX,48307,48307,17.29
McLennan,TX,48309,48309,24.25
McMullen,TX,48311,48311,28.83
Madison,TX,48313,48313,14.72
Marion,TX,48315,48315,14.71
Martin,TX,48317,48317,18.31
Mason,TX,48319,48319,27.63
Matagorda,TX,48321,48321,17.44
Maverick,TX,48323,48323,12.69
Medina,TX,48325,48325,19.84
Menard,TX,48327,48327,18.04
Midland,TX,48329,48329,27.38
Milam,TX,48331,48331,14.09
Mills,TX,48333,48333,18.27
Mitchell,TX,48335,48335,11.32
Montague,TX,48337,48337,16.92
Montgomery,TX,48339,48339,34.53
Moore,TX,48341,48341,14.27
Morris,TX,48343,48343,14.34
Motley,TX,48345,48345,16.82
Nacogdoches,TX,48347,48347,24.52
Navarro,TX,48349,48349,15.91
Newton,TX,48351,48351,9.74
Nolan,TX,48353,48353,15.19
Nueces,TX,48355,48355,21.84
Ochiltree,TX,48357,48357,15.63
Oldham,TX,48359,48359,22.01
Orange,TX,48361,48361,15.51
Palo Pinto,TX,48363,48363,16.57
Panola,TX,48365,48365,16.15
Parker,TX,48367,48367,26.41
Parmer,TX,48369,48369,17.87
Pecos,TX,48371,48371,9.83
Polk,TX,48373,48373,13.12
Potter,TX,48375,48375,14.89
Presidio,TX,48377,48377,21.17
Rains,TX,48379,48379,13.73
Randall,TX,48381,48381,32.42
Reagan,TX,48383,48383,10.48
Real,TX,48385,48385,17.37
Red River,TX,48387,48387,12.46
Reeves,TX,48389,48389,12.3
Refugio,TX,48391,48391,11.52
Roberts,TX,48393,48393,25
Robertson,TX,48395,48395,16.12
Rockwall,TX,48397,48397,40.69
Runnels,TX,48399,48399,18.14
Rusk,TX,48401,48401,15.47
Sabine,TX,48403,48403,17.58
San Augustine,TX,48405,48405,13.99
San Jacinto,TX,48407,48407,11.25
San Patricio,TX,48409,48409,15.59
San Saba,TX,48411,48411,14.12
Schleicher,TX,48413,48413,16.57
Scurry,TX,48415,48415,16.24
Shackelford,TX,48417,48417,30.5
Shelby,TX,48419,48419,13.8
Sherman,TX,48421,48421,15.03
Smith,TX,48423,48423,26.42
Somervell,TX,48425,48425,26.41
Starr,TX,48427,48427,9.87
Stephens,TX,48429,48429,16.23
Sterling,TX,48431,48431,9.55
Stonewall,TX,48433,48433,14.78
Sutton,TX,48435,48435,17.11
Swisher,TX,48437,48437,15.28
Tarrant,TX,48439,48439,32.27
Taylor,TX,48441,48441,25.24
Terrell,TX,48443,48443,18.44
Terry,TX,48445,48445,11.39
Throckmorton,TX,48447,48447,21.74
Titus,TX,48449,48449,16.34
Tom Green,TX,48451,48451,24.45
Travis,TX,48453,48453,49.98
Trinity,TX,48455,48455,12.88
Tyler,TX,48457,48457,13.4
Upshur,TX,48459,48459,17.09
Upton,TX,48461,48461,9.63
Uvalde,TX,48463,48463,17.9
Val Verde,TX,48465,48465,18.39
Van Zandt,TX,48467,48467,15.75
Victoria,TX,48469,48469,19.97
Walker,TX,48471,48471,20.82
Waller,TX,48473,48473,21.11
Ward,TX,48475,48475,12.46
Washington,TX,48477,48477,26.75
Webb,TX,48479,48479,18.93
Wharton,TX,48481,48481,18.01
Wheeler,TX,48483,48483,16.83
Wichita,TX,48485,48485,23.08
Wilbarger,TX,48487,48487,15.2
Willacy,TX,48489,48489,8.86
Williamson,TX,48491,48491,41.32
Wilson,TX,48493,48493,21.75
Winkler,TX,48495,48495,8.24
Wise,TX,48497,48497,18
Wood,TX,48499,48499,16.64
Yoakum,TX,48501,48501,12.7
Young,TX,48503,48503,19.26
Zapata,TX,48505,48505,11.6
Zavala,TX,48507,48507,10.86
Beaver,UT,49001,49001,21.08
Box Elder,UT,49003,49003,23.93
Cache,UT,49005,49005,38.32
Carbon,UT,49007,49007,17.12
Daggett,UT,49009,49009,13.43
Davis,UT,49011,49011,37.76
Duchesne,UT,49013,49013,14.65
Emery,UT,49015,49015,16.25
Garfield,UT,49017,49017,25.88
Grand,UT,49019,49019,28.64
Iron,UT,49021,49021,29.82
Juab,UT,49023,49023,15.95
Kane,UT,49025,49025,29.88
Millard,UT,49027,49027,20.59
Morgan,UT,49029,49029,39.42
Piute,UT,49031,49031,20.23
Rich,UT,49033,49033,23.03
Salt Lake,UT,49035,49035,35.57
San Juan,UT,49037,49037,18.3
Sanpete,UT,49039,49039,20.92
Sevier,UT,49041,49041,18.47
Summit,UT,49043,49043,55.02
Tooele,UT,49045,49045,24.24
Uintah,UT,49047,49047,15.77
Utah,UT,49049,49049,40.81
Wasatch,UT,49051,49051,39.87
Washington,UT,49053,49053,28.06
Wayne,UT,49055,49055,23.35
Weber,UT,49057,49057,24.48
Addison,VT,50001,50001,39.61
Bennington,VT,50003,50003,36.21
Caledonia,VT,50005,50005,29.03
Chittenden,VT,50007,50007,51.32
Essex,VT,50009,50009,16.18
Franklin,VT,50011,50011,24.05
Grand Isle,VT,50013,50013,39.76
Lamoille,VT,50015,50015,38.2
Orange,VT,50017,50017,29.08
Orleans,VT,50019,50019,21.53
Rutland,VT,50021,50021,30.83
Washington,VT,50023,50023,41.83
Windham,VT,50025,50025,38.07
Windsor,VT,50027,50027,38.23
Accomack,VA,51001,51001,19.47
Albemarle,VA,51003,51003,55.14
Alleghany,VA,51005,51005,15.03
Amelia,VA,51007,51007,17.14
Amherst,VA,51009,51009,19.1
Appomattox,VA,51011,51011,20.87
Arlington,VA,51013,51013,75.3
Augusta,VA,51015,51015,22.73
Bath,VA,51017,51017,15.88
Bedford,VA,51019,51019,29.21
Bland,VA,51021,51021,14.18
Botetourt,VA,51023,51023,28.32
Brunswick,VA,51025,51025,13.57
Buchanan,VA,51027,51027,11.76
Buckingham,VA,51029,51029,12.48
Campbell,VA,51031,51031,22.45
Caroline,VA,51033,51033,19.89
Carroll,VA,51035,51035,15.02
Charles City,VA,51036,51036,14.71
Charlotte,VA,51037,51037,10.87
Chesterfield,VA,51041,51041,40.47
Clarke,VA,51043,51043,32.17
Craig,VA,51045,51045,23.64
Culpeper,VA,51047,51047,25.75
Cumberland,VA,51049,51049,14.88
Dickenson,VA,51051,51051,10.74
Dinwiddie,VA,51053,51053,18.65
Essex,VA,51057,51057,17.38
Fairfax,VA,51059,51059,61.55
Fauquier,VA,51061,51061,36.38
Floyd,VA,51063,51063,22.09
Fluvanna,VA,51065,51065,33.93
Franklin,VA,51067,51067,21.85
Frederick,VA,51069,51069,28.26
Giles,VA,51071,51071,18.12
Gloucester,VA,51073,51073,23.29
Goochland,VA,51075,51075,41.8
Grayson,VA,51077,51077,13.74
Greene,VA,51079,51079,29.04
Greensville,VA,51081,51081,9.15
Halifax,VA,51083,51083,15.43
Hanover,VA,51085,51085,39.77
Henrico,VA,51087,51087,43.72
Henry,VA,51089,51089,13.93
Highland,VA,51091,51091,22.53
Isle of Wight,VA,51093,51093,27.04
James City,VA,51095,51095,50.4
King and Queen,VA,51097,51097,23.63
King George,VA,51099,51099,35.97
King William,VA,51101,51101,21.01
Lancaster,VA,51103,51103,31.52
Lee,VA,51105,51105,11.19
Loudoun,VA,51107,51107,61.34
Louisa,VA,51109,51109,24.06
Lunenburg,VA,51111,51111,11.31
Madison,VA,51113,51113,23.38
Mathews,VA,51115,51115,27.88
Mecklenburg,VA,51117,51117,20.17
Middlesex,VA,51119,51119,21.5
Montgomery,VA,51121,51121,45.47
Nelson,VA,51125,51125,30.37
New Kent,VA,51127,51127,26.87
Northampton,VA,51131,51131,22.63
Northumberland,VA,51133,51133,28.88
Nottoway,VA,51135,51135,14.77
Orange,VA,51137,51137,25.12
Page,VA,51139,51139,13.71
Patrick,VA,51141,51141,15.23
Pittsylvania,VA,51143,51143,14.53
Powhatan,VA,51145,51145,29.23
Prince Edward,VA,51147,51147,26.76
Prince George,VA,51149,51149,23.56
Prince William,VA,51153,51153,41.11
Pulaski,VA,51155,51155,20.05
Rappahannock,VA,51157,51157,35.75
Richmond,VA,51159,51159,17.75
Roanoke,VA,51161,51161,35.56
Rockbridge,VA,51163,51163,26.67
Rockingham,VA,51165,51165,26.35
Russell,VA,51167,51167,12.19
Scott,VA,51169,51169,13.32
Shenandoah,VA,51171,51171,20.52
Smyth,VA,51173,51173,14.63
Southampton,VA,51175,51175,18.41
Spotsylvania,VA,51177,51177,31.74
Stafford,VA,51179,51179,39.91
Surry,VA,51181,51181,20.62
Sussex,VA,51183,51183,12.73
Tazewell,VA,51185,51185,14.93
Warren,VA,51187,51187,21.71
Washington,VA,51191,51191,22.8
Westmoreland,VA,51193,51193,19.23
Wise,VA,51195,51195,14.98
Wythe,VA,51197,51197,19.02
York,VA,51199,51199,47.06
Alexandria City,VA,51510,51510,63.1
Bedford City,VA,51515,51515,N/A
Bristol City,VA,51520,51520,25.39
Buena Vista City,VA,51530,51530,15.93
Charlottesville City,VA,51540,51540,54.94
Chesapeake City,VA,51550,51550,33.16
Colonial Heights City,VA,51570,51570,25.48
Covington City,VA,51580,51580,15.59
Danville City,VA,51590,51590,17.59
Emporia City,VA,51595,51595,13.83
Fairfax City,VA,51600,51600,60.8
Falls Church City,VA,51610,51610,77.56
Franklin City,VA,51620,51620,19.07
Fredericksburg City,VA,51630,51630,40.9
Galax City,VA,51640,51640,14.77
Hampton City,VA,51650,51650,26.9
Harrisonburg City,VA,51660,51660,36.28
Hopewell City,VA,51670,51670,14.81
Lexington City,VA,51678,51678,46.71
Lynchburg City,VA,51680,51680,35.57
Manassas City,VA,51683,51683,29.61
Manassas Park City,VA,51685,51685,27.87
Martinsville City,VA,51690,51690,21
Newport News City,VA,51700,51700,26.28
Norfolk City,VA,51710,51710,28.83
Norton City,VA,51720,51720,22.75
Petersburg City,VA,51730,51730,19.8
Poquoson City,VA,51735,51735,42.22
Portsmouth City,VA,51740,51740,21.89
Radford City,VA,51750,51750,37.99
Richmond City,VA,51760,51760,39.64
Roanoke City,VA,51770,51770,23.42
Salem City,VA,51775,51775,27.91
Staunton City,VA,51790,51790,33.38
Suffolk City,VA,51800,51800,29.48
Virginia Beach City,VA,51810,51810,36.01
Waynesboro City,VA,51820,51820,27.13
Williamsburg City,VA,51830,51830,56.75
Winchester City,VA,51840,51840,35.08
Adams,WA,53001,53001,14.3
Asotin,WA,53003,53003,21.36
Benton,WA,53005,53005,30.91
Chelan,WA,53007,53007,25.76
Clallam,WA,53009,53009,27.43
Clark,WA,53011,53011,30.61
Columbia,WA,53013,53013,25.58
Cowlitz,WA,53015,53015,17
Douglas,WA,53017,53017,20.53
Ferry,WA,53019,53019,18.76
Franklin,WA,53021,53021,17.66
Garfield,WA,53023,53023,24.49
Grant,WA,53025,53025,17.73
Grays Harbor,WA,53027,53027,16.46
Island,WA,53029,53029,33.56
Jefferson,WA,53031,53031,44.33
King,WA,53033,53033,52.49
Kitsap,WA,53035,53035,33.17
Kittitas,WA,53037,53037,32.31
Klickitat,WA,53039,53039,31.46
Lewis,WA,53041,53041,17.72
Lincoln,WA,53043,53043,25.09
Mason,WA,53045,53045,17.63
Okanogan,WA,53047,53047,20.01
Pacific,WA,53049,53049,18.92
Pend Oreille,WA,53051,53051,20.78
Pierce,WA,53053,53053,27.15
San Juan,WA,53055,53055,49.81
Skagit,WA,53057,53057,26.24
Skamania,WA,53059,53059,24.45
Snohomish,WA,53061,53061,32.79
Spokane,WA,53063,53063,30.77
Stevens,WA,53065,53065,18.7
Thurston,WA,53067,53067,35.72
Wahkiakum,WA,53069,53069,19.39
Walla Walla,WA,53071,53071,29.81
Whatcom,WA,53073,53073,34.26
Whitman,WA,53075,53075,49.79
Yakima,WA,53077,53077,16.67
Barbour,WV,54001,54001,15.61
Berkeley,WV,54003,54003,21.24
Boone,WV,54005,54005,9.69
Braxton,WV,54007,54007,14.95
Brooke,WV,54009,54009,18.99
Cabell,WV,54011,54011,26.04
Calhoun,WV,54013,54013,12.22
Clay,WV,54015,54015,9.22
Doddridge,WV,54017,54017,17.09
Fayette,WV,54019,54019,14.82
Gilmer,WV,54021,54021,16.98
Grant,WV,54023,54023,13.83
Greenbrier,WV,54025,54025,19.94
Hampshire,WV,54027,54027,12.35
Hancock,WV,54029,54029,17.37
Hardy,WV,54031,54031,14.49
Harrison,WV,54033,54033,23.28
Jackson,WV,54035,54035,17.36
Jefferson,WV,54037,54037,31.81
Kanawha,WV,54039,54039,25.46
Lewis,WV,54041,54041,14.49
Lincoln,WV,54043,54043,9.02
Logan,WV,54045,54045,9.99
McDowell,WV,54047,54047,5.39
Marion,WV,54049,54049,22.58
Marshall,WV,54051,54051,18.03
Mason,WV,54053,54053,14.43
Mercer,WV,54055,54055,19.43
Mineral,WV,54057,54057,15.53
Mingo,WV,54059,54059,9.9
Monongalia,WV,54061,54061,42.84
Monroe,WV,54063,54063,15.33
Morgan,WV,54065,54065,16.98
Nicholas,WV,54067,54067,15.64
Ohio,WV,54069,54069,31.98
Pendleton,WV,54071,54071,14.12
Pleasants,WV,54073,54073,11.57
Pocahontas,WV,54075,54075,14.79
Preston,WV,54077,54077,16.9
Putnam,WV,54079,54079,26.05
Raleigh,WV,54081,54081,18.44
Randolph,WV,54083,54083,17.29
Ritchie,WV,54085,54085,11.32
Roane,WV,54087,54087,13.07
Summers,WV,54089,54089,14.47
Taylor,WV,54091,54091,17.3
Tucker,WV,54093,54093,19.39
Tyler,WV,54095,54095,14.13
Upshur,WV,54097,54097,16.85
Wayne,WV,54099,54099,15.1
Webster,WV,54101,54101,11.37
Wetzel,WV,54103,54103,11.98
Wirt,WV,54105,54105,11.16
Wood,WV,54107,54107,21.87
Wyoming,WV,54109,54109,9.34
Adams,WI,55001,55001,13.85
Ashland,WI,55003,55003,19.83
Barron,WI,55005,55005,20.59
Bayfield,WI,55007,55007,31.1
Brown,WI,55009,55009,30.29
Buffalo,WI,55011,55011,19.28
Burnett,WI,55013,55013,20.79
Calumet,WI,55015,55015,29.44
Chippewa,WI,55017,55017,20.96
Clark,WI,55019,55019,12.56
Columbia,WI,55021,55021,23.29
Crawford,WI,55023,55023,18.44
Dane,WI,55025,55025,51.35
Dodge,WI,55027,55027,17
Door,WI,55029,55029,33.7
Douglas,WI,55031,55031,24.14
Dunn,WI,55033,55033,27.89
Eau Claire,WI,55035,55035,32.34
Florence,WI,55037,55037,19.94
Fond du Lac,WI,55039,55039,23.05
Forest,WI,55041,55041,14.68
Grant,WI,55043,55043,23.85
Green,WI,55045,55045,23.59
Green Lake,WI,55047,55047,20.16
Iowa,WI,55049,55049,24.57
Iron,WI,55051,55051,20.01
Jackson,WI,55053,55053,14.56
Jefferson,WI,55055,55055,25.43
Juneau,WI,55057,55057,13.75
Kenosha,WI,55059,55059,26.14
Kewaunee,WI,55061,55061,19.43
La Crosse,WI,55063,55063,34.87
Lafayette,WI,55065,55065,18.84
Langlade,WI,55067,55067,16.66
Lincoln,WI,55069,55069,18.42
Manitowoc,WI,55071,55071,20.25
Marathon,WI,55073,55073,25.41
Marinette,WI,55075,55075,15.89
Marquette,WI,55077,55077,15.13
Menominee,WI,55078,55078,17.94
Milwaukee,WI,55079,55079,30.97
Monroe,WI,55081,55081,20.55
Oconto,WI,55083,55083,16.79
Oneida,WI,55085,55085,27.19
Outagamie,WI,55087,55087,29.67
Ozaukee,WI,55089,55089,48.96
Pepin,WI,55091,55091,20.61
Pierce,WI,55093,55093,29.16
Polk,WI,55095,55095,20.9
Portage,WI,55097,55097,32.93
Price,WI,55099,55099,16.48
Racine,WI,55101,55101,25.17
Richland,WI,55103,55103,19.03
Rock,WI,55105,55105,22.14
Rusk,WI,55107,55107,16.55
St. Croix,WI,55109,55109,35.38
Sauk,WI,55111,55111,24.1
Sawyer,WI,55113,55113,24.24
Shawano,WI,55115,55115,15.71
Sheboygan,WI,55117,55117,25.13
Taylor,WI,55119,55119,15.11
Trempealeau,WI,55121,55121,19.28
Vernon,WI,55123,55123,22.36
Vilas,WI,55125,55125,29.08
Walworth,WI,55127,55127,28.79
Washburn,WI,55129,55129,22.98
Washington,WI,55131,55131,31.45
Waukesha,WI,55133,55133,44.47
Waupaca,WI,55135,55135,19.95
Waushara,WI,55137,55137,16.26
Winnebago,WI,55139,55139,28.35
Wood,WI,55141,55141,21.65
Albany,WY,56001,56001,51.77
Big Horn,WY,56003,56003,19.03
Campbell,WY,56005,56005,18.92
Carbon,WY,56007,56007,20.55
Converse,WY,56009,56009,17.27
Crook,WY,56011,56011,22.32
Fremont,WY,56013,56013,24.27
Goshen,WY,56015,56015,25.85
Hot Springs,WY,56017,56017,23.74
Johnson,WY,56019,56019,31.75
Laramie,WY,56021,56021,28.52
Lincoln,WY,56023,56023,23.68
Natrona,WY,56025,56025,22.8
Niobrara,WY,56027,56027,18.04
Park,WY,56029,56029,34
Platte,WY,56031,56031,20.66
Sheridan,WY,56033,56033,30.96
Sublette,WY,56035,56035,22.78
Sweetwater,WY,56037,56037,22.5
Teton,WY,56039,56039,57.01
Uinta,WY,56041,56041,16.03
Washakie,WY,56043,56043,23.39
Weston,WY,56045,56045,19.97
Eastern,AS,60010,60010,N/A
Manu'a,AS,60020,60020,N/A
Rose Island,AS,60030,60030,N/A
Swains Island,AS,60040,60040,N/A
Western,AS,60050,60050,N/A
Guam,GU,66010,66010,N/A
Northern Islands,MP,69085,69085,N/A
Rota,MP,69100,69100,N/A
Saipan,MP,69110,69110,N/A
Tinian,MP,69120,69120,N/A
Adjuntas,PR,72001,72001,16.89
Aguada,PR,72003,72003,20.17
Aguadilla,PR,72005,72005,23.88
Aguas Buenas,PR,72007,72007,17.78
Aibonito,PR,72009,72009,21.78
Aasco,PR,72011,72011,18.92
Arecibo,PR,72013,72013,23.24
Arroyo,PR,72015,72015,16.13
Barceloneta,PR,72017,72017,22.05
Barranquitas,PR,72019,72019,19.46
Bayamn,PR,72021,72021,28.8
Cabo Rojo,PR,72023,72023,25.98
Caguas,PR,72025,72025,31.41
Camuy,PR,72027,72027,20.81
Canvanas,PR,72029,72029,23.17
Carolina,PR,72031,72031,31.81
Catao,PR,72033,72033,20.32
Cayey,PR,72035,72035,24.16
Ceiba,PR,72037,72037,18.12
Ciales,PR,72039,72039,15.81
Cidra,PR,72041,72041,23.87
Coamo,PR,72043,72043,21.9
Comero,PR,72045,72045,13.3
Corozal,PR,72047,72047,19.2
Culebra,PR,72049,72049,15.29
Dorado,PR,72051,72051,30.13
Fajardo,PR,72053,72053,25.25
Florida,PR,72054,72054,13.17
Gunica,PR,72055,72055,15.55
Guayama,PR,72057,72057,20.57
Guayanilla,PR,72059,72059,24.68
Guaynabo,PR,72061,72061,45.1
Gurabo,PR,72063,72063,33.44
Hatillo,PR,72065,72065,24.62
Hormigueros,PR,72067,72067,22.91
Humacao,PR,72069,72069,23.14
Isabela,PR,72071,72071,21.9
Jayuya,PR,72073,72073,18.22
Juana Daz,PR,72075,72075,25.03
Juncos,PR,72077,72077,19.01
Lajas,PR,72079,72079,15.32
Lares,PR,72081,72081,18.51
Las Maras,PR,72083,72083,16.61
Las Piedras,PR,72085,72085,22.37
Loza,PR,72087,72087,14.71
Luquillo,PR,72089,72089,20.43
Manat,PR,72091,72091,22.38
Maricao,PR,72093,72093,7.99
Maunabo,PR,72095,72095,16.95
Mayagez,PR,72097,72097,26.4
Moca,PR,72099,72099,20.01
Morovis,PR,72101,72101,16.49
Naguabo,PR,72103,72103,20.17
Naranjito,PR,72105,72105,16.11
Orocovis,PR,72107,72107,17.05
Patillas,PR,72109,72109,15.07
Peuelas,PR,72111,72111,21.93
Ponce,PR,72113,72113,27.48
Quebradillas,PR,72115,72115,18.93
Rincn,PR,72117,72117,22.99
Ro Grande,PR,72119,72119,22.81
Sabana Grande,PR,72121,72121,19.43
Salinas,PR,72123,72123,17.5
San Germn,PR,72125,72125,24.02
San Juan,PR,72127,72127,37.29
San Lorenzo,PR,72129,72129,18.34
San Sebastin,PR,72131,72131,19.21
Santa Isabel,PR,72133,72133,25.32
Toa Alta,PR,72135,72135,29.25
Toa Baja,PR,72137,72137,26.77
Trujillo Alto,PR,72139,72139,36.02
Utuado,PR,72141,72141,18.74
Vega Alta,PR,72143,72143,22.19
Vega Baja,PR,72145,72145,21.22
Vieques,PR,72147,72147,18
Villalba,PR,72149,72149,19.91
Yabucoa,PR,72151,72151,18
Yauco,PR,72153,72153,24.64
St. Croix,VI,78010,78010,N/A
St. John,VI,78020,78020,N/A
St. Thomas,VI,78030,78030,N/A