County,State,FIPS Code,Formatted FIPS,"Estimated percent of all people 65 or older, between 2015-2019."
Autauga,AL,1001,01001,14.96
Baldwin,AL,1003,01003,19.98
Barbour,AL,1005,01005,18.57
Bibb,AL,1007,01007,15.93
Blount,AL,1009,01009,17.9
Bullock,AL,1011,01011,16
Butler,AL,1013,01013,19.67
Calhoun,AL,1015,01015,17.22
Chambers,AL,1017,01017,19.22
Cherokee,AL,1019,01019,22.43
Chilton,AL,1021,01021,16.01
Choctaw,AL,1023,01023,22.61
Clarke,AL,1025,01025,19.39
Clay,AL,1027,01027,20.23
Cleburne,AL,1029,01029,19.44
Coffee,AL,1031,01031,16.55
Colbert,AL,1033,01033,19.43
Conecuh,AL,1035,01035,22.16
Coosa,AL,1037,01037,22.59
Covington,AL,1039,01039,20.77
Crenshaw,AL,1041,01041,18.85
Cullman,AL,1043,01043,18.24
Dale,AL,1045,01045,16.4
Dallas,AL,1047,01047,17.39
DeKalb,AL,1049,01049,16.66
Elmore,AL,1051,01051,14.85
Escambia,AL,1053,01053,17.72
Etowah,AL,1055,01055,18.74
Fayette,AL,1057,01057,20.84
Franklin,AL,1059,01059,16.86
Geneva,AL,1061,01061,19.97
Greene,AL,1063,01063,21.3
Hale,AL,1065,01065,18.75
Henry,AL,1067,01067,22.09
Houston,AL,1069,01069,17.24
Jackson,AL,1071,01071,19.5
Jefferson,AL,1073,01073,15.43
Lamar,AL,1075,01075,21.48
Lauderdale,AL,1077,01077,19.69
Lawrence,AL,1079,01079,18.14
Lee,AL,1081,01081,11.6
Limestone,AL,1083,01083,15.13
Lowndes,AL,1085,01085,18.41
Macon,AL,1087,01087,19.32
Madison,AL,1089,01089,14.67
Marengo,AL,1091,01091,19.3
Marion,AL,1093,01093,21.05
Marshall,AL,1095,01095,16.83
Mobile,AL,1097,01097,15.78
Monroe,AL,1099,01099,19.28
Montgomery,AL,1101,01101,14.59
Morgan,AL,1103,01103,17.12
Perry,AL,1105,01105,19.07
Pickens,AL,1107,01107,18.47
Pike,AL,1109,01109,14.84
Randolph,AL,1111,01111,20.41
Russell,AL,1113,01113,13.85
St. Clair,AL,1115,01115,16.27
Shelby,AL,1117,01117,14.86
Sumter,AL,1119,01119,17.46
Talladega,AL,1121,01121,17.48
Tallapoosa,AL,1123,01123,20.98
Tuscaloosa,AL,1125,01125,12.87
Walker,AL,1127,01127,19.02
Washington,AL,1129,01129,18.42
Wilcox,AL,1131,01131,18.97
Winston,AL,1133,01133,21.34
Aleutians East,AK,2013,02013,9.39
Aleutians West,AK,2016,02016,6.09
Anchorage,AK,2020,02020,10.52
Bethel,AK,2050,02050,7.17
Bristol Bay,AK,2060,02060,9.94
Denali,AK,2068,02068,9.31
Dillingham,AK,2070,02070,10.06
Fairbanks North Star,AK,2090,02090,9.79
Haines,AK,2100,02100,25.14
Hoonah-Angoon,AK,2105,02105,20.52
Juneau,AK,2110,02110,12.53
Kenai Peninsula,AK,2122,02122,16.47
Ketchikan Gateway,AK,2130,02130,14.86
Kodiak Island,AK,2150,02150,9.81
Lake and Peninsula,AK,2164,02164,7.82
Matanuska-Susitna,AK,2170,02170,11.33
Nome,AK,2180,02180,7.03
North Slope,AK,2185,02185,6.85
Northwest Arctic,AK,2188,02188,7.45
Petersburg,AK,2195,02195,22.01
Prince of Wales-Hyder,AK,2198,02198,16.03
Sitka,AK,2220,02220,15.16
Skagway,AK,2230,02230,11.74
Southeast Fairbanks,AK,2240,02240,13.64
Valdez-Cordova,AK,2261,02261,12.27
Wade Hampton,AK,2270,02270,5.5
Wrangell,AK,2275,02275,22.74
Yakutat,AK,2282,02282,14.48
Yukon-Koyukuk,AK,2290,02290,14.32
Apache,AZ,4001,04001,14.95
Cochise,AZ,4003,04003,21.67
Coconino,AZ,4005,04005,12.02
Gila,AZ,4007,04007,28.38
Graham,AZ,4009,04009,13.69
Greenlee,AZ,4011,04011,12.37
La Paz,AZ,4012,04012,38.59
Maricopa,AZ,4013,04013,14.83
Mohave,AZ,4015,04015,29.55
Navajo,AZ,4017,04017,17.44
Pima,AZ,4019,04019,19.21
Pinal,AZ,4021,04021,19.86
Santa Cruz,AZ,4023,04023,17.29
Yavapai,AZ,4025,04025,30.63
Yuma,AZ,4027,04027,18.48
Arkansas,AR,5001,05001,19.01
Ashley,AR,5003,05003,19.91
Baxter,AR,5005,05005,30.85
Benton,AR,5007,05007,13.27
Boone,AR,5009,05009,20.33
Bradley,AR,5011,05011,18.34
Calhoun,AR,5013,05013,21.22
Carroll,AR,5015,05015,22.55
Chicot,AR,5017,05017,19.97
Clark,AR,5019,05019,16.23
Clay,AR,5021,05021,21.1
Cleburne,AR,5023,05023,26.77
Cleveland,AR,5025,05025,20.47
Columbia,AR,5027,05027,17.1
Conway,AR,5029,05029,18.88
Craighead,AR,5031,05031,13.52
Crawford,AR,5033,05033,16.38
Crittenden,AR,5035,05035,13.6
Cross,AR,5037,05037,18.33
Dallas,AR,5039,05039,22.21
Desha,AR,5041,05041,18.68
Drew,AR,5043,05043,16.98
Faulkner,AR,5045,05045,12.18
Franklin,AR,5047,05047,19.15
Fulton,AR,5049,05049,25.53
Garland,AR,5051,05051,23.34
Grant,AR,5053,05053,17.81
Greene,AR,5055,05055,15.75
Hempstead,AR,5057,05057,17.88
Hot Spring,AR,5059,05059,18.72
Howard,AR,5061,05061,17.62
Independence,AR,5063,05063,17.24
Izard,AR,5065,05065,24.98
Jackson,AR,5067,05067,17.54
Jefferson,AR,5069,05069,16.78
Johnson,AR,5071,05071,16.25
Lafayette,AR,5073,05073,23.26
Lawrence,AR,5075,05075,19.33
Lee,AR,5077,05077,18.81
Lincoln,AR,5079,05079,15.09
Little River,AR,5081,05081,20.63
Logan,AR,5083,05083,19.77
Lonoke,AR,5085,05085,13.17
Madison,AR,5087,05087,18.88
Marion,AR,5089,05089,28.11
Miller,AR,5091,05091,16.38
Mississippi,AR,5093,05093,14.45
Monroe,AR,5095,05095,22.82
Montgomery,AR,5097,05097,26.85
Nevada,AR,5099,05099,20.27
Newton,AR,5101,05101,25.49
Ouachita,AR,5103,05103,19.62
Perry,AR,5105,05105,19.91
Phillips,AR,5107,05107,18.14
Pike,AR,5109,05109,20.17
Poinsett,AR,5111,05111,17.81
Polk,AR,5113,05113,22.44
Pope,AR,5115,05115,15.26
Prairie,AR,5117,05117,23.39
Pulaski,AR,5119,05119,15
Randolph,AR,5121,05121,19.92
St. Francis,AR,5123,05123,16.11
Saline,AR,5125,05125,17.51
Scott,AR,5127,05127,20.72
Searcy,AR,5129,05129,25.3
Sebastian,AR,5131,05131,15.59
Sevier,AR,5133,05133,13.89
Sharp,AR,5135,05135,25.88
Stone,AR,5137,05137,26.73
Union,AR,5139,05139,17.25
Van Buren,AR,5141,05141,25.65
Washington,AR,5143,05143,11.39
White,AR,5145,05145,16.11
Woodruff,AR,5147,05147,22.67
Yell,AR,5149,05149,17.45
Alameda,CA,6001,06001,13.52
Alpine,CA,6003,06003,29.93
Amador,CA,6005,06005,26.66
Butte,CA,6007,06007,18.02
Calaveras,CA,6009,06009,27.51
Colusa,CA,6011,06011,14.37
Contra Costa,CA,6013,06013,15.4
Del Norte,CA,6015,06015,17.19
El Dorado,CA,6017,06017,20.45
Fresno,CA,6019,06019,11.96
Glenn,CA,6021,06021,15.94
Humboldt,CA,6023,06023,17.3
Imperial,CA,6025,06025,12.64
Inyo,CA,6027,06027,22.79
Kern,CA,6029,06029,10.67
Kings,CA,6031,06031,10
Lake,CA,6033,06033,22.33
Lassen,CA,6035,06035,14.21
Los Angeles,CA,6037,06037,13.25
Madera,CA,6039,06039,13.79
Marin,CA,6041,06041,21.61
Mariposa,CA,6043,06043,27.5
Mendocino,CA,6045,06045,21.25
Merced,CA,6047,06047,11.04
Modoc,CA,6049,06049,26.96
Mono,CA,6051,06051,14.32
Monterey,CA,6053,06053,13.21
Napa,CA,6055,06055,18.6
Nevada,CA,6057,06057,26.45
Orange,CA,6059,06059,14.37
Placer,CA,6061,06061,19.14
Plumas,CA,6063,06063,27.06
Riverside,CA,6065,06065,14.12
Sacramento,CA,6067,06067,13.75
San Benito,CA,6069,06069,12.47
San Bernardino,CA,6071,06071,11.26
San Diego,CA,6073,06073,13.69
San Francisco,CA,6075,06075,15.43
San Joaquin,CA,6077,06077,12.53
San Luis Obispo,CA,6079,06079,19.44
San Mateo,CA,6081,06081,15.75
Santa Barbara,CA,6083,06083,14.96
Santa Clara,CA,6085,06085,13.19
Santa Cruz,CA,6087,06087,15.75
Shasta,CA,6089,06089,20.24
Sierra,CA,6091,06091,29.34
Siskiyou,CA,6093,06093,24.69
Solano,CA,6095,06095,15.23
Sonoma,CA,6097,06097,18.99
Stanislaus,CA,6099,06099,12.83
Sutter,CA,6101,06101,15
Tehama,CA,6103,06103,19.26
Trinity,CA,6105,06105,26.85
Tulare,CA,6107,06107,11.16
Tuolumne,CA,6109,06109,25.58
Ventura,CA,6111,06111,15.06
Yolo,CA,6113,06113,12.14
Yuba,CA,6115,06115,12.28
Adams,CO,8001,08001,10.14
Alamosa,CO,8003,08003,13.22
Arapahoe,CO,8005,08005,12.74
Archuleta,CO,8007,08007,25.53
Baca,CO,8009,08009,26
Bent,CO,8011,08011,17.85
Boulder,CO,8013,08013,13.67
Broomfield,CO,8014,08014,13.3
Chaffee,CO,8015,08015,25.05
Cheyenne,CO,8017,08017,16.54
Clear Creek,CO,8019,08019,19.44
Conejos,CO,8021,08021,18.61
Costilla,CO,8023,08023,27.32
Crowley,CO,8025,08025,13.38
Custer,CO,8027,08027,35.95
Delta,CO,8029,08029,25.28
Denver,CO,8031,08031,11.55
Dolores,CO,8033,08033,27.63
Douglas,CO,8035,08035,11.43
Eagle,CO,8037,08037,10.75
Elbert,CO,8039,08039,15.49
El Paso,CO,8041,08041,12.46
Fremont,CO,8043,08043,21.15
Garfield,CO,8045,08045,12.66
Gilpin,CO,8047,08047,17.93
Grand,CO,8049,08049,16.74
Gunnison,CO,8051,08051,13.01
Hinsdale,CO,8053,08053,24.5
Huerfano,CO,8055,08055,31.19
Jackson,CO,8057,08057,28.31
Jefferson,CO,8059,08059,16
Kiowa,CO,8061,08061,24.71
Kit Carson,CO,8063,08063,18.33
Lake,CO,8065,08065,10.55
La Plata,CO,8067,08067,16.45
Larimer,CO,8069,08069,15.13
Las Animas,CO,8071,08071,23.67
Lincoln,CO,8073,08073,17.39
Logan,CO,8075,08075,17.15
Mesa,CO,8077,08077,18.57
Mineral,CO,8079,08079,26.82
Moffat,CO,8081,08081,13.77
Montezuma,CO,8083,08083,21.53
Montrose,CO,8085,08085,23.11
Morgan,CO,8087,08087,15.37
Otero,CO,8089,08089,20.08
Ouray,CO,8091,08091,27.73
Park,CO,8093,08093,19.96
Phillips,CO,8095,08095,17.27
Pitkin,CO,8097,08097,17.81
Prowers,CO,8099,08099,17.4
Pueblo,CO,8101,08101,18.19
Rio Blanco,CO,8103,08103,15.24
Rio Grande,CO,8105,08105,19.43
Routt,CO,8107,08107,14.61
Saguache,CO,8109,08109,22.38
San Juan,CO,8111,08111,24.79
San Miguel,CO,8113,08113,13.52
Sedgwick,CO,8115,08115,23.13
Summit,CO,8117,08117,12.77
Teller,CO,8119,08119,21.05
Washington,CO,8121,08121,20.07
Weld,CO,8123,08123,11.86
Yuma,CO,8125,08125,18.24
Fairfield,CT,9001,09001,15.53
Hartford,CT,9003,09003,16.77
Litchfield,CT,9005,09005,20.58
Middlesex,CT,9007,09007,19.67
New Haven,CT,9009,09009,17
New London,CT,9011,09011,17.73
Tolland,CT,9013,09013,15.32
Windham,CT,9015,09015,16.05
Kent,DE,10001,10001,16.65
New Castle,DE,10003,10003,15.15
Sussex,DE,10005,10005,26.96
District of Columbia,DC,11001,11001,12.08
Alachua,FL,12001,12001,13.68
Baker,FL,12003,12003,13.73
Bay,FL,12005,12005,17.04
Bradford,FL,12007,12007,17.82
Brevard,FL,12009,12009,23.43
Broward,FL,12011,12011,16.3
Calhoun,FL,12013,12013,19.18
Charlotte,FL,12015,12015,39.62
Citrus,FL,12017,12017,36.28
Clay,FL,12019,12019,15.39
Collier,FL,12021,12021,31.55
Columbia,FL,12023,12023,18.28
DeSoto,FL,12027,12027,21.68
Dixie,FL,12029,12029,22.74
Duval,FL,12031,12031,13.72
Escambia,FL,12033,12033,16.56
Flagler,FL,12035,12035,29.98
Franklin,FL,12037,12037,22.7
Gadsden,FL,12039,12039,17.32
Gilchrist,FL,12041,12041,20.26
Glades,FL,12043,12043,26.92
Gulf,FL,12045,12045,20.68
Hamilton,FL,12047,12047,16.97
Hardee,FL,12049,12049,15.79
Hendry,FL,12051,12051,13.12
Hernando,FL,12053,12053,27.48
Highlands,FL,12055,12055,35.2
Hillsborough,FL,12057,12057,13.93
Holmes,FL,12059,12059,19.81
Indian River,FL,12061,12061,32.27
Jackson,FL,12063,12063,19.26
Jefferson,FL,12065,12065,22.94
Lafayette,FL,12067,12067,13.75
Lake,FL,12069,12069,26.55
Lee,FL,12071,12071,28.09
Leon,FL,12073,12073,12.9
Levy,FL,12075,12075,24.09
Liberty,FL,12077,12077,15.34
Madison,FL,12079,12079,20.13
Manatee,FL,12081,12081,26.98
Marion,FL,12083,12083,28.64
Martin,FL,12085,12085,30.6
Miami-Dade,FL,12086,12086,15.96
Monroe,FL,12087,12087,22.15
Nassau,FL,12089,12089,21.52
Okaloosa,FL,12091,12091,15.72
Okeechobee,FL,12093,12093,19.77
Orange,FL,12095,12095,11.64
Osceola,FL,12097,12097,12.96
Palm Beach,FL,12099,12099,23.62
Pasco,FL,12101,12101,22.53
Pinellas,FL,12103,12103,24.34
Polk,FL,12105,12105,20.16
Putnam,FL,12107,12107,22.71
St. Johns,FL,12109,12109,19.71
St. Lucie,FL,12111,12111,23.76
Santa Rosa,FL,12113,12113,15.8
Sarasota,FL,12115,12115,36.05
Seminole,FL,12117,12117,15.2
Sumter,FL,12119,12119,56.71
Suwannee,FL,12121,12121,20.51
Taylor,FL,12123,12123,19.68
Union,FL,12125,12125,14.96
Volusia,FL,12127,12127,24.15
Wakulla,FL,12129,12129,14.59
Walton,FL,12131,12131,19.5
Washington,FL,12133,12133,17.23
Appling,GA,13001,13001,16.85
Atkinson,GA,13003,13003,13.56
Bacon,GA,13005,13005,15.36
Baker,GA,13007,13007,23.72
Baldwin,GA,13009,13009,15.43
Banks,GA,13011,13011,16.46
Barrow,GA,13013,13013,12.34
Bartow,GA,13015,13015,13.69
Ben Hill,GA,13017,13017,16.73
Berrien,GA,13019,13019,17.56
Bibb,GA,13021,13021,15.17
Bleckley,GA,13023,13023,17.65
Brantley,GA,13025,13025,16.04
Brooks,GA,13027,13027,18.88
Bryan,GA,13029,13029,10.5
Bulloch,GA,13031,13031,11.14
Burke,GA,13033,13033,15.03
Butts,GA,13035,13035,15.39
Calhoun,GA,13037,13037,15.05
Camden,GA,13039,13039,12.7
Candler,GA,13043,13043,17.48
Carroll,GA,13045,13045,13.36
Catoosa,GA,13047,13047,17.22
Charlton,GA,13049,13049,14.88
Chatham,GA,13051,13051,14.92
Chattahoochee,GA,13053,13053,3.2
Chattooga,GA,13055,13055,17.31
Cherokee,GA,13057,13057,13.44
Clarke,GA,13059,13059,10.58
Clay,GA,13061,13061,25.82
Clayton,GA,13063,13063,9.02
Clinch,GA,13065,13065,15.54
Cobb,GA,13067,13067,11.85
Coffee,GA,13069,13069,13.65
Colquitt,GA,13071,13071,15.25
Columbia,GA,13073,13073,13.19
Cook,GA,13075,13075,15.89
Coweta,GA,13077,13077,13.5
Crawford,GA,13079,13079,18
Crisp,GA,13081,13081,18.21
Dade,GA,13083,13083,18.94
Dawson,GA,13085,13085,20.02
Decatur,GA,13087,13087,15.99
DeKalb,GA,13089,13089,11.95
Dodge,GA,13091,13091,17.49
Dooly,GA,13093,13093,19.23
Dougherty,GA,13095,13095,15.29
Douglas,GA,13097,13097,11.39
Early,GA,13099,13099,18.98
Echols,GA,13101,13101,16.1
Effingham,GA,13103,13103,11.41
Elbert,GA,13105,13105,20.27
Emanuel,GA,13107,13107,15.73
Evans,GA,13109,13109,16.43
Fannin,GA,13111,13111,28.46
Fayette,GA,13113,13113,17.71
Floyd,GA,13115,13115,16.49
Forsyth,GA,13117,13117,11.68
Franklin,GA,13119,13119,19.27
Fulton,GA,13121,13121,11.41
Gilmer,GA,13123,13123,24.12
Glascock,GA,13125,13125,16.49
Glynn,GA,13127,13127,19.67
Gordon,GA,13129,13129,14.42
Grady,GA,13131,13131,17.75
Greene,GA,13133,13133,28.45
Gwinnett,GA,13135,13135,9.63
Habersham,GA,13137,13137,18.48
Hall,GA,13139,13139,14.55
Hancock,GA,13141,13141,22.36
Haralson,GA,13143,13143,15.77
Harris,GA,13145,13145,18.07
Hart,GA,13147,13147,21.84
Heard,GA,13149,13149,16.64
Henry,GA,13151,13151,11.35
Houston,GA,13153,13153,12.42
Irwin,GA,13155,13155,18.68
Jackson,GA,13157,13157,14.41
Jasper,GA,13159,13159,17.54
Jeff Davis,GA,13161,13161,15.12
Jefferson,GA,13163,13163,17.97
Jenkins,GA,13165,13165,17.82
Johnson,GA,13167,13167,18.12
Jones,GA,13169,13169,17.38
Lamar,GA,13171,13171,16.75
Lanier,GA,13173,13173,13.82
Laurens,GA,13175,13175,17.25
Lee,GA,13177,13177,12.51
Liberty,GA,13179,13179,8.77
Lincoln,GA,13181,13181,23.24
Long,GA,13183,13183,9.05
Lowndes,GA,13185,13185,11.88
Lumpkin,GA,13187,13187,16.85
McDuffie,GA,13189,13189,17.29
McIntosh,GA,13191,13191,25.67
Macon,GA,13193,13193,16.54
Madison,GA,13195,13195,16.65
Marion,GA,13197,13197,20.66
Meriwether,GA,13199,13199,19.86
Miller,GA,13201,13201,21.63
Mitchell,GA,13205,13205,16.09
Monroe,GA,13207,13207,18.06
Montgomery,GA,13209,13209,16.58
Morgan,GA,13211,13211,19.51
Murray,GA,13213,13213,14.4
Muscogee,GA,13215,13215,13
Newton,GA,13217,13217,12.66
Oconee,GA,13219,13219,14.98
Oglethorpe,GA,13221,13221,18.87
Paulding,GA,13223,13223,10.44
Peach,GA,13225,13225,15.51
Pickens,GA,13227,13227,21.37
Pierce,GA,13229,13229,16.77
Pike,GA,13231,13231,15.48
Polk,GA,13233,13233,15.4
Pulaski,GA,13235,13235,19.87
Putnam,GA,13237,13237,23.52
Quitman,GA,13239,13239,24.9
Rabun,GA,13241,13241,27.46
Randolph,GA,13243,13243,21.55
Richmond,GA,13245,13245,13.57
Rockdale,GA,13247,13247,14.02
Schley,GA,13249,13249,16.03
Screven,GA,13251,13251,18.26
Seminole,GA,13253,13253,22.83
Spalding,GA,13255,13255,17.65
Stephens,GA,13257,13257,19.73
Stewart,GA,13259,13259,14.89
Sumter,GA,13261,13261,16.68
Talbot,GA,13263,13263,23.46
Taliaferro,GA,13265,13265,25.2
Tattnall,GA,13267,13267,13.87
Taylor,GA,13269,13269,19.48
Telfair,GA,13271,13271,17.53
Terrell,GA,13273,13273,18.76
Thomas,GA,13275,13275,17.59
Tift,GA,13277,13277,14.45
Toombs,GA,13279,13279,16.15
Towns,GA,13281,13281,34.4
Treutlen,GA,13283,13283,20.72
Troup,GA,13285,13285,14.47
Turner,GA,13287,13287,19.48
Twiggs,GA,13289,13289,21.9
Union,GA,13291,13291,32.5
Upson,GA,13293,13293,17.99
Walker,GA,13295,13295,18.31
Walton,GA,13297,13297,15.16
Ware,GA,13299,13299,16.9
Warren,GA,13301,13301,21.58
Washington,GA,13303,13303,17.7
Wayne,GA,13305,13305,15.63
Webster,GA,13307,13307,20.04
Wheeler,GA,13309,13309,14.09
White,GA,13311,13311,22.06
Whitfield,GA,13313,13313,13.71
Wilcox,GA,13315,13315,16.64
Wilkes,GA,13317,13317,22.86
Wilkinson,GA,13319,13319,18.73
Worth,GA,13321,13321,18.76
Hawaii,HI,15001,15001,20.19
Honolulu,HI,15003,15003,17.3
Kalawao,HI,15005,15005,16.67
Kauai,HI,15007,15007,19.31
Maui,HI,15009,15009,17.53
Ada,ID,16001,16001,13.95
Adams,ID,16003,16003,29.51
Bannock,ID,16005,16005,13.78
Bear Lake,ID,16007,16007,20.58
Benewah,ID,16009,16009,22.19
Bingham,ID,16011,16011,13.73
Blaine,ID,16013,16013,17.78
Boise,ID,16015,16015,24.87
Bonner,ID,16017,16017,23.76
Bonneville,ID,16019,16019,13.06
Boundary,ID,16021,16021,21.27
Butte,ID,16023,16023,20.77
Camas,ID,16025,16025,18.8
Canyon,ID,16027,16027,13.43
Caribou,ID,16029,16029,16.65
Cassia,ID,16031,16031,13.76
Clark,ID,16033,16033,14.79
Clearwater,ID,16035,16035,26.67
Custer,ID,16037,16037,32.81
Elmore,ID,16039,16039,13.01
Franklin,ID,16041,16041,13.81
Fremont,ID,16043,16043,17
Gem,ID,16045,16045,21.22
Gooding,ID,16047,16047,16.69
Idaho,ID,16049,16049,26.85
Jefferson,ID,16051,16051,10.96
Jerome,ID,16053,16053,12.6
Kootenai,ID,16055,16055,18.49
Latah,ID,16057,16057,13.03
Lemhi,ID,16059,16059,29.27
Lewis,ID,16061,16061,24.67
Lincoln,ID,16063,16063,12.99
Madison,ID,16065,16065,6.62
Minidoka,ID,16067,16067,15.82
Nez Perce,ID,16069,16069,19.59
Oneida,ID,16071,16071,19.18
Owyhee,ID,16073,16073,17.95
Payette,ID,16075,16075,17.88
Power,ID,16077,16077,15.68
Shoshone,ID,16079,16079,22.33
Teton,ID,16081,16081,10.89
Twin Falls,ID,16083,16083,15.07
Valley,ID,16085,16085,27.54
Washington,ID,16087,16087,24.61
Adams,IL,17001,17001,19.95
Alexander,IL,17003,17003,21.28
Bond,IL,17005,17005,18.27
Boone,IL,17007,17007,15.57
Brown,IL,17009,17009,14.48
Bureau,IL,17011,17011,21.63
Calhoun,IL,17013,17013,23.27
Carroll,IL,17015,17015,24.87
Cass,IL,17017,17017,17.26
Champaign,IL,17019,17019,12.37
Christian,IL,17021,17021,19.36
Clark,IL,17023,17023,19.35
Clay,IL,17025,17025,20.03
Clinton,IL,17027,17027,16.64
Coles,IL,17029,17029,16.54
Cook,IL,17031,17031,14.26
Crawford,IL,17033,17033,18.75
Cumberland,IL,17035,17035,19.32
DeKalb,IL,17037,17037,12.15
De Witt,IL,17039,17039,18.77
Douglas,IL,17041,17041,17.56
DuPage,IL,17043,17043,15
Edgar,IL,17045,17045,21.7
Edwards,IL,17047,17047,20.91
Effingham,IL,17049,17049,17.14
Fayette,IL,17051,17051,18.82
Ford,IL,17053,17053,18.82
Franklin,IL,17055,17055,20.09
Fulton,IL,17057,17057,20.08
Gallatin,IL,17059,17059,23.52
Greene,IL,17061,17061,19.05
Grundy,IL,17063,17063,13.58
Hamilton,IL,17065,17065,21.51
Hancock,IL,17067,17067,22.81
Hardin,IL,17069,17069,24.78
Henderson,IL,17071,17071,24.79
Henry,IL,17073,17073,20.31
Iroquois,IL,17075,17075,21.2
Jackson,IL,17077,17077,14.83
Jasper,IL,17079,17079,19.04
Jefferson,IL,17081,17081,18.62
Jersey,IL,17083,17083,19.08
Jo Daviess,IL,17085,17085,27.2
Johnson,IL,17087,17087,20.93
Kane,IL,17089,17089,13.16
Kankakee,IL,17091,17091,16.28
Kendall,IL,17093,17093,10.12
Knox,IL,17095,17095,20.84
Lake,IL,17097,17097,13.73
LaSalle,IL,17099,17099,18.47
Lawrence,IL,17101,17101,18.74
Lee,IL,17103,17103,18.93
Livingston,IL,17105,17105,18.92
Logan,IL,17107,17107,18.01
McDonough,IL,17109,17109,17.17
McHenry,IL,17111,17111,14.01
McLean,IL,17113,17113,12.72
Macon,IL,17115,17115,19.42
Macoupin,IL,17117,17117,19.57
Madison,IL,17119,17119,16.8
Marion,IL,17121,17121,19.31
Marshall,IL,17123,17123,22.78
Mason,IL,17125,17125,22.06
Massac,IL,17127,17127,20.83
Menard,IL,17129,17129,19.41
Mercer,IL,17131,17131,21.07
Monroe,IL,17133,17133,17.24
Montgomery,IL,17135,17135,19.62
Morgan,IL,17137,17137,19.57
Moultrie,IL,17139,17139,18.89
Ogle,IL,17141,17141,18.18
Peoria,IL,17143,17143,16.45
Perry,IL,17145,17145,18.47
Piatt,IL,17147,17147,19.11
Pike,IL,17149,17149,20.58
Pope,IL,17151,17151,27.36
Pulaski,IL,17153,17153,21.8
Putnam,IL,17155,17155,22.69
Randolph,IL,17157,17157,18.49
Richland,IL,17159,17159,20.08
Rock Island,IL,17161,17161,18.8
St. Clair,IL,17163,17163,15.23
Saline,IL,17165,17165,19.94
Sangamon,IL,17167,17167,17.24
Schuyler,IL,17169,17169,21.98
Scott,IL,17171,17171,19.9
Shelby,IL,17173,17173,22.09
Stark,IL,17175,17175,21.88
Stephenson,IL,17177,17177,22.09
Tazewell,IL,17179,17179,18.3
Union,IL,17181,17181,20.45
Vermilion,IL,17183,17183,18.73
Wabash,IL,17185,17185,20.23
Warren,IL,17187,17187,18.58
Washington,IL,17189,17189,19.89
Wayne,IL,17191,17191,21.3
White,IL,17193,17193,21.58
Whiteside,IL,17195,17195,20.3
Will,IL,17197,17197,12.61
Williamson,IL,17199,17199,18.64
Winnebago,IL,17201,17201,17.01
Woodford,IL,17203,17203,17.38
Adams,IN,18001,18001,15.13
Allen,IN,18003,18003,14.21
Bartholomew,IN,18005,18005,16.04
Benton,IN,18007,18007,17.52
Blackford,IN,18009,18009,21.01
Boone,IN,18011,18011,12.91
Brown,IN,18013,18013,24.3
Carroll,IN,18015,18015,19.15
Cass,IN,18017,18017,17.41
Clark,IN,18019,18019,15.41
Clay,IN,18021,18021,17.82
Clinton,IN,18023,18023,16.16
Crawford,IN,18025,18025,19.16
Daviess,IN,18027,18027,15.18
Dearborn,IN,18029,18029,17.02
Decatur,IN,18031,18031,16.5
DeKalb,IN,18033,18033,15.79
Delaware,IN,18035,18035,16.85
Dubois,IN,18037,18037,16.86
Elkhart,IN,18039,18039,14.3
Fayette,IN,18041,18041,19.63
Floyd,IN,18043,18043,15.68
Fountain,IN,18045,18045,19.51
Franklin,IN,18047,18047,17.53
Fulton,IN,18049,18049,18.9
Gibson,IN,18051,18051,17.19
Grant,IN,18053,18053,18.67
Greene,IN,18055,18055,19.28
Hamilton,IN,18057,18057,11.87
Hancock,IN,18059,18059,15.93
Harrison,IN,18061,18061,17.22
Hendricks,IN,18063,18063,13.33
Henry,IN,18065,18065,18.63
Howard,IN,18067,18067,19.06
Huntington,IN,18069,18069,16.85
Jackson,IN,18071,18071,15.85
Jasper,IN,18073,18073,17.29
Jay,IN,18075,18075,17.35
Jefferson,IN,18077,18077,17.36
Jennings,IN,18079,18079,15.92
Johnson,IN,18081,18081,14.41
Knox,IN,18083,18083,17.52
Kosciusko,IN,18085,18085,16.23
LaGrange,IN,18087,18087,13.42
Lake,IN,18089,18089,16.08
LaPorte,IN,18091,18091,17.34
Lawrence,IN,18093,18093,19.77
Madison,IN,18095,18095,17.94
Marion,IN,18097,18097,12.27
Marshall,IN,18099,18099,17.28
Martin,IN,18101,18101,19.1
Miami,IN,18103,18103,17.31
Monroe,IN,18105,18105,12.61
Montgomery,IN,18107,18107,17.79
Morgan,IN,18109,18109,16.26
Newton,IN,18111,18111,18.92
Noble,IN,18113,18113,15.23
Ohio,IN,18115,18115,20.97
Orange,IN,18117,18117,18.92
Owen,IN,18119,18119,18.96
Parke,IN,18121,18121,19.11
Perry,IN,18123,18123,18.16
Pike,IN,18125,18125,19.69
Porter,IN,18127,18127,15.95
Posey,IN,18129,18129,18.21
Pulaski,IN,18131,18131,18.9
Putnam,IN,18133,18133,16.38
Randolph,IN,18135,18135,19.69
Ripley,IN,18137,18137,17.35
Rush,IN,18139,18139,17.87
St. Joseph,IN,18141,18141,15.4
Scott,IN,18143,18143,16.61
Shelby,IN,18145,18145,16.65
Spencer,IN,18147,18147,19.27
Starke,IN,18149,18149,17.82
Steuben,IN,18151,18151,19.58
Sullivan,IN,18153,18153,17.26
Switzerland,IN,18155,18155,17.73
Tippecanoe,IN,18157,18157,11.13
Tipton,IN,18159,18159,20.28
Union,IN,18161,18161,18.82
Vanderburgh,IN,18163,18163,16.42
Vermillion,IN,18165,18165,19.45
Vigo,IN,18167,18167,15.96
Wabash,IN,18169,18169,20.39
Warren,IN,18171,18171,20.13
Warrick,IN,18173,18173,17.01
Washington,IN,18175,18175,16.72
Wayne,IN,18177,18177,18.79
Wells,IN,18179,18179,17.94
White,IN,18181,18181,19.51
Whitley,IN,18183,18183,17.62
Adair,IA,19001,19001,22.1
Adams,IA,19003,19003,22.78
Allamakee,IA,19005,19005,22.27
Appanoose,IA,19007,19007,22.7
Audubon,IA,19009,19009,24.3
Benton,IA,19011,19011,18.06
Black Hawk,IA,19013,19013,15.97
Boone,IA,19015,19015,17.69
Bremer,IA,19017,19017,19.57
Buchanan,IA,19019,19019,17.85
Buena Vista,IA,19021,19021,15.09
Butler,IA,19023,19023,22.34
Calhoun,IA,19025,19025,22.8
Carroll,IA,19027,19027,19.72
Cass,IA,19029,19029,22.57
Cedar,IA,19031,19031,19.25
Cerro Gordo,IA,19033,19033,21.11
Cherokee,IA,19035,19035,23.5
Chickasaw,IA,19037,19037,20.12
Clarke,IA,19039,19039,17.85
Clay,IA,19041,19041,20.54
Clayton,IA,19043,19043,22.95
Clinton,IA,19045,19045,19.31
Crawford,IA,19047,19047,17.02
Dallas,IA,19049,19049,11.89
Davis,IA,19051,19051,17.43
Decatur,IA,19053,19053,19.64
Delaware,IA,19055,19055,19.07
Des Moines,IA,19057,19057,20.26
Dickinson,IA,19059,19059,25.54
Dubuque,IA,19061,19061,17.3
Emmet,IA,19063,19063,20.52
Fayette,IA,19065,19065,21
Floyd,IA,19067,19067,21.72
Franklin,IA,19069,19069,20.75
Fremont,IA,19071,19071,22.27
Greene,IA,19073,19073,22.3
Grundy,IA,19075,19075,20.48
Guthrie,IA,19077,19077,22.1
Hamilton,IA,19079,19079,20.16
Hancock,IA,19081,19081,21.83
Hardin,IA,19083,19083,21.3
Harrison,IA,19085,19085,19.42
Henry,IA,19087,19087,18.43
Howard,IA,19089,19089,20.23
Humboldt,IA,19091,19091,20.8
Ida,IA,19093,19093,21.9
Iowa,IA,19095,19095,18.43
Jackson,IA,19097,19097,20.4
Jasper,IA,19099,19099,18.9
Jefferson,IA,19101,19101,21.57
Johnson,IA,19103,19103,11.31
Jones,IA,19105,19105,20.16
Keokuk,IA,19107,19107,21.54
Kossuth,IA,19109,19109,23.07
Lee,IA,19111,19111,19.88
Linn,IA,19113,19113,15.53
Louisa,IA,19115,19115,18.33
Lucas,IA,19117,19117,21.39
Lyon,IA,19119,19119,17.86
Madison,IA,19121,19121,17.08
Mahaska,IA,19123,19123,18.07
Marion,IA,19125,19125,17.5
Marshall,IA,19127,19127,17.69
Mills,IA,19129,19129,18.03
Mitchell,IA,19131,19131,21.74
Monona,IA,19133,19133,24.34
Monroe,IA,19135,19135,19.64
Montgomery,IA,19137,19137,20.89
Muscatine,IA,19139,19139,16.11
O'Brien,IA,19141,19141,20.5
Osceola,IA,19143,19143,20.97
Page,IA,19145,19145,21.65
Palo Alto,IA,19147,19147,21.53
Plymouth,IA,19149,19149,18.07
Pocahontas,IA,19151,19151,22.72
Polk,IA,19153,19153,12.76
Pottawattamie,IA,19155,19155,16.96
Poweshiek,IA,19157,19157,20.2
Ringgold,IA,19159,19159,24.01
Sac,IA,19161,19161,23.16
Scott,IA,19163,19163,15.77
Shelby,IA,19165,19165,22.68
Sioux,IA,19167,19167,15.22
Story,IA,19169,19169,11.8
Tama,IA,19171,19171,19.52
Taylor,IA,19173,19173,21.97
Union,IA,19175,19175,20.03
Van Buren,IA,19177,19177,22.13
Wapello,IA,19179,19179,17.36
Warren,IA,19181,19181,15.54
Washington,IA,19183,19183,18.74
Wayne,IA,19185,19185,21.7
Webster,IA,19187,19187,18.02
Winnebago,IA,19189,19189,20.86
Winneshiek,IA,19191,19191,20.02
Woodbury,IA,19193,19193,14.69
Worth,IA,19195,19195,20.19
Wright,IA,19197,19197,22.03
Allen,KS,20001,20001,20.24
Anderson,KS,20003,20003,21.15
Atchison,KS,20005,20005,16.92
Barber,KS,20007,20007,21.58
Barton,KS,20009,20009,18.85
Bourbon,KS,20011,20011,19.44
Brown,KS,20013,20013,19.5
Butler,KS,20015,20015,14.84
Chase,KS,20017,20017,24.16
Chautauqua,KS,20019,20019,26.06
Cherokee,KS,20021,20021,19.02
Cheyenne,KS,20023,20023,26.45
Clark,KS,20025,20025,23.59
Clay,KS,20027,20027,23.11
Cloud,KS,20029,20029,20.99
Coffey,KS,20031,20031,20.8
Comanche,KS,20033,20033,26.09
Cowley,KS,20035,20035,18.1
Crawford,KS,20037,20037,15.19
Decatur,KS,20039,20039,27.45
Dickinson,KS,20041,20041,19.46
Doniphan,KS,20043,20043,18.86
Douglas,KS,20045,20045,11.81
Edwards,KS,20047,20047,21.12
Elk,KS,20049,20049,28.93
Ellis,KS,20051,20051,15
Ellsworth,KS,20053,20053,20.61
Finney,KS,20055,20055,10.63
Ford,KS,20057,20057,10.59
Franklin,KS,20059,20059,16.45
Geary,KS,20061,20061,8.13
Gove,KS,20063,20063,26.55
Graham,KS,20065,20065,26.52
Grant,KS,20067,20067,12.88
Gray,KS,20069,20069,14.82
Greeley,KS,20071,20071,20.51
Greenwood,KS,20073,20073,24.72
Hamilton,KS,20075,20075,13.55
Harper,KS,20077,20077,22.26
Harvey,KS,20079,20079,19.17
Haskell,KS,20081,20081,14.19
Hodgeman,KS,20083,20083,22.01
Jackson,KS,20085,20085,18.83
Jefferson,KS,20087,20087,18.46
Jewell,KS,20089,20089,29.64
Johnson,KS,20091,20091,14.06
Kearny,KS,20093,20093,14.64
Kingman,KS,20095,20095,21.8
Kiowa,KS,20097,20097,21.32
Labette,KS,20099,20099,18.48
Lane,KS,20101,20101,18.41
Leavenworth,KS,20103,20103,14.11
Lincoln,KS,20105,20105,23.69
Linn,KS,20107,20107,22.1
Logan,KS,20109,20109,20.18
Lyon,KS,20111,20111,14.77
McPherson,KS,20113,20113,19.51
Marion,KS,20115,20115,23.1
Marshall,KS,20117,20117,21.35
Meade,KS,20119,20119,17.32
Miami,KS,20121,20121,17.04
Mitchell,KS,20123,20123,23.63
Montgomery,KS,20125,20125,19.24
Morris,KS,20127,20127,24.34
Morton,KS,20129,20129,20.99
Nemaha,KS,20131,20131,19.68
Neosho,KS,20133,20133,19.21
Ness,KS,20135,20135,25.28
Norton,KS,20137,20137,20.51
Osage,KS,20139,20139,19.55
Osborne,KS,20141,20141,24.42
Ottawa,KS,20143,20143,19.87
Pawnee,KS,20145,20145,20.27
Phillips,KS,20147,20147,22.83
Pottawatomie,KS,20149,20149,14.1
Pratt,KS,20151,20151,18.88
Rawlins,KS,20153,20153,26.86
Reno,KS,20155,20155,19.31
Republic,KS,20157,20157,27.42
Rice,KS,20159,20159,18.64
Riley,KS,20161,20161,8.91
Rooks,KS,20163,20163,22.13
Rush,KS,20165,20165,24.85
Russell,KS,20167,20167,23.56
Saline,KS,20169,20169,17.21
Scott,KS,20171,20171,18.12
Sedgwick,KS,20173,20173,14.04
Seward,KS,20175,20175,9.39
Shawnee,KS,20177,20177,17.6
Sheridan,KS,20179,20179,23.5
Sherman,KS,20181,20181,18.76
Smith,KS,20183,20183,27.32
Stafford,KS,20185,20185,21.07
Stanton,KS,20187,20187,17.11
Stevens,KS,20189,20189,14.56
Sumner,KS,20191,20191,18.3
Thomas,KS,20193,20193,16.34
Trego,KS,20195,20195,25.28
Wabaunsee,KS,20197,20197,19.52
Wallace,KS,20199,20199,22.17
Washington,KS,20201,20201,23.83
Wichita,KS,20203,20203,18.78
Wilson,KS,20205,20205,21.02
Woodson,KS,20207,20207,24.42
Wyandotte,KS,20209,20209,12.03
Adair,KY,21001,21001,18.58
Allen,KY,21003,21003,17.32
Anderson,KY,21005,21005,15.44
Ballard,KY,21007,21007,20.74
Barren,KY,21009,21009,17.15
Bath,KY,21011,21011,16.16
Bell,KY,21013,21013,18.58
Boone,KY,21015,21015,12.89
Bourbon,KY,21017,21017,18.95
Boyd,KY,21019,21019,18.9
Boyle,KY,21021,21021,18.55
Bracken,KY,21023,21023,16.15
Breathitt,KY,21025,21025,16.47
Breckinridge,KY,21027,21027,19.27
Bullitt,KY,21029,21029,15.32
Butler,KY,21031,21031,18.07
Caldwell,KY,21033,21033,20.89
Calloway,KY,21035,21035,16.83
Campbell,KY,21037,21037,15.2
Carlisle,KY,21039,21039,20.63
Carroll,KY,21041,21041,15.09
Carter,KY,21043,21043,18.28
Casey,KY,21045,21045,19.91
Christian,KY,21047,21047,12.06
Clark,KY,21049,21049,17.54
Clay,KY,21051,21051,14.75
Clinton,KY,21053,21053,19.08
Crittenden,KY,21055,21055,20.23
Cumberland,KY,21057,21057,21.5
Daviess,KY,21059,21059,16.7
Edmonson,KY,21061,21061,20.16
Elliott,KY,21063,21063,18.97
Estill,KY,21065,21065,18.6
Fayette,KY,21067,21067,12.96
Fleming,KY,21069,21069,17.48
Floyd,KY,21071,21071,17.5
Franklin,KY,21073,21073,17.03
Fulton,KY,21075,21075,20.07
Gallatin,KY,21077,21077,13.65
Garrard,KY,21079,21079,17.89
Grant,KY,21081,21081,13.64
Graves,KY,21083,21083,18.23
Grayson,KY,21085,21085,17.23
Green,KY,21087,21087,20.14
Greenup,KY,21089,21089,20.29
Hancock,KY,21091,21091,16.87
Hardin,KY,21093,21093,13.69
Harlan,KY,21095,21095,17.9
Harrison,KY,21097,21097,17.44
Hart,KY,21099,21099,16.36
Henderson,KY,21101,21101,17.21
Henry,KY,21103,21103,17
Hickman,KY,21105,21105,24.32
Hopkins,KY,21107,21107,17.99
Jackson,KY,21109,21109,17.01
Jefferson,KY,21111,21111,15.74
Jessamine,KY,21113,21113,14.68
Johnson,KY,21115,21115,17.7
Kenton,KY,21117,21117,13.95
Knott,KY,21119,21119,17.65
Knox,KY,21121,21121,17.11
Larue,KY,21123,21123,17.11
Laurel,KY,21125,21125,16.06
Lawrence,KY,21127,21127,17.08
Lee,KY,21129,21129,17.38
Leslie,KY,21131,21131,17.43
Letcher,KY,21133,21133,18.52
Lewis,KY,21135,21135,17.87
Lincoln,KY,21137,21137,17.84
Livingston,KY,21139,21139,21.03
Logan,KY,21141,21141,18.2
Lyon,KY,21143,21143,26.71
McCracken,KY,21145,21145,19.38
McCreary,KY,21147,21147,15.3
McLean,KY,21149,21149,19.23
Madison,KY,21151,21151,13.36
Magoffin,KY,21153,21153,16.76
Marion,KY,21155,21155,16.49
Marshall,KY,21157,21157,21.68
Martin,KY,21159,21159,15.69
Mason,KY,21161,21161,17.47
Meade,KY,21163,21163,13.97
Menifee,KY,21165,21165,20.21
Mercer,KY,21167,21167,18.46
Metcalfe,KY,21169,21169,18.77
Monroe,KY,21171,21171,18.41
Montgomery,KY,21173,21173,15.77
Morgan,KY,21175,21175,16.45
Muhlenberg,KY,21177,21177,18.62
Nelson,KY,21179,21179,15.28
Nicholas,KY,21181,21181,16.86
Ohio,KY,21183,21183,17.64
Oldham,KY,21185,21185,12.71
Owen,KY,21187,21187,17.89
Owsley,KY,21189,21189,19
Pendleton,KY,21191,21191,15.52
Perry,KY,21193,21193,16.33
Pike,KY,21195,21195,18.09
Powell,KY,21197,21197,15.49
Pulaski,KY,21199,21199,18.66
Robertson,KY,21201,21201,21.48
Rockcastle,KY,21203,21203,17.8
Rowan,KY,21205,21205,13.62
Russell,KY,21207,21207,19.75
Scott,KY,21209,21209,11.85
Shelby,KY,21211,21211,15.3
Simpson,KY,21213,21213,16.42
Spencer,KY,21215,21215,13.47
Taylor,KY,21217,21217,17.41
Todd,KY,21219,21219,15.6
Trigg,KY,21221,21221,22.2
Trimble,KY,21223,21223,17.12
Union,KY,21225,21225,16.19
Warren,KY,21227,21227,12.66
Washington,KY,21229,21229,17.89
Wayne,KY,21231,21231,20.07
Webster,KY,21233,21233,17.36
Whitley,KY,21235,21235,15.78
Wolfe,KY,21237,21237,19.09
Woodford,KY,21239,21239,17.74
Acadia,LA,22001,22001,14.86
Allen,LA,22003,22003,14.74
Ascension,LA,22005,22005,11.38
Assumption,LA,22007,22007,17.36
Avoyelles,LA,22009,22009,16.71
Beauregard,LA,22011,22011,15.39
Bienville,LA,22013,22013,20.3
Bossier,LA,22015,22015,13.82
Caddo,LA,22017,22017,16.52
Calcasieu,LA,22019,22019,14.57
Caldwell,LA,22021,22021,18.13
Cameron,LA,22023,22023,15.99
Catahoula,LA,22025,22025,16.78
Claiborne,LA,22027,22027,18.86
Concordia,LA,22029,22029,16.89
De Soto,LA,22031,22031,17.22
East Baton Rouge,LA,22033,22033,13.72
East Carroll,LA,22035,22035,14.04
East Feliciana,LA,22037,22037,17.05
Evangeline,LA,22039,22039,15.09
Franklin,LA,22041,22041,17.65
Grant,LA,22043,22043,14.69
Iberia,LA,22045,22045,14.47
Iberville,LA,22047,22047,15.15
Jackson,LA,22049,22049,20.08
Jefferson,LA,22051,22051,16.63
Jefferson Davis,LA,22053,22053,16.11
Lafayette,LA,22055,22055,12.7
Lafourche,LA,22057,22057,15.04
La Salle,LA,22059,22059,16.7
Lincoln,LA,22061,22061,13.4
Livingston,LA,22063,22063,12.91
Madison,LA,22065,22065,13.86
Morehouse,LA,22067,22067,18.22
Natchitoches,LA,22069,22069,16.05
Orleans,LA,22071,22071,14.14
Ouachita,LA,22073,22073,14.46
Plaquemines,LA,22075,22075,13.03
Pointe Coupee,LA,22077,22077,20.19
Rapides,LA,22079,22079,15.88
Red River,LA,22081,22081,18.74
Richland,LA,22083,22083,17.17
Sabine,LA,22085,22085,20.11
St. Bernard,LA,22087,22087,11.05
St. Charles,LA,22089,22089,13.04
St. Helena,LA,22091,22091,18.85
St. James,LA,22093,22093,16.7
St. John the Baptist,LA,22095,22095,13.73
St. Landry,LA,22097,22097,15.76
St. Martin,LA,22099,22099,14.72
St. Mary,LA,22101,22101,16.07
St. Tammany,LA,22103,22103,16.39
Tangipahoa,LA,22105,22105,14
Tensas,LA,22107,22107,23.77
Terrebonne,LA,22109,22109,13.86
Union,LA,22111,22111,20.24
Vermilion,LA,22113,22113,15.05
Vernon,LA,22115,22115,11.73
Washington,LA,22117,22117,17.52
Webster,LA,22119,22119,19.28
West Baton Rouge,LA,22121,22121,13.33
West Carroll,LA,22123,22123,18.73
West Feliciana,LA,22125,22125,14.07
Winn,LA,22127,22127,18.28
Androscoggin,ME,23001,23001,17.29
Aroostook,ME,23003,23003,23.42
Cumberland,ME,23005,23005,17.84
Franklin,ME,23007,23007,21.47
Hancock,ME,23009,23009,24.05
Kennebec,ME,23011,23011,19.42
Knox,ME,23013,23013,24.26
Lincoln,ME,23015,23015,27.08
Oxford,ME,23017,23017,21.25
Penobscot,ME,23019,23019,18.02
Piscataquis,ME,23021,23021,25.89
Sagadahoc,ME,23023,23023,21.8
Somerset,ME,23025,23025,20.67
Waldo,ME,23027,23027,21.78
Washington,ME,23029,23029,23.76
York,ME,23031,23031,19.88
Allegany,MD,24001,24001,19.83
Anne Arundel,MD,24003,24003,14.4
Baltimore,MD,24005,24005,16.82
Calvert,MD,24009,24009,14.48
Caroline,MD,24011,24011,16.03
Carroll,MD,24013,24013,16.36
Cecil,MD,24015,24015,15.25
Charles,MD,24017,24017,12.18
Dorchester,MD,24019,24019,20.96
Frederick,MD,24021,24021,14.11
Garrett,MD,24023,24023,22.01
Harford,MD,24025,24025,15.8
Howard,MD,24027,24027,13.41
Kent,MD,24029,24029,26.21
Montgomery,MD,24031,24031,15.03
Prince George's,MD,24033,24033,12.86
Queen Anne's,MD,24035,24035,18.37
St. Mary's,MD,24037,24037,12.55
Somerset,MD,24039,24039,16.22
Talbot,MD,24041,24041,28.51
Washington,MD,24043,24043,16.81
Wicomico,MD,24045,24045,15.45
Worcester,MD,24047,24047,27.31
Baltimore City,MD,24510,24510,13.58
Barnstable,MA,25001,25001,29.78
Berkshire,MA,25003,25003,22.64
Bristol,MA,25005,25005,16.63
Dukes,MA,25007,25007,23.3
Essex,MA,25009,25009,16.7
Franklin,MA,25011,25011,21.14
Hampden,MA,25013,25013,16.46
Hampshire,MA,25015,25015,16.61
Middlesex,MA,25017,25017,14.99
Nantucket,MA,25019,25019,14.6
Norfolk,MA,25021,25021,16.56
Plymouth,MA,25023,25023,17.61
Suffolk,MA,25025,25025,11.76
Worcester,MA,25027,25027,15.28
Alcona,MI,26001,26001,35.84
Alger,MI,26003,26003,24.66
Allegan,MI,26005,26005,16.05
Alpena,MI,26007,26007,22.75
Antrim,MI,26009,26009,26.67
Arenac,MI,26011,26011,24.3
Baraga,MI,26013,26013,21.7
Barry,MI,26015,26015,18.03
Bay,MI,26017,26017,19.61
Benzie,MI,26019,26019,25.8
Berrien,MI,26021,26021,19.3
Branch,MI,26023,26023,18.16
Calhoun,MI,26025,26025,17.31
Cass,MI,26027,26027,20.29
Charlevoix,MI,26029,26029,23.69
Cheboygan,MI,26031,26031,26.76
Chippewa,MI,26033,26033,17.68
Clare,MI,26035,26035,23.23
Clinton,MI,26037,26037,16.45
Crawford,MI,26039,26039,24.91
Delta,MI,26041,26041,23.36
Dickinson,MI,26043,26043,21.98
Eaton,MI,26045,26045,17.91
Emmet,MI,26047,26047,21.73
Genesee,MI,26049,26049,17
Gladwin,MI,26051,26051,26.33
Gogebic,MI,26053,26053,25.58
Grand Traverse,MI,26055,26055,19.19
Gratiot,MI,26057,26057,17.2
Hillsdale,MI,26059,26059,19.06
Houghton,MI,26061,26061,16.98
Huron,MI,26063,26063,24.72
Ingham,MI,26065,26065,13.12
Ionia,MI,26067,26067,14.5
Iosco,MI,26069,26069,29.06
Iron,MI,26071,26071,29.99
Isabella,MI,26073,26073,12.17
Jackson,MI,26075,26075,17.2
Kalamazoo,MI,26077,26077,14.6
Kalkaska,MI,26079,26079,19.77
Kent,MI,26081,26081,13.25
Keweenaw,MI,26083,26083,35.1
Lake,MI,26085,26085,27.74
Lapeer,MI,26087,26087,17.59
Leelanau,MI,26089,26089,30.03
Lenawee,MI,26091,26091,18.35
Livingston,MI,26093,26093,16.53
Luce,MI,26095,26095,21.36
Mackinac,MI,26097,26097,27.35
Macomb,MI,26099,26099,16.59
Manistee,MI,26101,26101,24.98
Marquette,MI,26103,26103,18.43
Mason,MI,26105,26105,23.07
Mecosta,MI,26107,26107,18.09
Menominee,MI,26109,26109,23.65
Midland,MI,26111,26111,17.98
Missaukee,MI,26113,26113,20.34
Monroe,MI,26115,26115,17.5
Montcalm,MI,26117,26117,17.07
Montmorency,MI,26119,26119,31.38
Muskegon,MI,26121,26121,16.47
Newaygo,MI,26123,26123,18.84
Oakland,MI,26125,26125,16.36
Oceana,MI,26127,26127,20.37
Ogemaw,MI,26129,26129,25.24
Ontonagon,MI,26131,26131,35.44
Osceola,MI,26133,26133,20.62
Oscoda,MI,26135,26135,27
Otsego,MI,26137,26137,20.73
Ottawa,MI,26139,26139,14.62
Presque Isle,MI,26141,26141,30.61
Roscommon,MI,26143,26143,31.94
Saginaw,MI,26145,26145,18.66
St. Clair,MI,26147,26147,18.23
St. Joseph,MI,26149,26149,17.37
Sanilac,MI,26151,26151,21.01
Schoolcraft,MI,26153,26153,26.49
Shiawassee,MI,26155,26155,17.78
Tuscola,MI,26157,26157,19.85
Van Buren,MI,26159,26159,17.59
Washtenaw,MI,26161,26161,13.44
Wayne,MI,26163,26163,15.05
Wexford,MI,26165,26165,18.63
Aitkin,MN,27001,27001,32.49
Anoka,MN,27003,27003,13.53
Becker,MN,27005,27005,20.22
Beltrami,MN,27007,27007,15.55
Benton,MN,27009,27009,13.77
Big Stone,MN,27011,27011,25.64
Blue Earth,MN,27013,27013,13.37
Brown,MN,27015,27015,20.84
Carlton,MN,27017,27017,17
Carver,MN,27019,27019,11.41
Cass,MN,27021,27021,25.3
Chippewa,MN,27023,27023,20.88
Chisago,MN,27025,27025,14.94
Clay,MN,27027,27027,12.91
Clearwater,MN,27029,27029,20.27
Cook,MN,27031,27031,27.27
Cottonwood,MN,27033,27033,22.73
Crow Wing,MN,27035,27035,22.01
Dakota,MN,27037,27037,13.63
Dodge,MN,27039,27039,14.42
Douglas,MN,27041,27041,22.45
Faribault,MN,27043,27043,22.71
Fillmore,MN,27045,27045,20.52
Freeborn,MN,27047,27047,21.99
Goodhue,MN,27049,27049,18.99
Grant,MN,27051,27051,23.29
Hennepin,MN,27053,27053,13.68
Houston,MN,27055,27055,20.76
Hubbard,MN,27057,27057,24.85
Isanti,MN,27059,27059,15.53
Itasca,MN,27061,27061,22.63
Jackson,MN,27063,27063,21.62
Kanabec,MN,27065,27065,20.21
Kandiyohi,MN,27067,27067,18.33
Kittson,MN,27069,27069,23.94
Koochiching,MN,27071,27071,24.4
Lac qui Parle,MN,27073,27073,26.66
Lake,MN,27075,27075,25.74
Lake of the Woods,MN,27077,27077,23.5
Le Sueur,MN,27079,27079,17.1
Lincoln,MN,27081,27081,24.63
Lyon,MN,27083,27083,15.47
McLeod,MN,27085,27085,18.27
Mahnomen,MN,27087,27087,17.52
Marshall,MN,27089,27089,21.04
Martin,MN,27091,27091,22.94
Meeker,MN,27093,27093,19.42
Mille Lacs,MN,27095,27095,18.06
Morrison,MN,27097,27097,18.95
Mower,MN,27099,27099,18.35
Murray,MN,27101,27101,25.35
Nicollet,MN,27103,27103,15.66
Nobles,MN,27105,27105,16.05
Norman,MN,27107,27107,21.41
Olmsted,MN,27109,27109,15.08
Otter Tail,MN,27111,27111,23.33
Pennington,MN,27113,27113,17.94
Pine,MN,27115,27115,20.1
Pipestone,MN,27117,27117,20.71
Polk,MN,27119,27119,18
Pope,MN,27121,27121,23.71
Ramsey,MN,27123,27123,14.09
Red Lake,MN,27125,27125,19.98
Redwood,MN,27127,27127,21.09
Renville,MN,27129,27129,20.49
Rice,MN,27131,27131,15.15
Rock,MN,27133,27133,19.85
Roseau,MN,27135,27135,16.68
St. Louis,MN,27137,27137,18.84
Scott,MN,27139,27139,10.42
Sherburne,MN,27141,27141,10.86
Sibley,MN,27143,27143,18.08
Stearns,MN,27145,27145,14.57
Steele,MN,27147,27147,17.04
Stevens,MN,27149,27149,16.85
Swift,MN,27151,27151,21.84
Todd,MN,27153,27153,20.91
Traverse,MN,27155,27155,24.83
Wabasha,MN,27157,27157,21.18
Wadena,MN,27159,27159,20.97
Waseca,MN,27161,27161,17.39
Washington,MN,27163,27163,14.42
Watonwan,MN,27165,27165,19.95
Wilkin,MN,27167,27167,18.77
Winona,MN,27169,27169,16.42
Wright,MN,27171,27171,12.17
Yellow Medicine,MN,27173,27173,20.15
Adams,MS,28001,28001,18.28
Alcorn,MS,28003,28003,18.21
Amite,MS,28005,28005,22.77
Attala,MS,28007,28007,19.04
Benton,MS,28009,28009,17.37
Bolivar,MS,28011,28011,15.01
Calhoun,MS,28013,28013,18.37
Carroll,MS,28015,28015,22.85
Chickasaw,MS,28017,28017,16.83
Choctaw,MS,28019,28019,21.4
Claiborne,MS,28021,28021,15.98
Clarke,MS,28023,28023,19.96
Clay,MS,28025,28025,17.86
Coahoma,MS,28027,28027,14.62
Copiah,MS,28029,28029,16.82
Covington,MS,28031,28031,16.97
DeSoto,MS,28033,28033,12.64
Forrest,MS,28035,28035,13.29
Franklin,MS,28037,28037,19.26
George,MS,28039,28039,14.71
Greene,MS,28041,28041,13.4
Grenada,MS,28043,28043,17.42
Hancock,MS,28045,28045,19.73
Harrison,MS,28047,28047,14.47
Hinds,MS,28049,28049,13.63
Holmes,MS,28051,28051,14.52
Humphreys,MS,28053,28053,16.33
Issaquena,MS,28055,28055,16.16
Itawamba,MS,28057,28057,17.3
Jackson,MS,28059,28059,15.58
Jasper,MS,28061,28061,19.67
Jefferson,MS,28063,28063,15.36
Jefferson Davis,MS,28065,28065,21.84
Jones,MS,28067,28067,16.42
Kemper,MS,28069,28069,19.36
Lafayette,MS,28071,28071,12.14
Lamar,MS,28073,28073,13.14
Lauderdale,MS,28075,28075,16.6
Lawrence,MS,28077,28077,17.52
Leake,MS,28079,28079,15.86
Lee,MS,28081,28081,14.54
Leflore,MS,28083,28083,13.81
Lincoln,MS,28085,28085,16.71
Lowndes,MS,28087,28087,15.48
Madison,MS,28089,28089,12.82
Marion,MS,28091,28091,18.01
Marshall,MS,28093,28093,16.98
Monroe,MS,28095,28095,18.98
Montgomery,MS,28097,28097,20.74
Neshoba,MS,28099,28099,15.69
Newton,MS,28101,28101,16.12
Noxubee,MS,28103,28103,15.94
Oktibbeha,MS,28105,28105,11.03
Panola,MS,28107,28107,15.35
Pearl River,MS,28109,28109,18.41
Perry,MS,28111,28111,17.22
Pike,MS,28113,28113,16.62
Pontotoc,MS,28115,28115,14.68
Prentiss,MS,28117,28117,17.61
Quitman,MS,28119,28119,16.61
Rankin,MS,28121,28121,14.74
Scott,MS,28123,28123,14.88
Sharkey,MS,28125,28125,18.19
Simpson,MS,28127,28127,17.16
Smith,MS,28129,28129,18.95
Stone,MS,28131,28131,16.05
Sunflower,MS,28133,28133,12.93
Tallahatchie,MS,28135,28135,14.58
Tate,MS,28137,28137,16.12
Tippah,MS,28139,28139,15.66
Tishomingo,MS,28141,28141,20.52
Tunica,MS,28143,28143,11.75
Union,MS,28145,28145,16.41
Walthall,MS,28147,28147,19.11
Warren,MS,28149,28149,16.06
Washington,MS,28151,28151,15.41
Wayne,MS,28153,28153,16.76
Webster,MS,28155,28155,17.93
Wilkinson,MS,28157,28157,16.87
Winston,MS,28159,28159,19.96
Yalobusha,MS,28161,28161,19.72
Yazoo,MS,28163,28163,12.74
Adair,MO,29001,29001,14.41
Andrew,MO,29003,29003,18.73
Atchison,MO,29005,29005,25.38
Audrain,MO,29007,29007,17.32
Barry,MO,29009,29009,20.22
Barton,MO,29011,29011,20.11
Bates,MO,29013,29013,19.26
Benton,MO,29015,29015,30.32
Bollinger,MO,29017,29017,19.6
Boone,MO,29019,29019,11.87
Buchanan,MO,29021,29021,15.84
Butler,MO,29023,29023,18.52
Caldwell,MO,29025,29025,19.35
Callaway,MO,29027,29027,15.84
Camden,MO,29029,29029,27.67
Cape Girardeau,MO,29031,29031,16.2
Carroll,MO,29033,29033,21.36
Carter,MO,29035,29035,19.64
Cass,MO,29037,29037,16.51
Cedar,MO,29039,29039,23.33
Chariton,MO,29041,29041,23.75
Christian,MO,29043,29043,15.22
Clark,MO,29045,29045,20.61
Clay,MO,29047,29047,13.83
Clinton,MO,29049,29049,17.48
Cole,MO,29051,29051,16.04
Cooper,MO,29053,29053,17.2
Crawford,MO,29055,29055,19.18
Dade,MO,29057,29057,23.21
Dallas,MO,29059,29059,20.5
Daviess,MO,29061,29061,20.45
DeKalb,MO,29063,29063,16.63
Dent,MO,29065,29065,21.48
Douglas,MO,29067,29067,23.91
Dunklin,MO,29069,29069,17.84
Franklin,MO,29071,29071,16.88
Gasconade,MO,29073,29073,22.33
Gentry,MO,29075,29075,19.6
Greene,MO,29077,29077,16.1
Grundy,MO,29079,29079,21.74
Harrison,MO,29081,29081,22.33
Henry,MO,29083,29083,21.38
Hickory,MO,29085,29085,33.52
Holt,MO,29087,29087,24.93
Howard,MO,29089,29089,18.46
Howell,MO,29091,29091,19.58
Iron,MO,29093,29093,21.94
Jackson,MO,29095,29095,14.64
Jasper,MO,29097,29097,15.18
Jefferson,MO,29099,29099,14.51
Johnson,MO,29101,29101,12.26
Knox,MO,29103,29103,21.46
Laclede,MO,29105,29105,17.51
Lafayette,MO,29107,29107,18.44
Lawrence,MO,29109,29109,17.85
Lewis,MO,29111,29111,18.38
Lincoln,MO,29113,29113,13.28
Linn,MO,29115,29115,20.53
Livingston,MO,29117,29117,19.87
McDonald,MO,29119,29119,15.28
Macon,MO,29121,29121,21.99
Madison,MO,29123,29123,18.77
Maries,MO,29125,29125,21.3
Marion,MO,29127,29127,17.38
Mercer,MO,29129,29129,21.13
Miller,MO,29131,29131,18.82
Mississippi,MO,29133,29133,17.59
Moniteau,MO,29135,29135,15.59
Monroe,MO,29137,29137,22.8
Montgomery,MO,29139,29139,20.44
Morgan,MO,29141,29141,23.36
New Madrid,MO,29143,29143,18.54
Newton,MO,29145,29145,17.74
Nodaway,MO,29147,29147,14.83
Oregon,MO,29149,29149,23.15
Osage,MO,29151,29151,17.18
Ozark,MO,29153,29153,27.38
Pemiscot,MO,29155,29155,16.55
Perry,MO,29157,29157,18.16
Pettis,MO,29159,29159,16.39
Phelps,MO,29161,29161,15.77
Pike,MO,29163,29163,17.02
Platte,MO,29165,29165,14.29
Polk,MO,29167,29167,17.85
Pulaski,MO,29169,29169,8.35
Putnam,MO,29171,29171,23.95
Ralls,MO,29173,29173,20.92
Randolph,MO,29175,29175,16.42
Ray,MO,29177,29177,17.96
Reynolds,MO,29179,29179,22.66
Ripley,MO,29181,29181,20.58
St. Charles,MO,29183,29183,14.72
St. Clair,MO,29185,29185,27.17
Ste. Genevieve,MO,29186,29186,18.97
St. Francois,MO,29187,29187,16.2
St. Louis,MO,29189,29189,17.67
Saline,MO,29195,29195,18.04
Schuyler,MO,29197,29197,19.25
Scotland,MO,29199,29199,18.32
Scott,MO,29201,29201,17.82
Shannon,MO,29203,29203,21.01
Shelby,MO,29205,29205,20.56
Stoddard,MO,29207,29207,19.66
Stone,MO,29209,29209,30.34
Sullivan,MO,29211,29211,20.04
Taney,MO,29213,29213,21.28
Texas,MO,29215,29215,20.5
Vernon,MO,29217,29217,18.74
Warren,MO,29219,29219,17.62
Washington,MO,29221,29221,16.23
Wayne,MO,29223,29223,23.11
Webster,MO,29225,29225,15.51
Worth,MO,29227,29227,24.67
Wright,MO,29229,29229,19.43
St. Louis City,MO,29510,29510,13.13
Beaverhead,MT,30001,30001,21.35
Big Horn,MT,30003,30003,12.14
Blaine,MT,30005,30005,15.08
Broadwater,MT,30007,30007,23.41
Carbon,MT,30009,30009,24.99
Carter,MT,30011,30011,22.61
Cascade,MT,30013,30013,18.32
Chouteau,MT,30015,30015,19.99
Custer,MT,30017,30017,19.12
Daniels,MT,30019,30019,24.45
Dawson,MT,30021,30021,18.56
Deer Lodge,MT,30023,30023,22.79
Fallon,MT,30025,30025,17.84
Fergus,MT,30027,30027,23.22
Flathead,MT,30029,30029,18.7
Gallatin,MT,30031,30031,12.23
Garfield,MT,30033,30033,23.07
Glacier,MT,30035,30035,11.8
Golden Valley,MT,30037,30037,25.41
Granite,MT,30039,30039,29.15
Hill,MT,30041,30041,14.55
Jefferson,MT,30043,30043,20.54
Judith Basin,MT,30045,30045,22.67
Lake,MT,30047,30047,21.4
Lewis and Clark,MT,30049,30049,17.98
Liberty,MT,30051,30051,25.1
Lincoln,MT,30053,30053,27.73
McCone,MT,30055,30055,25.08
Madison,MT,30057,30057,28.93
Meagher,MT,30059,30059,23.99
Mineral,MT,30061,30061,28.06
Missoula,MT,30063,30063,15.05
Musselshell,MT,30065,30065,25.91
Park,MT,30067,30067,21.81
Petroleum,MT,30069,30069,22.3
Phillips,MT,30071,30071,22.34
Pondera,MT,30073,30073,19.99
Powder River,MT,30075,30075,27.38
Powell,MT,30077,30077,20
Prairie,MT,30079,30079,27.96
Ravalli,MT,30081,30081,25.11
Richland,MT,30083,30083,14.72
Roosevelt,MT,30085,30085,11.1
Rosebud,MT,30087,30087,14.79
Sanders,MT,30089,30089,30.01
Sheridan,MT,30091,30091,23.17
Silver Bow,MT,30093,30093,18.75
Stillwater,MT,30095,30095,21.96
Sweet Grass,MT,30097,30097,30.25
Teton,MT,30099,30099,22.67
Toole,MT,30101,30101,16.86
Treasure,MT,30103,30103,28.74
Valley,MT,30105,30105,22.19
Wheatland,MT,30107,30107,20.17
Wibaux,MT,30109,30109,22.28
Yellowstone,MT,30111,30111,16.52
Adams,NE,31001,31001,17.72
Antelope,NE,31003,31003,22.95
Arthur,NE,31005,31005,25.06
Banner,NE,31007,31007,21.47
Blaine,NE,31009,31009,27.67
Boone,NE,31011,31011,22.22
Box Butte,NE,31013,31013,17.17
Boyd,NE,31015,31015,30.15
Brown,NE,31017,31017,27
Buffalo,NE,31019,31019,13.95
Burt,NE,31021,31021,23.66
Butler,NE,31023,31023,20.45
Cass,NE,31025,31025,16.98
Cedar,NE,31027,31027,21.25
Chase,NE,31029,31029,21.91
Cherry,NE,31031,31031,20.68
Cheyenne,NE,31033,31033,18.52
Clay,NE,31035,31035,19.93
Colfax,NE,31037,31037,12.58
Cuming,NE,31039,31039,21.72
Custer,NE,31041,31041,21.87
Dakota,NE,31043,31043,13.41
Dawes,NE,31045,31045,18.27
Dawson,NE,31047,31047,15.57
Deuel,NE,31049,31049,23.48
Dixon,NE,31051,31051,19.97
Dodge,NE,31053,31053,19.03
Douglas,NE,31055,31055,12.65
Dundy,NE,31057,31057,21.54
Fillmore,NE,31059,31059,23.08
Franklin,NE,31061,31061,27.08
Frontier,NE,31063,31063,25.3
Furnas,NE,31065,31065,24.48
Gage,NE,31067,31067,20.51
Garden,NE,31069,31069,27.68
Garfield,NE,31071,31071,28.54
Gosper,NE,31073,31073,26.13
Grant,NE,31075,31075,21.05
Greeley,NE,31077,31077,25.27
Hall,NE,31079,31079,14.59
Hamilton,NE,31081,31081,19.51
Harlan,NE,31083,31083,24.74
Hayes,NE,31085,31085,18.59
Hitchcock,NE,31087,31087,25.29
Holt,NE,31089,31089,21.55
Hooker,NE,31091,31091,32.61
Howard,NE,31093,31093,21.1
Jefferson,NE,31095,31095,23.6
Johnson,NE,31097,31097,18.19
Kearney,NE,31099,31099,18.98
Keith,NE,31101,31101,26.71
Keya Paha,NE,31103,31103,24.08
Kimball,NE,31105,31105,24.58
Knox,NE,31107,31107,24.46
Lancaster,NE,31109,31109,13.47
Lincoln,NE,31111,31111,18.89
Logan,NE,31113,31113,20.06
Loup,NE,31115,31115,24.46
McPherson,NE,31117,31117,29.87
Madison,NE,31119,31119,15.54
Merrick,NE,31121,31121,20.74
Morrill,NE,31123,31123,20.12
Nance,NE,31125,31125,20.4
Nemaha,NE,31127,31127,19.75
Nuckolls,NE,31129,31129,26.65
Otoe,NE,31131,31131,19.15
Pawnee,NE,31133,31133,27.86
Perkins,NE,31135,31135,22.99
Phelps,NE,31137,31137,20.01
Pierce,NE,31139,31139,18.9
Platte,NE,31141,31141,17.28
Polk,NE,31143,31143,21.8
Red Willow,NE,31145,31145,20.01
Richardson,NE,31147,31147,24.11
Rock,NE,31149,31149,25.11
Saline,NE,31151,31151,14.42
Sarpy,NE,31153,31153,11.38
Saunders,NE,31155,31155,18.29
Scotts Bluff,NE,31157,31157,18.71
Seward,NE,31159,31159,16.96
Sheridan,NE,31161,31161,25.29
Sherman,NE,31163,31163,26.74
Sioux,NE,31165,31165,22.15
Stanton,NE,31167,31167,17.54
Thayer,NE,31169,31169,25.37
Thomas,NE,31171,31171,21.24
Thurston,NE,31173,31173,11.93
Valley,NE,31175,31175,25.37
Washington,NE,31177,31177,17.83
Wayne,NE,31179,31179,15.51
Webster,NE,31181,31181,22.39
Wheeler,NE,31183,31183,23.88
York,NE,31185,31185,19.72
Churchill,NV,32001,32001,18.67
Clark,NV,32003,32003,14.46
Douglas,NV,32005,32005,27.41
Elko,NV,32007,32007,10.98
Esmeralda,NV,32009,32009,28.48
Eureka,NV,32011,32011,18.02
Humboldt,NV,32013,32013,13.42
Lander,NV,32015,32015,14.14
Lincoln,NV,32017,32017,21.89
Lyon,NV,32019,32019,20.91
Mineral,NV,32021,32021,30.47
Nye,NV,32023,32023,29.68
Pershing,NV,32027,32027,15.66
Storey,NV,32029,32029,28.64
Washoe,NV,32031,32031,15.95
White Pine,NV,32033,32033,16.53
Carson City,NV,32510,32510,19.82
Belknap,NH,33001,33001,21.41
Carroll,NH,33003,33003,26.97
Cheshire,NH,33005,33005,19.36
Coos,NH,33007,33007,23.06
Grafton,NH,33009,33009,20.01
Hillsborough,NH,33011,33011,15.23
Merrimack,NH,33013,33013,17.55
Rockingham,NH,33015,33015,17.22
Strafford,NH,33017,33017,14.59
Sullivan,NH,33019,33019,20.76
Atlantic,NJ,34001,34001,17.53
Bergen,NJ,34003,34003,17.03
Burlington,NJ,34005,34005,16.64
Camden,NJ,34007,34007,15.35
Cape May,NJ,34009,34009,25.85
Cumberland,NJ,34011,34011,14.93
Essex,NJ,34013,34013,13.44
Gloucester,NJ,34015,34015,15.38
Hudson,NJ,34017,34017,11.74
Hunterdon,NJ,34019,34019,17.86
Mercer,NJ,34021,34021,14.93
Middlesex,NJ,34023,34023,14.68
Monmouth,NJ,34025,34025,17.15
Morris,NJ,34027,34027,16.72
Ocean,NJ,34029,34029,22.45
Passaic,NJ,34031,34031,14.28
Salem,NJ,34033,34033,18.32
Somerset,NJ,34035,34035,15.28
Sussex,NJ,34037,34037,16.72
Union,NJ,34039,34039,14.19
Warren,NJ,34041,34041,17.61
Bernalillo,NM,35001,35001,15.77
Catron,NM,35003,35003,37.04
Chaves,NM,35005,35005,15.5
Cibola,NM,35006,35006,15.61
Colfax,NM,35007,35007,27.01
Curry,NM,35009,35009,12.25
De Baca,NM,35011,35011,19.66
Doa Ana,NM,35013,35013,15.29
Eddy,NM,35015,35015,14.3
Grant,NM,35017,35017,26.55
Guadalupe,NM,35019,35019,21.8
Harding,NM,35021,35021,39
Hidalgo,NM,35023,35023,21.18
Lea,NM,35025,35025,11.06
Lincoln,NM,35027,35027,28.13
Los Alamos,NM,35028,35028,17.5
Luna,NM,35029,35029,20.51
McKinley,NM,35031,35031,11.89
Mora,NM,35033,35033,30.4
Otero,NM,35035,35035,17.01
Quay,NM,35037,35037,24.27
Rio Arriba,NM,35039,35039,18.66
Roosevelt,NM,35041,35041,13.88
Sandoval,NM,35043,35043,17.1
San Juan,NM,35045,35045,14.25
San Miguel,NM,35047,35047,20.59
Santa Fe,NM,35049,35049,23.13
Sierra,NM,35051,35051,35.55
Socorro,NM,35053,35053,18.85
Taos,NM,35055,35055,25.25
Torrance,NM,35057,35057,20.1
Union,NM,35059,35059,19.74
Valencia,NM,35061,35061,17.21
Albany,NY,36001,36001,16.51
Allegany,NY,36003,36003,18.41
Bronx,NY,36005,36005,12.52
Broome,NY,36007,36007,18.69
Cattaraugus,NY,36009,36009,18.71
Cayuga,NY,36011,36011,18.36
Chautauqua,NY,36013,36013,19.58
Chemung,NY,36015,36015,18.39
Chenango,NY,36017,36017,20.2
Clinton,NY,36019,36019,16.4
Columbia,NY,36021,36021,23.08
Cortland,NY,36023,36023,16.02
Delaware,NY,36025,36025,23.98
Dutchess,NY,36027,36027,17.08
Erie,NY,36029,36029,17.59
Essex,NY,36031,36031,22.76
Franklin,NY,36033,36033,16.57
Fulton,NY,36035,36035,19.03
Genesee,NY,36037,36037,18.32
Greene,NY,36039,36039,21.64
Hamilton,NY,36041,36041,30.25
Herkimer,NY,36043,36043,20.12
Jefferson,NY,36045,36045,13.22
Kings,NY,36047,36047,13.6
Lewis,NY,36049,36049,17.89
Livingston,NY,36051,36051,17.19
Madison,NY,36053,36053,17.63
Monroe,NY,36055,36055,16.86
Montgomery,NY,36057,36057,18.3
Nassau,NY,36059,36059,17.47
New York,NY,36061,36061,16.2
Niagara,NY,36063,36063,18.6
Oneida,NY,36065,36065,18.38
Onondaga,NY,36067,36067,16.6
Ontario,NY,36069,36069,19.37
Orange,NY,36071,36071,13.67
Orleans,NY,36073,36073,17.35
Oswego,NY,36075,36075,15.78
Otsego,NY,36077,36077,20.56
Putnam,NY,36079,36079,16.71
Queens,NY,36081,36081,15.32
Rensselaer,NY,36083,36083,16.53
Richmond,NY,36085,36085,15.89
Rockland,NY,36087,36087,15.54
St. Lawrence,NY,36089,36089,16.89
Saratoga,NY,36091,36091,17.59
Schenectady,NY,36093,36093,16.82
Schoharie,NY,36095,36095,20.99
Schuyler,NY,36097,36097,20.8
Seneca,NY,36099,36099,18.65
Steuben,NY,36101,36101,18.93
Suffolk,NY,36103,36103,16.5
Sullivan,NY,36105,36105,18.54
Tioga,NY,36107,36107,19.73
Tompkins,NY,36109,36109,13.93
Ulster,NY,36111,36111,19.17
Warren,NY,36113,36113,21.61
Washington,NY,36115,36115,18.86
Wayne,NY,36117,36117,18.37
Westchester,NY,36119,36119,16.74
Wyoming,NY,36121,36121,17.36
Yates,NY,36123,36123,20.11
Alamance,NC,37001,37001,16.63
Alexander,NC,37003,37003,19.48
Alleghany,NC,37005,37005,26.5
Anson,NC,37007,37007,17.91
Ashe,NC,37009,37009,24.7
Avery,NC,37011,37011,21.72
Beaufort,NC,37013,37013,23.35
Bertie,NC,37015,37015,21.9
Bladen,NC,37017,37017,21.04
Brunswick,NC,37019,37019,30.51
Buncombe,NC,37021,37021,19.43
Burke,NC,37023,37023,19.68
Cabarrus,NC,37025,37025,13.01
Caldwell,NC,37027,37027,19.33
Camden,NC,37029,37029,17.51
Carteret,NC,37031,37031,24.24
Caswell,NC,37033,37033,20.7
Catawba,NC,37035,37035,17.47
Chatham,NC,37037,37037,24.01
Cherokee,NC,37039,37039,28.95
Chowan,NC,37041,37041,24.23
Clay,NC,37043,37043,30.13
Cleveland,NC,37045,37045,18.19
Columbus,NC,37047,37047,19.5
Craven,NC,37049,37049,18.71
Cumberland,NC,37051,37051,11.57
Currituck,NC,37053,37053,15.84
Dare,NC,37055,37055,20.7
Davidson,NC,37057,37057,17.83
Davie,NC,37059,37059,20.25
Duplin,NC,37061,37061,17.94
Durham,NC,37063,37063,12.59
Edgecombe,NC,37065,37065,18.97
Forsyth,NC,37067,37067,15.58
Franklin,NC,37069,37069,16.44
Gaston,NC,37071,37071,15.83
Gates,NC,37073,37073,19.77
Graham,NC,37075,37075,23.16
Granville,NC,37077,37077,16.62
Greene,NC,37079,37079,15.77
Guilford,NC,37081,37081,14.82
Halifax,NC,37083,37083,20.12
Harnett,NC,37085,37085,12.16
Haywood,NC,37087,37087,24.35
Henderson,NC,37089,37089,25.44
Hertford,NC,37091,37091,19.38
Hoke,NC,37093,37093,9.62
Hyde,NC,37095,37095,19.41
Iredell,NC,37097,37097,15.55
Jackson,NC,37099,37099,19.26
Johnston,NC,37101,37101,13
Jones,NC,37103,37103,22.84
Lee,NC,37105,37105,16.11
Lenoir,NC,37107,37107,19.53
Lincoln,NC,37109,37109,17.01
McDowell,NC,37111,37111,19.88
Macon,NC,37113,37113,28.35
Madison,NC,37115,37115,21.78
Martin,NC,37117,37117,22.31
Mecklenburg,NC,37119,37119,10.92
Mitchell,NC,37121,37121,24.38
Montgomery,NC,37123,37123,19.73
Moore,NC,37125,37125,23.82
Nash,NC,37127,37127,17.79
New Hanover,NC,37129,37129,17.22
Northampton,NC,37131,37131,25.07
Onslow,NC,37133,37133,8.95
Orange,NC,37135,37135,13.4
Pamlico,NC,37137,37137,29.13
Pasquotank,NC,37139,37139,16.5
Pender,NC,37141,37141,17.74
Perquimans,NC,37143,37143,27.08
Person,NC,37145,37145,18.95
Pitt,NC,37147,37147,12.81
Polk,NC,37149,37149,30.17
Randolph,NC,37151,37151,17.36
Richmond,NC,37153,37153,17.44
Robeson,NC,37155,37155,14.72
Rockingham,NC,37157,37157,19.89
Rowan,NC,37159,37159,17.19
Rutherford,NC,37161,37161,21.15
Sampson,NC,37163,37163,17.43
Scotland,NC,37165,37165,17.42
Stanly,NC,37167,37167,18.73
Stokes,NC,37169,37169,20.31
Surry,NC,37171,37171,20.11
Swain,NC,37173,37173,18.96
Transylvania,NC,37175,37175,29.94
Tyrrell,NC,37177,37177,20
Union,NC,37179,37179,12.34
Vance,NC,37181,37181,17.87
Wake,NC,37183,37183,11.26
Warren,NC,37185,37185,24.57
Washington,NC,37187,37187,23.6
Watauga,NC,37189,37189,15.49
Wayne,NC,37191,37191,15.99
Wilkes,NC,37193,37193,20.98
Wilson,NC,37195,37195,17.47
Yadkin,NC,37197,37197,19.53
Yancey,NC,37199,37199,25.28
Adams,ND,38001,38001,24.36
Barnes,ND,38003,38003,21.88
Benson,ND,38005,38005,13.3
Billings,ND,38007,38007,21.37
Bottineau,ND,38009,38009,22.92
Bowman,ND,38011,38011,20.55
Burke,ND,38013,38013,16.91
Burleigh,ND,38015,38015,15.62
Cass,ND,38017,38017,11.61
Cavalier,ND,38019,38019,27.08
Dickey,ND,38021,38021,20.41
Divide,ND,38023,38023,26.55
Dunn,ND,38025,38025,16.66
Eddy,ND,38027,38027,24.9
Emmons,ND,38029,38029,29.46
Foster,ND,38031,38031,22.52
Golden Valley,ND,38033,38033,20.7
Grand Forks,ND,38035,38035,12.29
Grant,ND,38037,38037,29.07
Griggs,ND,38039,38039,29.68
Hettinger,ND,38041,38041,24.3
Kidder,ND,38043,38043,21.29
LaMoure,ND,38045,38045,25.62
Logan,ND,38047,38047,27.99
McHenry,ND,38049,38049,20.18
McIntosh,ND,38051,38051,31.23
McKenzie,ND,38053,38053,8.68
McLean,ND,38055,38055,22.89
Mercer,ND,38057,38057,18.32
Morton,ND,38059,38059,15.99
Mountrail,ND,38061,38061,11.31
Nelson,ND,38063,38063,27.3
Oliver,ND,38065,38065,23.45
Pembina,ND,38067,38067,22.5
Pierce,ND,38069,38069,23.8
Ramsey,ND,38071,38071,19.18
Ransom,ND,38073,38073,21.4
Renville,ND,38075,38075,17.4
Richland,ND,38077,38077,17.26
Rolette,ND,38079,38079,11.29
Sargent,ND,38081,38081,22.16
Sheridan,ND,38083,38083,29.67
Sioux,ND,38085,38085,7.84
Slope,ND,38087,38087,26.55
Stark,ND,38089,38089,13
Steele,ND,38091,38091,23.28
Stutsman,ND,38093,38093,18.9
Towner,ND,38095,38095,22.57
Traill,ND,38097,38097,19.36
Walsh,ND,38099,38099,20.91
Ward,ND,38101,38101,12.23
Wells,ND,38103,38103,26.58
Williams,ND,38105,38105,9.1
Adams,OH,39001,39001,17.48
Allen,OH,39003,39003,17.2
Ashland,OH,39005,39005,18.34
Ashtabula,OH,39007,39007,18.53
Athens,OH,39009,39009,12.56
Auglaize,OH,39011,39011,17.9
Belmont,OH,39013,39013,20.33
Brown,OH,39015,39015,18.13
Butler,OH,39017,39017,14.37
Carroll,OH,39019,39019,20.8
Champaign,OH,39021,39021,18.1
Clark,OH,39023,39023,19.03
Clermont,OH,39025,39025,15.74
Clinton,OH,39027,39027,16.57
Columbiana,OH,39029,39029,19.83
Coshocton,OH,39031,39031,18.99
Crawford,OH,39033,39033,20.41
Cuyahoga,OH,39035,39035,17.75
Darke,OH,39037,39037,19.14
Defiance,OH,39039,39039,18.2
Delaware,OH,39041,39041,13.17
Erie,OH,39043,39043,21.3
Fairfield,OH,39045,39045,15.38
Fayette,OH,39047,39047,17.33
Franklin,OH,39049,39049,11.73
Fulton,OH,39051,39051,17.27
Gallia,OH,39053,39053,18.5
Geauga,OH,39055,39055,19.8
Greene,OH,39057,39057,16.77
Guernsey,OH,39059,39059,19.06
Hamilton,OH,39061,39061,15.05
Hancock,OH,39063,39063,16.64
Hardin,OH,39065,39065,15.59
Harrison,OH,39067,39067,20.95
Henry,OH,39069,39069,18.01
Highland,OH,39071,39071,17.95
Hocking,OH,39073,39073,18.53
Holmes,OH,39075,39075,13.35
Huron,OH,39077,39077,16.71
Jackson,OH,39079,39079,16.78
Jefferson,OH,39081,39081,21.02
Knox,OH,39083,39083,17.74
Lake,OH,39085,39085,19.48
Lawrence,OH,39087,39087,18.4
Licking,OH,39089,39089,16.11
Logan,OH,39091,39091,17.55
Lorain,OH,39093,39093,17.77
Lucas,OH,39095,39095,15.83
Madison,OH,39097,39097,15.21
Mahoning,OH,39099,39099,20.41
Marion,OH,39101,39101,17.25
Medina,OH,39103,39103,17.31
Meigs,OH,39105,39105,19.28
Mercer,OH,39107,39107,17.3
Miami,OH,39109,39109,18.37
Monroe,OH,39111,39111,23.26
Montgomery,OH,39113,39113,17.63
Morgan,OH,39115,39115,20.74
Morrow,OH,39117,39117,16.58
Muskingum,OH,39119,39119,17.46
Noble,OH,39121,39121,26.67
Ottawa,OH,39123,39123,24.43
Paulding,OH,39125,39125,18.15
Perry,OH,39127,39127,16.23
Pickaway,OH,39129,39129,15.5
Pike,OH,39131,39131,17.55
Portage,OH,39133,39133,15.89
Preble,OH,39135,39135,18.72
Putnam,OH,39137,39137,16.87
Richland,OH,39139,39139,19.18
Ross,OH,39141,39141,16.1
Sandusky,OH,39143,39143,18.46
Scioto,OH,39145,39145,17.79
Seneca,OH,39147,39147,17.48
Shelby,OH,39149,39149,16
Stark,OH,39151,39151,19
Summit,OH,39153,39153,17.48
Trumbull,OH,39155,39155,21.02
Tuscarawas,OH,39157,39157,19.23
Union,OH,39159,39159,11.99
Van Wert,OH,39161,39161,18.51
Vinton,OH,39163,39163,17.01
Warren,OH,39165,39165,13.98
Washington,OH,39167,39167,20.48
Wayne,OH,39169,39169,17.32
Williams,OH,39171,39171,18.47
Wood,OH,39173,39173,14.82
Wyandot,OH,39175,39175,18.77
Adair,OK,40001,40001,15.25
Alfalfa,OK,40003,40003,19.17
Atoka,OK,40005,40005,18.72
Beaver,OK,40007,40007,18.71
Beckham,OK,40009,40009,13.52
Blaine,OK,40011,40011,18.1
Bryan,OK,40013,40013,17.66
Caddo,OK,40015,40015,16.31
Canadian,OK,40017,40017,12.9
Carter,OK,40019,40019,16.41
Cherokee,OK,40021,40021,16.31
Choctaw,OK,40023,40023,20.29
Cimarron,OK,40025,40025,24.33
Cleveland,OK,40027,40027,12.99
Coal,OK,40029,40029,20.59
Comanche,OK,40031,40031,12.25
Cotton,OK,40033,40033,19.43
Craig,OK,40035,40035,19.59
Creek,OK,40037,40037,17.4
Custer,OK,40039,40039,13.42
Delaware,OK,40041,40041,24.39
Dewey,OK,40043,40043,18.61
Ellis,OK,40045,40045,22.52
Garfield,OK,40047,40047,15.93
Garvin,OK,40049,40049,17.72
Grady,OK,40051,40051,15.88
Grant,OK,40053,40053,21.11
Greer,OK,40055,40055,17.49
Harmon,OK,40057,40057,18.75
Harper,OK,40059,40059,18.72
Haskell,OK,40061,40061,19.82
Hughes,OK,40063,40063,18.81
Jackson,OK,40065,40065,14.83
Jefferson,OK,40067,40067,20.06
Johnston,OK,40069,40069,19.12
Kay,OK,40071,40071,18.85
Kingfisher,OK,40073,40073,15.58
Kiowa,OK,40075,40075,19.46
Latimer,OK,40077,40077,21.13
Le Flore,OK,40079,40079,17.53
Lincoln,OK,40081,40081,17.93
Logan,OK,40083,40083,15.06
Love,OK,40085,40085,19.34
McClain,OK,40087,40087,15.21
McCurtain,OK,40089,40089,17.69
McIntosh,OK,40091,40091,25.17
Major,OK,40093,40093,19.72
Marshall,OK,40095,40095,22.25
Mayes,OK,40097,40097,18.19
Murray,OK,40099,40099,19.17
Muskogee,OK,40101,40101,16.44
Noble,OK,40103,40103,18.84
Nowata,OK,40105,40105,19.16
Okfuskee,OK,40107,40107,17.53
Oklahoma,OK,40109,40109,13.35
Okmulgee,OK,40111,40111,18.2
Osage,OK,40113,40113,19.28
Ottawa,OK,40115,40115,18
Pawnee,OK,40117,40117,18.85
Payne,OK,40119,40119,12.3
Pittsburg,OK,40121,40121,19.5
Pontotoc,OK,40123,40123,16.35
Pottawatomie,OK,40125,40125,16
Pushmataha,OK,40127,40127,22.58
Roger Mills,OK,40129,40129,20.18
Rogers,OK,40131,40131,15.93
Seminole,OK,40133,40133,17.69
Sequoyah,OK,40135,40135,18.07
Stephens,OK,40137,40137,19.17
Texas,OK,40139,40139,10.96
Tillman,OK,40141,40141,19.61
Tulsa,OK,40143,40143,14
Wagoner,OK,40145,40145,16.02
Washington,OK,40147,40147,19.25
Washita,OK,40149,40149,17.59
Woods,OK,40151,40151,16.66
Woodward,OK,40153,40153,14.99
Baker,OR,41001,41001,25.91
Benton,OR,41003,41003,15.53
Clackamas,OR,41005,41005,17.57
Clatsop,OR,41007,41007,21.45
Columbia,OR,41009,41009,18.29
Coos,OR,41011,41011,25.47
Crook,OR,41013,41013,24.83
Curry,OR,41015,41015,33.66
Deschutes,OR,41017,41017,19.57
Douglas,OR,41019,41019,25.25
Gilliam,OR,41021,41021,25.29
Grant,OR,41023,41023,29.2
Harney,OR,41025,41025,23.89
Hood River,OR,41027,41027,15.55
Jackson,OR,41029,41029,21.54
Jefferson,OR,41031,41031,19.26
Josephine,OR,41033,41033,25.68
Klamath,OR,41035,41035,20.69
Lake,OR,41037,41037,24.61
Lane,OR,41039,41039,18.8
Lincoln,OR,41041,41041,27.88
Linn,OR,41043,41043,18.31
Malheur,OR,41045,41045,16.44
Marion,OR,41047,41047,15.34
Morrow,OR,41049,41049,15.61
Multnomah,OR,41051,41051,13.04
Polk,OR,41053,41053,17.55
Sherman,OR,41055,41055,26.07
Tillamook,OR,41057,41057,24.86
Umatilla,OR,41059,41059,15.32
Union,OR,41061,41061,20.06
Wallowa,OR,41063,41063,28.24
Wasco,OR,41065,41065,20.18
Washington,OR,41067,41067,12.95
Wheeler,OR,41069,41069,35.76
Yamhill,OR,41071,41071,16.79
Adams,PA,42001,42001,19.81
Allegheny,PA,42003,42003,18.51
Armstrong,PA,42005,42005,21.61
Beaver,PA,42007,42007,20.93
Bedford,PA,42009,42009,22.24
Berks,PA,42011,42011,16.92
Blair,PA,42013,42013,20.3
Bradford,PA,42015,42015,20.78
Bucks,PA,42017,42017,18.14
Butler,PA,42019,42019,18.21
Cambria,PA,42021,42021,21.98
Cameron,PA,42023,42023,26.78
Carbon,PA,42025,42025,20.66
Centre,PA,42027,42027,13.77
Chester,PA,42029,42029,15.9
Clarion,PA,42031,42031,19.15
Clearfield,PA,42033,42033,20.14
Clinton,PA,42035,42035,18.3
Columbia,PA,42037,42037,18.93
Crawford,PA,42039,42039,20.01
Cumberland,PA,42041,42041,18.14
Dauphin,PA,42043,42043,16.53
Delaware,PA,42045,42045,16.01
Elk,PA,42047,42047,21.48
Erie,PA,42049,42049,17.35
Fayette,PA,42051,42051,20.63
Forest,PA,42053,42053,21.92
Franklin,PA,42055,42055,19.25
Fulton,PA,42057,42057,20.96
Greene,PA,42059,42059,18.51
Huntingdon,PA,42061,42061,20.5
Indiana,PA,42063,42063,18.77
Jefferson,PA,42065,42065,20.56
Juniata,PA,42067,42067,19.88
Lackawanna,PA,42069,42069,19.62
Lancaster,PA,42071,42071,17.54
Lawrence,PA,42073,42073,21.52
Lebanon,PA,42075,42075,19.14
Lehigh,PA,42077,42077,16.46
Luzerne,PA,42079,42079,19.61
Lycoming,PA,42081,42081,19.03
McKean,PA,42083,42083,19.04
Mercer,PA,42085,42085,21.18
Mifflin,PA,42087,42087,21.15
Monroe,PA,42089,42089,16.83
Montgomery,PA,42091,42091,17.37
Montour,PA,42093,42093,20.64
Northampton,PA,42095,42095,18.62
Northumberland,PA,42097,42097,20.86
Perry,PA,42099,42099,18.01
Philadelphia,PA,42101,42101,13.44
Pike,PA,42103,42103,21.91
Potter,PA,42105,42105,23.52
Schuylkill,PA,42107,42107,20.02
Snyder,PA,42109,42109,18.33
Somerset,PA,42111,42111,21.76
Sullivan,PA,42113,42113,27.64
Susquehanna,PA,42115,42115,22.9
Tioga,PA,42117,42117,21.46
Union,PA,42119,42119,17.73
Venango,PA,42121,42121,21.64
Warren,PA,42123,42123,22.34
Washington,PA,42125,42125,20.13
Wayne,PA,42127,42127,23.49
Westmoreland,PA,42129,42129,22.14
Wyoming,PA,42131,42131,20.49
York,PA,42133,42133,17.06
Bristol,RI,44001,44001,19.39
Kent,RI,44003,44003,18.42
Newport,RI,44005,44005,21.67
Providence,RI,44007,44007,14.97
Washington,RI,44009,44009,19.93
Abbeville,SC,45001,45001,21.12
Aiken,SC,45003,45003,18.74
Allendale,SC,45005,45005,19.69
Anderson,SC,45007,45007,17.75
Bamberg,SC,45009,45009,21.05
Barnwell,SC,45011,45011,17.74
Beaufort,SC,45013,45013,26.45
Berkeley,SC,45015,45015,13.43
Calhoun,SC,45017,45017,22.03
Charleston,SC,45019,45019,15.91
Cherokee,SC,45021,45021,16.28
Chester,SC,45023,45023,18.18
Chesterfield,SC,45025,45025,17.94
Clarendon,SC,45027,45027,22.78
Colleton,SC,45029,45029,19.77
Darlington,SC,45031,45031,18.39
Dillon,SC,45033,45033,15.92
Dorchester,SC,45035,45035,13.5
Edgefield,SC,45037,45037,18.38
Fairfield,SC,45039,45039,20.49
Florence,SC,45041,45041,16.35
Georgetown,SC,45043,45043,26.98
Greenville,SC,45045,45045,15.38
Greenwood,SC,45047,45047,18.12
Hampton,SC,45049,45049,17.95
Horry,SC,45051,45051,23.16
Jasper,SC,45053,45053,18.19
Kershaw,SC,45055,45055,17.98
Lancaster,SC,45057,45057,20.43
Laurens,SC,45059,45059,17.94
Lee,SC,45061,45061,18.08
Lexington,SC,45063,45063,15.42
McCormick,SC,45065,45065,33.4
Marion,SC,45067,45067,18.99
Marlboro,SC,45069,45069,17.39
Newberry,SC,45071,45071,19.23
Oconee,SC,45073,45073,22.78
Orangeburg,SC,45075,45075,18.98
Pickens,SC,45077,45077,16.12
Richland,SC,45079,45079,12.34
Saluda,SC,45081,45081,19.2
Spartanburg,SC,45083,45083,15.93
Sumter,SC,45085,45085,15.88
Union,SC,45087,45087,19.62
Williamsburg,SC,45089,45089,20.01
York,SC,45091,45091,14.04
Aurora,SD,46003,46003,18.93
Beadle,SD,46005,46005,17.03
Bennett,SD,46007,46007,11.62
Bon Homme,SD,46009,46009,20.54
Brookings,SD,46011,46011,11.71
Brown,SD,46013,46013,17.08
Brule,SD,46015,46015,17.69
Buffalo,SD,46017,46017,7.21
Butte,SD,46019,46019,19.9
Campbell,SD,46021,46021,25.05
Charles Mix,SD,46023,46023,18.24
Clark,SD,46025,46025,21.14
Clay,SD,46027,46027,11.85
Codington,SD,46029,46029,16.94
Corson,SD,46031,46031,10.92
Custer,SD,46033,46033,28.98
Davison,SD,46035,46035,18.01
Day,SD,46037,46037,25.61
Deuel,SD,46039,46039,21.28
Dewey,SD,46041,46041,9.6
Douglas,SD,46043,46043,23.49
Edmunds,SD,46045,46045,19.34
Fall River,SD,46047,46047,27.6
Faulk,SD,46049,46049,26.69
Grant,SD,46051,46051,20.52
Gregory,SD,46053,46053,24.46
Haakon,SD,46055,46055,20.96
Hamlin,SD,46057,46057,15.77
Hand,SD,46059,46059,24.29
Hanson,SD,46061,46061,14.92
Harding,SD,46063,46063,17.53
Hughes,SD,46065,46065,16.81
Hutchinson,SD,46067,46067,23.11
Hyde,SD,46069,46069,26.16
Jackson,SD,46071,46071,14.29
Jerauld,SD,46073,46073,29.63
Jones,SD,46075,46075,23.08
Kingsbury,SD,46077,46077,22.69
Lake,SD,46079,46079,21.02
Lawrence,SD,46081,46081,21.08
Lincoln,SD,46083,46083,12.19
Lyman,SD,46085,46085,15.57
McCook,SD,46087,46087,18.75
McPherson,SD,46089,46089,29.47
Marshall,SD,46091,46091,20.75
Meade,SD,46093,46093,15.1
Mellette,SD,46095,46095,15.11
Miner,SD,46097,46097,19.81
Minnehaha,SD,46099,46099,12.73
Moody,SD,46101,46101,18.99
Pennington,SD,46103,46103,17.35
Perkins,SD,46105,46105,23.99
Potter,SD,46107,46107,27.82
Roberts,SD,46109,46109,19.4
Sanborn,SD,46111,46111,19.88
Shannon,SD,46113,46113,6.8
Spink,SD,46115,46115,20.45
Stanley,SD,46117,46117,21.61
Sully,SD,46119,46119,24.52
Todd,SD,46121,46121,7.43
Tripp,SD,46123,46123,22.24
Turner,SD,46125,46125,20.55
Union,SD,46127,46127,17.4
Walworth,SD,46129,46129,23.95
Yankton,SD,46135,46135,18.39
Ziebach,SD,46137,46137,9.39
Anderson,TN,47001,47001,19.7
Bedford,TN,47003,47003,15.03
Benton,TN,47005,47005,23.85
Bledsoe,TN,47007,47007,17.9
Blount,TN,47009,47009,19.99
Bradley,TN,47011,47011,16.82
Campbell,TN,47013,47013,20.43
Cannon,TN,47015,47015,18.35
Carroll,TN,47017,47017,19.92
Carter,TN,47019,47019,21.18
Cheatham,TN,47021,47021,14.6
Chester,TN,47023,47023,16.91
Claiborne,TN,47025,47025,19.39
Clay,TN,47027,47027,23.74
Cocke,TN,47029,47029,20.85
Coffee,TN,47031,47031,17.17
Crockett,TN,47033,47033,18.63
Cumberland,TN,47035,47035,30.23
Davidson,TN,47037,47037,11.96
Decatur,TN,47039,47039,23.44
DeKalb,TN,47041,47041,18.11
Dickson,TN,47043,47043,15.52
Dyer,TN,47045,47045,17.19
Fayette,TN,47047,47047,20.74
Fentress,TN,47049,47049,21.04
Franklin,TN,47051,47051,19.45
Gibson,TN,47053,47053,17.69
Giles,TN,47055,47055,19.84
Grainger,TN,47057,47057,20.15
Greene,TN,47059,47059,21.16
Grundy,TN,47061,47061,20.53
Hamblen,TN,47063,47063,17.88
Hamilton,TN,47065,47065,17.22
Hancock,TN,47067,47067,20.53
Hardeman,TN,47069,47069,17.89
Hardin,TN,47071,47071,22.44
Hawkins,TN,47073,47073,20.55
Haywood,TN,47075,47075,17.89
Henderson,TN,47077,47077,17.94
Henry,TN,47079,47079,22.76
Hickman,TN,47081,47081,16.83
Houston,TN,47083,47083,20.92
Humphreys,TN,47085,47085,19.29
Jackson,TN,47087,47087,21.96
Jefferson,TN,47089,47089,19.63
Johnson,TN,47091,47091,22.37
Knox,TN,47093,47093,15.44
Lake,TN,47095,47095,15.46
Lauderdale,TN,47097,47097,15.28
Lawrence,TN,47099,47099,17.64
Lewis,TN,47101,47101,20.55
Lincoln,TN,47103,47103,18.87
Loudon,TN,47105,47105,25.83
McMinn,TN,47107,47107,19.37
McNairy,TN,47109,47109,20.62
Macon,TN,47111,47111,15.65
Madison,TN,47113,47113,16.39
Marion,TN,47115,47115,19.55
Marshall,TN,47117,47117,15.72
Maury,TN,47119,47119,15.53
Meigs,TN,47121,47121,21.73
Monroe,TN,47123,47123,20.67
Montgomery,TN,47125,47125,9.12
Moore,TN,47127,47127,20.49
Morgan,TN,47129,47129,17.44
Obion,TN,47131,47131,19.84
Overton,TN,47133,47133,20.09
Perry,TN,47135,47135,20.5
Pickett,TN,47137,47137,26.88
Polk,TN,47139,47139,20.51
Putnam,TN,47141,47141,16.57
Rhea,TN,47143,47143,17.98
Roane,TN,47145,47145,22.22
Robertson,TN,47147,47147,14.5
Rutherford,TN,47149,47149,10.2
Scott,TN,47151,47151,16.54
Sequatchie,TN,47153,47153,19.99
Sevier,TN,47155,47155,19.25
Shelby,TN,47157,47157,13.1
Smith,TN,47159,47159,16.36
Stewart,TN,47161,47161,19.6
Sullivan,TN,47163,47163,21.49
Sumner,TN,47165,47165,15.56
Tipton,TN,47167,47167,14.08
Trousdale,TN,47169,47169,13.93
Unicoi,TN,47171,47171,23.18
Union,TN,47173,47173,18.14
Van Buren,TN,47175,47175,22.5
Warren,TN,47177,47177,17.18
Washington,TN,47179,47179,17.86
Wayne,TN,47181,47181,18.69
Weakley,TN,47183,47183,18.02
White,TN,47185,47185,20.05
Williamson,TN,47187,47187,12.73
Wilson,TN,47189,47189,15.42
Anderson,TX,48001,48001,14.32
Andrews,TX,48003,48003,10.04
Angelina,TX,48005,48005,15.86
Aransas,TX,48007,48007,27.43
Archer,TX,48009,48009,19.53
Armstrong,TX,48011,48011,21.54
Atascosa,TX,48013,48013,14.33
Austin,TX,48015,48015,18.74
Bailey,TX,48017,48017,13.87
Bandera,TX,48019,48019,26.44
Bastrop,TX,48021,48021,14.56
Baylor,TX,48023,48023,24.24
Bee,TX,48025,48025,11.97
Bell,TX,48027,48027,10.56
Bexar,TX,48029,48029,11.85
Blanco,TX,48031,48031,25.04
Borden,TX,48033,48033,27.24
Bosque,TX,48035,48035,24.62
Bowie,TX,48037,48037,16.35
Brazoria,TX,48039,48039,11.57
Brazos,TX,48041,48041,8.87
Brewster,TX,48043,48043,22.45
Briscoe,TX,48045,48045,25.53
Brooks,TX,48047,48047,14.58
Brown,TX,48049,48049,19.52
Burleson,TX,48051,48051,20.43
Burnet,TX,48053,48053,21.93
Caldwell,TX,48055,48055,13.69
Calhoun,TX,48057,48057,17.39
Callahan,TX,48059,48059,20.55
Cameron,TX,48061,48061,13.15
Camp,TX,48063,48063,18.47
Carson,TX,48065,48065,18.27
Cass,TX,48067,48067,21.91
Castro,TX,48069,48069,15.17
Chambers,TX,48071,48071,10.88
Cherokee,TX,48073,48073,17.05
Childress,TX,48075,48075,13.84
Clay,TX,48077,48077,22.81
Cochran,TX,48079,48079,15.76
Coke,TX,48081,48081,28.49
Coleman,TX,48083,48083,24.71
Collin,TX,48085,48085,10.68
Collingsworth,TX,48087,48087,16.98
Colorado,TX,48089,48089,21.65
Comal,TX,48091,48091,17.93
Comanche,TX,48093,48093,24
Concho,TX,48095,48095,19.96
Cooke,TX,48097,48097,18.15
Coryell,TX,48099,48099,9.84
Cottle,TX,48101,48101,20.77
Crane,TX,48103,48103,13.62
Crockett,TX,48105,48105,14.95
Crosby,TX,48107,48107,18.16
Culberson,TX,48109,48109,14.77
Dallam,TX,48111,48111,10.73
Dallas,TX,48113,48113,10.46
Dawson,TX,48115,48115,14.66
Deaf Smith,TX,48117,48117,12.47
Delta,TX,48119,48119,20.12
Denton,TX,48121,48121,9.85
DeWitt,TX,48123,48123,19.39
Dickens,TX,48125,48125,23.79
Dimmit,TX,48127,48127,16.89
Donley,TX,48129,48129,23.22
Duval,TX,48131,48131,17.55
Eastland,TX,48133,48133,22.39
Ector,TX,48135,48135,9.49
Edwards,TX,48137,48137,30.55
Ellis,TX,48139,48139,12.62
El Paso,TX,48141,48141,11.91
Erath,TX,48143,48143,14.04
Falls,TX,48145,48145,17.92
Fannin,TX,48147,48147,18.53
Fayette,TX,48149,48149,24.61
Fisher,TX,48151,48151,22.82
Floyd,TX,48153,48153,18.63
Foard,TX,48155,48155,27.06
Fort Bend,TX,48157,48157,10.63
Franklin,TX,48159,48159,21.69
Freestone,TX,48161,48161,19.61
Frio,TX,48163,48163,12.42
Gaines,TX,48165,48165,8.79
Galveston,TX,48167,48167,13.95
Garza,TX,48169,48169,13.74
Gillespie,TX,48171,48171,29.32
Glasscock,TX,48173,48173,9.87
Goliad,TX,48175,48175,22
Gonzales,TX,48177,48177,16.37
Gray,TX,48179,48179,15.82
Grayson,TX,48181,48181,17.51
Gregg,TX,48183,48183,15.08
Grimes,TX,48185,48185,16.94
Guadalupe,TX,48187,48187,13.63
Hale,TX,48189,48189,13.25
Hall,TX,48191,48191,22.34
Hamilton,TX,48193,48193,24.51
Hansford,TX,48195,48195,15.42
Hardeman,TX,48197,48197,21.42
Hardin,TX,48199,48199,16.47
Harris,TX,48201,48201,10.16
Harrison,TX,48203,48203,16.47
Hartley,TX,48205,48205,15.03
Haskell,TX,48207,48207,22.04
Hays,TX,48209,48209,10.69
Hemphill,TX,48211,48211,13.19
Henderson,TX,48213,48213,21.98
Hidalgo,TX,48215,48215,10.84
Hill,TX,48217,48217,20.54
Hockley,TX,48219,48219,14.26
Hood,TX,48221,48221,24.69
Hopkins,TX,48223,48223,18.27
Houston,TX,48225,48225,21.32
Howard,TX,48227,48227,12.88
Hudspeth,TX,48229,48229,15.29
Hunt,TX,48231,48231,15.81
Hutchinson,TX,48233,48233,16.26
Irion,TX,48235,48235,16.85
Jack,TX,48237,48237,17.06
Jackson,TX,48239,48239,17.39
Jasper,TX,48241,48241,19.36
Jeff Davis,TX,48243,48243,34.05
Jefferson,TX,48245,48245,14.21
Jim Hogg,TX,48247,48247,14.22
Jim Wells,TX,48249,48249,14.92
Johnson,TX,48251,48251,13.84
Jones,TX,48253,48253,15.22
Karnes,TX,48255,48255,14.02
Kaufman,TX,48257,48257,11.78
Kendall,TX,48259,48259,18.89
Kenedy,TX,48261,48261,25.35
Kent,TX,48263,48263,28.13
Kerr,TX,48265,48265,27.05
Kimble,TX,48267,48267,28.97
King,TX,48269,48269,10.55
Kinney,TX,48271,48271,24.71
Kleberg,TX,48273,48273,13.01
Knox,TX,48275,48275,18.33
Lamar,TX,48277,48277,18.91
Lamb,TX,48279,48279,16.53
Lampasas,TX,48281,48281,18.76
La Salle,TX,48283,48283,17.03
Lavaca,TX,48285,48285,23.29
Lee,TX,48287,48287,18.84
Leon,TX,48289,48289,24.24
Liberty,TX,48291,48291,12.99
Limestone,TX,48293,48293,18.74
Lipscomb,TX,48295,48295,17.1
Live Oak,TX,48297,48297,20.28
Llano,TX,48299,48299,36.38
Loving,TX,48301,48301,25.51
Lubbock,TX,48303,48303,12.18
Lynn,TX,48305,48305,16.93
McCulloch,TX,48307,48307,21.83
McLennan,TX,48309,48309,14.14
McMullen,TX,48311,48311,18.35
Madison,TX,48313,48313,15.18
Marion,TX,48315,48315,25.88
Martin,TX,48317,48317,12.09
Mason,TX,48319,48319,24.39
Matagorda,TX,48321,48321,16.34
Maverick,TX,48323,48323,11.52
Medina,TX,48325,48325,16.52
Menard,TX,48327,48327,31.43
Midland,TX,48329,48329,10.26
Milam,TX,48331,48331,20.34
Mills,TX,48333,48333,30.76
Mitchell,TX,48335,48335,15.44
Montague,TX,48337,48337,22.37
Montgomery,TX,48339,48339,12.82
Moore,TX,48341,48341,10.67
Morris,TX,48343,48343,21.47
Motley,TX,48345,48345,31.39
Nacogdoches,TX,48347,48347,14.21
Navarro,TX,48349,48349,16.8
Newton,TX,48351,48351,20.12
Nolan,TX,48353,48353,17.65
Nueces,TX,48355,48355,14.07
Ochiltree,TX,48357,48357,10.5
Oldham,TX,48359,48359,14.76
Orange,TX,48361,48361,15.59
Palo Pinto,TX,48363,48363,19.44
Panola,TX,48365,48365,18.67
Parker,TX,48367,48367,15.33
Parmer,TX,48369,48369,13.5
Pecos,TX,48371,48371,12.72
Polk,TX,48373,48373,18.48
Potter,TX,48375,48375,12.19
Presidio,TX,48377,48377,24.13
Rains,TX,48379,48379,24.59
Randall,TX,48381,48381,14.67
Reagan,TX,48383,48383,8.18
Real,TX,48385,48385,28.61
Red River,TX,48387,48387,24.44
Reeves,TX,48389,48389,12.66
Refugio,TX,48391,48391,21.64
Roberts,TX,48393,48393,25.59
Robertson,TX,48395,48395,19.01
Rockwall,TX,48397,48397,12.1
Runnels,TX,48399,48399,20.64
Rusk,TX,48401,48401,16.43
Sabine,TX,48403,48403,30.48
San Augustine,TX,48405,48405,26.36
San Jacinto,TX,48407,48407,22.1
San Patricio,TX,48409,48409,14.61
San Saba,TX,48411,48411,23.07
Schleicher,TX,48413,48413,18.77
Scurry,TX,48415,48415,15.08
Shackelford,TX,48417,48417,19.17
Shelby,TX,48419,48419,17.38
Sherman,TX,48421,48421,13.34
Smith,TX,48423,48423,16.2
Somervell,TX,48425,48425,18.33
Starr,TX,48427,48427,11.23
Stephens,TX,48429,48429,19.49
Sterling,TX,48431,48431,12.67
Stonewall,TX,48433,48433,20.33
Sutton,TX,48435,48435,18.07
Swisher,TX,48437,48437,18.37
Tarrant,TX,48439,48439,11.01
Taylor,TX,48441,48441,14.23
Terrell,TX,48443,48443,32.7
Terry,TX,48445,48445,15.08
Throckmorton,TX,48447,48447,27.99
Titus,TX,48449,48449,13.97
Tom Green,TX,48451,48451,15.12
Travis,TX,48453,48453,9.49
Trinity,TX,48455,48455,26.22
Tyler,TX,48457,48457,21.58
Upshur,TX,48459,48459,17.92
Upton,TX,48461,48461,16.7
Uvalde,TX,48463,48463,16.69
Val Verde,TX,48465,48465,14.15
Van Zandt,TX,48467,48467,20.05
Victoria,TX,48469,48469,15.81
Walker,TX,48471,48471,12.7
Waller,TX,48473,48473,11.6
Ward,TX,48475,48475,13.78
Washington,TX,48477,48477,20.98
Webb,TX,48479,48479,9.19
Wharton,TX,48481,48481,16.64
Wheeler,TX,48483,48483,19.18
Wichita,TX,48485,48485,14.47
Wilbarger,TX,48487,48487,18.45
Willacy,TX,48489,48489,13.68
Williamson,TX,48491,48491,11.82
Wilson,TX,48493,48493,15.37
Winkler,TX,48495,48495,11.52
Wise,TX,48497,48497,14.86
Wood,TX,48499,48499,26.73
Yoakum,TX,48501,48501,11.48
Young,TX,48503,48503,20.41
Zapata,TX,48505,48505,13.81
Zavala,TX,48507,48507,13.83
Beaver,UT,49001,49001,14.16
Box Elder,UT,49003,49003,12.68
Cache,UT,49005,49005,9.13
Carbon,UT,49007,49007,16.79
Daggett,UT,49009,49009,12.56
Davis,UT,49011,49011,9.76
Duchesne,UT,49013,49013,11.39
Emery,UT,49015,49015,16.42
Garfield,UT,49017,49017,21.77
Grand,UT,49019,49019,17.68
Iron,UT,49021,49021,12.55
Juab,UT,49023,49023,11.69
Kane,UT,49025,49025,22.53
Millard,UT,49027,49027,16.71
Morgan,UT,49029,49029,11.4
Piute,UT,49031,49031,24.6
Rich,UT,49033,49033,21.14
Salt Lake,UT,49035,49035,10.56
San Juan,UT,49037,49037,13.72
Sanpete,UT,49039,49039,13.66
Sevier,UT,49041,49041,15.99
Summit,UT,49043,49043,11.81
Tooele,UT,49045,49045,8.87
Uintah,UT,49047,49047,10.18
Utah,UT,49049,49049,7.56
Wasatch,UT,49051,49051,11.05
Washington,UT,49053,49053,20.89
Wayne,UT,49055,49055,20.53
Weber,UT,49057,49057,11.42
Addison,VT,50001,50001,19.18
Bennington,VT,50003,50003,22.51
Caledonia,VT,50005,50005,20.02
Chittenden,VT,50007,50007,14.64
Essex,VT,50009,50009,25.27
Franklin,VT,50011,50011,15.56
Grand Isle,VT,50013,50013,19.95
Lamoille,VT,50015,50015,16.73
Orange,VT,50017,50017,20.5
Orleans,VT,50019,50019,22.11
Rutland,VT,50021,50021,21.31
Washington,VT,50023,50023,18.99
Windham,VT,50025,50025,21.9
Windsor,VT,50027,50027,22.72
Accomack,VA,51001,51001,22.72
Albemarle,VA,51003,51003,18.01
Alleghany,VA,51005,51005,23.8
Amelia,VA,51007,51007,19.17
Amherst,VA,51009,51009,20.56
Appomattox,VA,51011,51011,20.26
Arlington,VA,51013,51013,10.48
Augusta,VA,51015,51015,20.47
Bath,VA,51017,51017,22.41
Bedford,VA,51019,51019,20.85
Bland,VA,51021,51021,22.51
Botetourt,VA,51023,51023,21.9
Brunswick,VA,51025,51025,20.9
Buchanan,VA,51027,51027,21.43
Buckingham,VA,51029,51029,19.25
Campbell,VA,51031,51031,19.57
Caroline,VA,51033,51033,15.99
Carroll,VA,51035,51035,23.79
Charles City,VA,51036,51036,23.92
Charlotte,VA,51037,51037,21.88
Chesterfield,VA,51041,51041,14.42
Clarke,VA,51043,51043,20.73
Craig,VA,51045,51045,21.29
Culpeper,VA,51047,51047,15.39
Cumberland,VA,51049,51049,21.9
Dickenson,VA,51051,51051,21.42
Dinwiddie,VA,51053,51053,17.15
Essex,VA,51057,51057,22.21
Fairfax,VA,51059,51059,13.08
Fauquier,VA,51061,51061,16.18
Floyd,VA,51063,51063,22.52
Fluvanna,VA,51065,51065,19.41
Franklin,VA,51067,51067,22.78
Frederick,VA,51069,51069,16.8
Giles,VA,51071,51071,21.29
Gloucester,VA,51073,51073,18.59
Goochland,VA,51075,51075,21.61
Grayson,VA,51077,51077,24.01
Greene,VA,51079,51079,16.56
Greensville,VA,51081,51081,14.84
Halifax,VA,51083,51083,23.43
Hanover,VA,51085,51085,17.16
Henrico,VA,51087,51087,14.99
Henry,VA,51089,51089,23.59
Highland,VA,51091,51091,38.88
Isle of Wight,VA,51093,51093,18.6
James City,VA,51095,51095,24.56
King and Queen,VA,51097,51097,23.12
King George,VA,51099,51099,12.79
King William,VA,51101,51101,15.68
Lancaster,VA,51103,51103,36.17
Lee,VA,51105,51105,20.77
Loudoun,VA,51107,51107,9.01
Louisa,VA,51109,51109,19.57
Lunenburg,VA,51111,51111,21.47
Madison,VA,51113,51113,21.63
Mathews,VA,51115,51115,31.19
Mecklenburg,VA,51117,51117,25.13
Middlesex,VA,51119,51119,31.07
Montgomery,VA,51121,51121,12.2
Nelson,VA,51125,51125,25.98
New Kent,VA,51127,51127,16.53
Northampton,VA,51131,51131,26.02
Northumberland,VA,51133,51133,36.69
Nottoway,VA,51135,51135,18.95
Orange,VA,51137,51137,19.74
Page,VA,51139,51139,20.88
Patrick,VA,51141,51141,26.16
Pittsylvania,VA,51143,51143,21.83
Powhatan,VA,51145,51145,17.71
Prince Edward,VA,51147,51147,16.08
Prince George,VA,51149,51149,13.44
Prince William,VA,51153,51153,9.54
Pulaski,VA,51155,51155,22.5
Rappahannock,VA,51157,51157,25.85
Richmond,VA,51159,51159,21.17
Roanoke,VA,51161,51161,21.15
Rockbridge,VA,51163,51163,25.49
Rockingham,VA,51165,51165,18.82
Russell,VA,51167,51167,20.67
Scott,VA,51169,51169,23.54
Shenandoah,VA,51171,51171,21.19
Smyth,VA,51173,51173,21.35
Southampton,VA,51175,51175,19.42
Spotsylvania,VA,51177,51177,13.75
Stafford,VA,51179,51179,10.12
Surry,VA,51181,51181,21.66
Sussex,VA,51183,51183,17.31
Tazewell,VA,51185,51185,21.48
Warren,VA,51187,51187,15.62
Washington,VA,51191,51191,22.2
Westmoreland,VA,51193,51193,24.82
Wise,VA,51195,51195,17.68
Wythe,VA,51197,51197,20.71
York,VA,51199,51199,15.69
Alexandria City,VA,51510,51510,11.27
Bedford City,VA,51515,51515,N/A
Bristol City,VA,51520,51520,20.44
Buena Vista City,VA,51530,51530,18.45
Charlottesville City,VA,51540,51540,11.31
Chesapeake City,VA,51550,51550,12.95
Colonial Heights City,VA,51570,51570,20.37
Covington City,VA,51580,51580,20.2
Danville City,VA,51590,51590,20.31
Emporia City,VA,51595,51595,16.83
Fairfax City,VA,51600,51600,14.87
Falls Church City,VA,51610,51610,12.85
Franklin City,VA,51620,51620,19.28
Fredericksburg City,VA,51630,51630,10.77
Galax City,VA,51640,51640,22.37
Hampton City,VA,51650,51650,14.97
Harrisonburg City,VA,51660,51660,8.97
Hopewell City,VA,51670,51670,15.51
Lexington City,VA,51678,51678,15.58
Lynchburg City,VA,51680,51680,14.11
Manassas City,VA,51683,51683,9.72
Manassas Park City,VA,51685,51685,8.46
Martinsville City,VA,51690,51690,18.65
Newport News City,VA,51700,51700,12.66
Norfolk City,VA,51710,51710,10.86
Norton City,VA,51720,51720,16.4
Petersburg City,VA,51730,51730,16.71
Poquoson City,VA,51735,51735,19.64
Portsmouth City,VA,51740,51740,14.48
Radford City,VA,51750,51750,8.66
Richmond City,VA,51760,51760,12.83
Roanoke City,VA,51770,51770,16.11
Salem City,VA,51775,51775,18.97
Staunton City,VA,51790,51790,20.98
Suffolk City,VA,51800,51800,14.17
Virginia Beach City,VA,51810,51810,13.73
Waynesboro City,VA,51820,51820,17.63
Williamsburg City,VA,51830,51830,15.69
Winchester City,VA,51840,51840,15.93
Adams,WA,53001,53001,10.91
Asotin,WA,53003,53003,22.84
Benton,WA,53005,53005,14.51
Chelan,WA,53007,53007,18.6
Clallam,WA,53009,53009,28.8
Clark,WA,53011,53011,15.04
Columbia,WA,53013,53013,28.26
Cowlitz,WA,53015,53015,18.81
Douglas,WA,53017,53017,17.2
Ferry,WA,53019,53019,25.44
Franklin,WA,53021,53021,9.01
Garfield,WA,53023,53023,24.71
Grant,WA,53025,53025,13.49
Grays Harbor,WA,53027,53027,21.02
Island,WA,53029,53029,23.95
Jefferson,WA,53031,53031,35.28
King,WA,53033,53033,12.95
Kitsap,WA,53035,53035,17.36
Kittitas,WA,53037,53037,15.73
Klickitat,WA,53039,53039,23.6
Lewis,WA,53041,53041,20.71
Lincoln,WA,53043,53043,25.54
Mason,WA,53045,53045,22.54
Okanogan,WA,53047,53047,21.12
Pacific,WA,53049,53049,30.27
Pend Oreille,WA,53051,53051,25.66
Pierce,WA,53053,53053,13.52
San Juan,WA,53055,53055,32.92
Skagit,WA,53057,53057,20.26
Skamania,WA,53059,53059,19.9
Snohomish,WA,53061,53061,13.1
Spokane,WA,53063,53063,15.79
Stevens,WA,53065,53065,22.52
Thurston,WA,53067,53067,16.78
Wahkiakum,WA,53069,53069,33.04
Walla Walla,WA,53071,53071,17.62
Whatcom,WA,53073,53073,16.9
Whitman,WA,53075,53075,10.16
Yakima,WA,53077,53077,13.51
Barbour,WV,54001,54001,19.4
Berkeley,WV,54003,54003,14.45
Boone,WV,54005,54005,19.11
Braxton,WV,54007,54007,22.44
Brooke,WV,54009,54009,22.81
Cabell,WV,54011,54011,18.23
Calhoun,WV,54013,54013,23.52
Clay,WV,54015,54015,20.07
Doddridge,WV,54017,54017,20.58
Fayette,WV,54019,54019,20.43
Gilmer,WV,54021,54021,16.57
Grant,WV,54023,54023,23.92
Greenbrier,WV,54025,54025,22.62
Hampshire,WV,54027,54027,21.76
Hancock,WV,54029,54029,22.57
Hardy,WV,54031,54031,21.87
Harrison,WV,54033,54033,18.96
Jackson,WV,54035,54035,19.94
Jefferson,WV,54037,54037,15.54
Kanawha,WV,54039,54039,19.97
Lewis,WV,54041,54041,20.22
Lincoln,WV,54043,54043,18.66
Logan,WV,54045,54045,19.39
McDowell,WV,54047,54047,20.77
Marion,WV,54049,54049,19.11
Marshall,WV,54051,54051,21.42
Mason,WV,54053,54053,20.39
Mercer,WV,54055,54055,21.32
Mineral,WV,54057,54057,21.28
Mingo,WV,54059,54059,18.15
Monongalia,WV,54061,54061,12.16
Monroe,WV,54063,54063,24.75
Morgan,WV,54065,54065,22.77
Nicholas,WV,54067,54067,21.77
Ohio,WV,54069,54069,21.17
Pendleton,WV,54071,54071,26.45
Pleasants,WV,54073,54073,18.62
Pocahontas,WV,54075,54075,24.84
Preston,WV,54077,54077,19.47
Putnam,WV,54079,54079,17.89
Raleigh,WV,54081,54081,20.04
Randolph,WV,54083,54083,21.13
Ritchie,WV,54085,54085,22.89
Roane,WV,54087,54087,21.28
Summers,WV,54089,54089,24.25
Taylor,WV,54091,54091,19.76
Tucker,WV,54093,54093,25.26
Tyler,WV,54095,54095,21.78
Upshur,WV,54097,54097,19.77
Wayne,WV,54099,54099,20.37
Webster,WV,54101,54101,22.74
Wetzel,WV,54103,54103,22.77
Wirt,WV,54105,54105,19.61
Wood,WV,54107,54107,19.94
Wyoming,WV,54109,54109,20.78
Adams,WI,55001,55001,28.73
Ashland,WI,55003,55003,18.93
Barron,WI,55005,55005,21.41
Bayfield,WI,55007,55007,26.87
Brown,WI,55009,55009,14.36
Buffalo,WI,55011,55011,21.64
Burnett,WI,55013,55013,28.03
Calumet,WI,55015,55015,14.34
Chippewa,WI,55017,55017,17.49
Clark,WI,55019,55019,16.39
Columbia,WI,55021,55021,17.45
Crawford,WI,55023,55023,22.63
Dane,WI,55025,55025,13.24
Dodge,WI,55027,55027,17.22
Door,WI,55029,55029,28.98
Douglas,WI,55031,55031,18
Dunn,WI,55033,55033,15.25
Eau Claire,WI,55035,55035,15.13
Florence,WI,55037,55037,25.61
Fond du Lac,WI,55039,55039,17.9
Forest,WI,55041,55041,22.83
Grant,WI,55043,55043,16.88
Green,WI,55045,55045,18.1
Green Lake,WI,55047,55047,21.59
Iowa,WI,55049,55049,18.01
Iron,WI,55051,55051,30.12
Jackson,WI,55053,55053,18.48
Jefferson,WI,55055,55055,16.42
Juneau,WI,55057,55057,20.13
Kenosha,WI,55059,55059,13.64
Kewaunee,WI,55061,55061,19.81
La Crosse,WI,55063,55063,15.84
Lafayette,WI,55065,55065,18.18
Langlade,WI,55067,55067,23.35
Lincoln,WI,55069,55069,20.97
Manitowoc,WI,55071,55071,19.85
Marathon,WI,55073,55073,17.11
Marinette,WI,55075,55075,23.2
Marquette,WI,55077,55077,24.13
Menominee,WI,55078,55078,12.97
Milwaukee,WI,55079,55079,13.24
Monroe,WI,55081,55081,16.47
Oconto,WI,55083,55083,20.12
Oneida,WI,55085,55085,25.58
Outagamie,WI,55087,55087,14.3
Ozaukee,WI,55089,55089,19.24
Pepin,WI,55091,55091,21.93
Pierce,WI,55093,55093,14.26
Polk,WI,55095,55095,20.07
Portage,WI,55097,55097,16.07
Price,WI,55099,55099,25.08
Racine,WI,55101,55101,16.15
Richland,WI,55103,55103,22.02
Rock,WI,55105,55105,16.12
Rusk,WI,55107,55107,23.69
St. Croix,WI,55109,55109,13.56
Sauk,WI,55111,55111,17.95
Sawyer,WI,55113,55113,25.25
Shawano,WI,55115,55115,20.72
Sheboygan,WI,55117,55117,17.47
Taylor,WI,55119,55119,18.83
Trempealeau,WI,55121,55121,17.75
Vernon,WI,55123,55123,19.03
Vilas,WI,55125,55125,30.55
Walworth,WI,55127,55127,17.11
Washburn,WI,55129,55129,25.74
Washington,WI,55131,55131,17.45
Waukesha,WI,55133,55133,18.08
Waupaca,WI,55135,55135,20.39
Waushara,WI,55137,55137,23.79
Winnebago,WI,55139,55139,15.85
Wood,WI,55141,55141,20.11
Albany,WY,56001,56001,11.27
Big Horn,WY,56003,56003,21.05
Campbell,WY,56005,56005,9.2
Carbon,WY,56007,56007,16.32
Converse,WY,56009,56009,16.55
Crook,WY,56011,56011,19.14
Fremont,WY,56013,56013,17.86
Goshen,WY,56015,56015,21.57
Hot Springs,WY,56017,56017,23.96
Johnson,WY,56019,56019,22.89
Laramie,WY,56021,56021,15.53
Lincoln,WY,56023,56023,16.66
Natrona,WY,56025,56025,14.41
Niobrara,WY,56027,56027,22.79
Park,WY,56029,56029,22.16
Platte,WY,56031,56031,23.88
Sheridan,WY,56033,56033,20.46
Sublette,WY,56035,56035,17.79
Sweetwater,WY,56037,56037,11.42
Teton,WY,56039,56039,14.04
Uinta,WY,56041,56041,13.01
Washakie,WY,56043,56043,21.09
Weston,WY,56045,56045,19.44
Eastern,AS,60010,60010,N/A
Manu'a,AS,60020,60020,N/A
Rose Island,AS,60030,60030,N/A
Swains Island,AS,60040,60040,N/A
Western,AS,60050,60050,N/A
Guam,GU,66010,66010,N/A
Northern Islands,MP,69085,69085,N/A
Rota,MP,69100,69100,N/A
Saipan,MP,69110,69110,N/A
Tinian,MP,69120,69120,N/A
Adjuntas,PR,72001,72001,18.64
Aguada,PR,72003,72003,18.18
Aguadilla,PR,72005,72005,20.9
Aguas Buenas,PR,72007,72007,18.92
Aibonito,PR,72009,72009,19.88
Aasco,PR,72011,72011,19.87
Arecibo,PR,72013,72013,21.03
Arroyo,PR,72015,72015,18.74
Barceloneta,PR,72017,72017,18.92
Barranquitas,PR,72019,72019,15.13
Bayamn,PR,72021,72021,21.05
Cabo Rojo,PR,72023,72023,22.5
Caguas,PR,72025,72025,19.55
Camuy,PR,72027,72027,19.2
Canvanas,PR,72029,72029,16.44
Carolina,PR,72031,72031,21.65
Catao,PR,72033,72033,19
Cayey,PR,72035,72035,19.89
Ceiba,PR,72037,72037,22.81
Ciales,PR,72039,72039,19.35
Cidra,PR,72041,72041,16.8
Coamo,PR,72043,72043,17.21
Comero,PR,72045,72045,17.51
Corozal,PR,72047,72047,17.46
Culebra,PR,72049,72049,23.34
Dorado,PR,72051,72051,16.88
Fajardo,PR,72053,72053,21.45
Florida,PR,72054,72054,17.58
Gunica,PR,72055,72055,23.13
Guayama,PR,72057,72057,17.45
Guayanilla,PR,72059,72059,20
Guaynabo,PR,72061,72061,21.35
Gurabo,PR,72063,72063,15.38
Hatillo,PR,72065,72065,19.49
Hormigueros,PR,72067,72067,26.98
Humacao,PR,72069,72069,21.13
Isabela,PR,72071,72071,19.34
Jayuya,PR,72073,72073,16.08
Juana Daz,PR,72075,72075,17.07
Juncos,PR,72077,72077,15.56
Lajas,PR,72079,72079,23.51
Lares,PR,72081,72081,19.99
Las Maras,PR,72083,72083,19.82
Las Piedras,PR,72085,72085,17.29
Loza,PR,72087,72087,16.99
Luquillo,PR,72089,72089,20.88
Manat,PR,72091,72091,20.75
Maricao,PR,72093,72093,19.24
Maunabo,PR,72095,72095,21.54
Mayagez,PR,72097,72097,23.28
Moca,PR,72099,72099,16.86
Morovis,PR,72101,72101,15.34
Naguabo,PR,72103,72103,17.41
Naranjito,PR,72105,72105,18.43
Orocovis,PR,72107,72107,16.32
Patillas,PR,72109,72109,21.12
Peuelas,PR,72111,72111,15.95
Ponce,PR,72113,72113,20.9
Quebradillas,PR,72115,72115,19.54
Rincn,PR,72117,72117,23.97
Ro Grande,PR,72119,72119,19.33
Sabana Grande,PR,72121,72121,22.13
Salinas,PR,72123,72123,18.71
San Germn,PR,72125,72125,23.78
San Juan,PR,72127,72127,21.87
San Lorenzo,PR,72129,72129,18.15
San Sebastin,PR,72131,72131,22.45
Santa Isabel,PR,72133,72133,15.83
Toa Alta,PR,72135,72135,13.59
Toa Baja,PR,72137,72137,18.76
Trujillo Alto,PR,72139,72139,18.3
Utuado,PR,72141,72141,20.84
Vega Alta,PR,72143,72143,17.71
Vega Baja,PR,72145,72145,19.46
Vieques,PR,72147,72147,21.4
Villalba,PR,72149,72149,16.72
Yabucoa,PR,72151,72151,19.8
Yauco,PR,72153,72153,21.26
St. Croix,VI,78010,78010,N/A
St. John,VI,78020,78020,N/A
St. Thomas,VI,78030,78030,N/A