County,State,FIPS Code,Formatted FIPS,Estimated ratio of men to women (number of males per hundred fem
Autauga,AL,1001,01001,95
Baldwin,AL,1003,01003,95
Barbour,AL,1005,01005,112
Bibb,AL,1007,01007,117
Blount,AL,1009,01009,98
Bullock,AL,1011,01011,119
Butler,AL,1013,01013,84
Calhoun,AL,1015,01015,93
Chambers,AL,1017,01017,92
Cherokee,AL,1019,01019,97
Chilton,AL,1021,01021,95
Choctaw,AL,1023,01023,91
Clarke,AL,1025,01025,90
Clay,AL,1027,01027,93
Cleburne,AL,1029,01029,96
Coffee,AL,1031,01031,97
Colbert,AL,1033,01033,92
Conecuh,AL,1035,01035,96
Coosa,AL,1037,01037,103
Covington,AL,1039,01039,94
Crenshaw,AL,1041,01041,95
Cullman,AL,1043,01043,97
Dale,AL,1045,01045,97
Dallas,AL,1047,01047,85
DeKalb,AL,1049,01049,98
Elmore,AL,1051,01051,94
Escambia,AL,1053,01053,104
Etowah,AL,1055,01055,93
Fayette,AL,1057,01057,97
Franklin,AL,1059,01059,99
Geneva,AL,1061,01061,95
Greene,AL,1063,01063,86
Hale,AL,1065,01065,90
Henry,AL,1067,01067,94
Houston,AL,1069,01069,92
Jackson,AL,1071,01071,96
Jefferson,AL,1073,01073,90
Lamar,AL,1075,01075,96
Lauderdale,AL,1077,01077,93
Lawrence,AL,1079,01079,93
Lee,AL,1081,01081,97
Limestone,AL,1083,01083,100
Lowndes,AL,1085,01085,92
Macon,AL,1087,01087,85
Madison,AL,1089,01089,95
Marengo,AL,1091,01091,93
Marion,AL,1093,01093,98
Marshall,AL,1095,01095,98
Mobile,AL,1097,01097,91
Monroe,AL,1099,01099,91
Montgomery,AL,1101,01101,89
Morgan,AL,1103,01103,97
Perry,AL,1105,01105,85
Pickens,AL,1107,01107,91
Pike,AL,1109,01109,92
Randolph,AL,1111,01111,95
Russell,AL,1113,01113,93
St. Clair,AL,1115,01115,100
Shelby,AL,1117,01117,94
Sumter,AL,1119,01119,86
Talladega,AL,1121,01121,93
Tallapoosa,AL,1123,01123,93
Tuscaloosa,AL,1125,01125,93
Walker,AL,1127,01127,96
Washington,AL,1129,01129,97
Wilcox,AL,1131,01131,88
Winston,AL,1133,01133,98
Aleutians East,AK,2013,02013,150
Aleutians West,AK,2016,02016,146
Anchorage,AK,2020,02020,104
Bethel,AK,2050,02050,109
Bristol Bay,AK,2060,02060,149
Denali,AK,2068,02068,115
Dillingham,AK,2070,02070,105
Fairbanks North Star,AK,2090,02090,117
Haines,AK,2100,02100,106
Hoonah-Angoon,AK,2105,02105,115
Juneau,AK,2110,02110,105
Kenai Peninsula,AK,2122,02122,109
Ketchikan Gateway,AK,2130,02130,105
Kodiak Island,AK,2150,02150,116
Lake and Peninsula,AK,2164,02164,116
Matanuska-Susitna,AK,2170,02170,109
Nome,AK,2180,02180,111
North Slope,AK,2185,02185,157
Northwest Arctic,AK,2188,02188,119
Petersburg,AK,2195,02195,112
Prince of Wales-Hyder,AK,2198,02198,119
Sitka,AK,2220,02220,106
Skagway,AK,2230,02230,121
Southeast Fairbanks,AK,2240,02240,121
Valdez-Cordova,AK,2261,02261,110
Wade Hampton,AK,2270,02270,118
Wrangell,AK,2275,02275,119
Yakutat,AK,2282,02282,122
Yukon-Koyukuk,AK,2290,02290,115
Apache,AZ,4001,04001,97
Cochise,AZ,4003,04003,103
Coconino,AZ,4005,04005,98
Gila,AZ,4007,04007,98
Graham,AZ,4009,04009,115
Greenlee,AZ,4011,04011,110
La Paz,AZ,4012,04012,106
Maricopa,AZ,4013,04013,98
Mohave,AZ,4015,04015,102
Navajo,AZ,4017,04017,100
Pima,AZ,4019,04019,97
Pinal,AZ,4021,04021,109
Santa Cruz,AZ,4023,04023,92
Yavapai,AZ,4025,04025,96
Yuma,AZ,4027,04027,106
Arkansas,AR,5001,05001,92
Ashley,AR,5003,05003,94
Baxter,AR,5005,05005,94
Benton,AR,5007,05007,99
Boone,AR,5009,05009,98
Bradley,AR,5011,05011,90
Calhoun,AR,5013,05013,101
Carroll,AR,5015,05015,99
Chicot,AR,5017,05017,97
Clark,AR,5019,05019,88
Clay,AR,5021,05021,97
Cleburne,AR,5023,05023,98
Cleveland,AR,5025,05025,97
Columbia,AR,5027,05027,92
Conway,AR,5029,05029,95
Craighead,AR,5031,05031,95
Crawford,AR,5033,05033,97
Crittenden,AR,5035,05035,91
Cross,AR,5037,05037,93
Dallas,AR,5039,05039,97
Desha,AR,5041,05041,90
Drew,AR,5043,05043,96
Faulkner,AR,5045,05045,96
Franklin,AR,5047,05047,97
Fulton,AR,5049,05049,100
Garland,AR,5051,05051,92
Grant,AR,5053,05053,96
Greene,AR,5055,05055,97
Hempstead,AR,5057,05057,90
Hot Spring,AR,5059,05059,109
Howard,AR,5061,05061,92
Independence,AR,5063,05063,96
Izard,AR,5065,05065,109
Jackson,AR,5067,05067,98
Jefferson,AR,5069,05069,98
Johnson,AR,5071,05071,97
Lafayette,AR,5073,05073,102
Lawrence,AR,5075,05075,98
Lee,AR,5077,05077,131
Lincoln,AR,5079,05079,178
Little River,AR,5081,05081,93
Logan,AR,5083,05083,97
Lonoke,AR,5085,05085,97
Madison,AR,5087,05087,98
Marion,AR,5089,05089,93
Miller,AR,5091,05091,96
Mississippi,AR,5093,05093,94
Monroe,AR,5095,05095,88
Montgomery,AR,5097,05097,100
Nevada,AR,5099,05099,103
Newton,AR,5101,05101,98
Ouachita,AR,5103,05103,91
Perry,AR,5105,05105,100
Phillips,AR,5107,05107,89
Pike,AR,5109,05109,98
Poinsett,AR,5111,05111,95
Polk,AR,5113,05113,94
Pope,AR,5115,05115,97
Prairie,AR,5117,05117,100
Pulaski,AR,5119,05119,92
Randolph,AR,5121,05121,100
St. Francis,AR,5123,05123,119
Saline,AR,5125,05125,96
Scott,AR,5127,05127,105
Searcy,AR,5129,05129,102
Sebastian,AR,5131,05131,96
Sevier,AR,5133,05133,101
Sharp,AR,5135,05135,96
Stone,AR,5137,05137,98
Union,AR,5139,05139,94
Van Buren,AR,5141,05141,97
Washington,AR,5143,05143,100
White,AR,5145,05145,95
Woodruff,AR,5147,05147,85
Yell,AR,5149,05149,100
Alameda,CA,6001,06001,97
Alpine,CA,6003,06003,114
Amador,CA,6005,06005,116
Butte,CA,6007,06007,98
Calaveras,CA,6009,06009,99
Colusa,CA,6011,06011,105
Contra Costa,CA,6013,06013,96
Del Norte,CA,6015,06015,116
El Dorado,CA,6017,06017,99
Fresno,CA,6019,06019,100
Glenn,CA,6021,06021,103
Humboldt,CA,6023,06023,99
Imperial,CA,6025,06025,105
Inyo,CA,6027,06027,102
Kern,CA,6029,06029,105
Kings,CA,6031,06031,123
Lake,CA,6033,06033,99
Lassen,CA,6035,06035,194
Los Angeles,CA,6037,06037,97
Madera,CA,6039,06039,93
Marin,CA,6041,06041,95
Mariposa,CA,6043,06043,104
Mendocino,CA,6045,06045,98
Merced,CA,6047,06047,102
Modoc,CA,6049,06049,108
Mono,CA,6051,06051,114
Monterey,CA,6053,06053,104
Napa,CA,6055,06055,99
Nevada,CA,6057,06057,97
Orange,CA,6059,06059,97
Placer,CA,6061,06061,95
Plumas,CA,6063,06063,99
Riverside,CA,6065,06065,99
Sacramento,CA,6067,06067,96
San Benito,CA,6069,06069,100
San Bernardino,CA,6071,06071,99
San Diego,CA,6073,06073,101
San Francisco,CA,6075,06075,104
San Joaquin,CA,6077,06077,99
San Luis Obispo,CA,6079,06079,103
San Mateo,CA,6081,06081,98
Santa Barbara,CA,6083,06083,100
Santa Clara,CA,6085,06085,102
Santa Cruz,CA,6087,06087,98
Shasta,CA,6089,06089,97
Sierra,CA,6091,06091,115
Siskiyou,CA,6093,06093,100
Solano,CA,6095,06095,99
Sonoma,CA,6097,06097,95
Stanislaus,CA,6099,06099,98
Sutter,CA,6101,06101,99
Tehama,CA,6103,06103,99
Trinity,CA,6105,06105,106
Tulare,CA,6107,06107,100
Tuolumne,CA,6109,06109,108
Ventura,CA,6111,06111,98
Yolo,CA,6113,06113,94
Yuba,CA,6115,06115,104
Adams,CO,8001,08001,102
Alamosa,CO,8003,08003,100
Arapahoe,CO,8005,08005,98
Archuleta,CO,8007,08007,101
Baca,CO,8009,08009,96
Bent,CO,8011,08011,182
Boulder,CO,8013,08013,101
Broomfield,CO,8014,08014,99
Chaffee,CO,8015,08015,116
Cheyenne,CO,8017,08017,100
Clear Creek,CO,8019,08019,101
Conejos,CO,8021,08021,101
Costilla,CO,8023,08023,113
Crowley,CO,8025,08025,174
Custer,CO,8027,08027,105
Delta,CO,8029,08029,102
Denver,CO,8031,08031,100
Dolores,CO,8033,08033,128
Douglas,CO,8035,08035,100
Eagle,CO,8037,08037,113
Elbert,CO,8039,08039,103
El Paso,CO,8041,08041,102
Fremont,CO,8043,08043,140
Garfield,CO,8045,08045,104
Gilpin,CO,8047,08047,103
Grand,CO,8049,08049,112
Gunnison,CO,8051,08051,118
Hinsdale,CO,8053,08053,82
Huerfano,CO,8055,08055,97
Jackson,CO,8057,08057,106
Jefferson,CO,8059,08059,99
Kiowa,CO,8061,08061,94
Kit Carson,CO,8063,08063,116
Lake,CO,8065,08065,125
La Plata,CO,8067,08067,101
Larimer,CO,8069,08069,100
Las Animas,CO,8071,08071,110
Lincoln,CO,8073,08073,176
Logan,CO,8075,08075,117
Mesa,CO,8077,08077,97
Mineral,CO,8079,08079,105
Moffat,CO,8081,08081,107
Montezuma,CO,8083,08083,98
Montrose,CO,8085,08085,97
Morgan,CO,8087,08087,101
Otero,CO,8089,08089,95
Ouray,CO,8091,08091,103
Park,CO,8093,08093,114
Phillips,CO,8095,08095,108
Pitkin,CO,8097,08097,109
Prowers,CO,8099,08099,104
Pueblo,CO,8101,08101,97
Rio Blanco,CO,8103,08103,104
Rio Grande,CO,8105,08105,99
Routt,CO,8107,08107,108
Saguache,CO,8109,08109,99
San Juan,CO,8111,08111,98
San Miguel,CO,8113,08113,111
Sedgwick,CO,8115,08115,91
Summit,CO,8117,08117,120
Teller,CO,8119,08119,104
Washington,CO,8121,08121,110
Weld,CO,8123,08123,102
Yuma,CO,8125,08125,99
Fairfield,CT,9001,09001,95
Hartford,CT,9003,09003,94
Litchfield,CT,9005,09005,98
Middlesex,CT,9007,09007,95
New Haven,CT,9009,09009,93
New London,CT,9011,09011,101
Tolland,CT,9013,09013,100
Windham,CT,9015,09015,98
Kent,DE,10001,10001,93
New Castle,DE,10003,10003,94
Sussex,DE,10005,10005,94
District of Columbia,DC,11001,11001,90
Alachua,FL,12001,12001,93
Baker,FL,12003,12003,109
Bay,FL,12005,12005,99
Bradford,FL,12007,12007,122
Brevard,FL,12009,12009,96
Broward,FL,12011,12011,95
Calhoun,FL,12013,12013,123
Charlotte,FL,12015,12015,96
Citrus,FL,12017,12017,94
Clay,FL,12019,12019,97
Collier,FL,12021,12021,97
Columbia,FL,12023,12023,107
DeSoto,FL,12027,12027,130
Dixie,FL,12029,12029,127
Duval,FL,12031,12031,94
Escambia,FL,12033,12033,98
Flagler,FL,12035,12035,91
Franklin,FL,12037,12037,133
Gadsden,FL,12039,12039,90
Gilchrist,FL,12041,12041,110
Glades,FL,12043,12043,125
Gulf,FL,12045,12045,141
Hamilton,FL,12047,12047,142
Hardee,FL,12049,12049,118
Hendry,FL,12051,12051,113
Hernando,FL,12053,12053,92
Highlands,FL,12055,12055,95
Hillsborough,FL,12057,12057,96
Holmes,FL,12059,12059,119
Indian River,FL,12061,12061,92
Jackson,FL,12063,12063,122
Jefferson,FL,12065,12065,110
Lafayette,FL,12067,12067,146
Lake,FL,12069,12069,94
Lee,FL,12071,12071,96
Leon,FL,12073,12073,90
Levy,FL,12075,12075,95
Liberty,FL,12077,12077,147
Madison,FL,12079,12079,115
Manatee,FL,12081,12081,94
Marion,FL,12083,12083,92
Martin,FL,12085,12085,98
Miami-Dade,FL,12086,12086,94
Monroe,FL,12087,12087,109
Nassau,FL,12089,12089,98
Okaloosa,FL,12091,12091,103
Okeechobee,FL,12093,12093,117
Orange,FL,12095,12095,96
Osceola,FL,12097,12097,97
Palm Beach,FL,12099,12099,94
Pasco,FL,12101,12101,95
Pinellas,FL,12103,12103,92
Polk,FL,12105,12105,96
Putnam,FL,12107,12107,98
St. Johns,FL,12109,12109,95
St. Lucie,FL,12111,12111,95
Santa Rosa,FL,12113,12113,105
Sarasota,FL,12115,12115,91
Seminole,FL,12117,12117,94
Sumter,FL,12119,12119,100
Suwannee,FL,12121,12121,106
Taylor,FL,12123,12123,127
Union,FL,12125,12125,187
Volusia,FL,12127,12127,95
Wakulla,FL,12129,12129,119
Walton,FL,12131,12131,102
Washington,FL,12133,12133,118
Appling,GA,13001,13001,102
Atkinson,GA,13003,13003,103
Bacon,GA,13005,13005,96
Baker,GA,13007,13007,96
Baldwin,GA,13009,13009,102
Banks,GA,13011,13011,101
Barrow,GA,13013,13013,96
Bartow,GA,13015,13015,98
Ben Hill,GA,13017,13017,92
Berrien,GA,13019,13019,96
Bibb,GA,13021,13021,88
Bleckley,GA,13023,13023,90
Brantley,GA,13025,13025,96
Brooks,GA,13027,13027,95
Bryan,GA,13029,13029,99
Bulloch,GA,13031,13031,96
Burke,GA,13033,13033,91
Butts,GA,13035,13035,114
Calhoun,GA,13037,13037,157
Camden,GA,13039,13039,107
Candler,GA,13043,13043,98
Carroll,GA,13045,13045,95
Catoosa,GA,13047,13047,92
Charlton,GA,13049,13049,133
Chatham,GA,13051,13051,93
Chattahoochee,GA,13053,13053,187
Chattooga,GA,13055,13055,108
Cherokee,GA,13057,13057,97
Clarke,GA,13059,13059,91
Clay,GA,13061,13061,94
Clayton,GA,13063,13063,88
Clinch,GA,13065,13065,102
Cobb,GA,13067,13067,94
Coffee,GA,13069,13069,106
Colquitt,GA,13071,13071,98
Columbia,GA,13073,13073,96
Cook,GA,13075,13075,92
Coweta,GA,13077,13077,95
Crawford,GA,13079,13079,111
Crisp,GA,13081,13081,93
Dade,GA,13083,13083,96
Dawson,GA,13085,13085,99
Decatur,GA,13087,13087,93
DeKalb,GA,13089,13089,90
Dodge,GA,13091,13091,111
Dooly,GA,13093,13093,118
Dougherty,GA,13095,13095,86
Douglas,GA,13097,13097,91
Early,GA,13099,13099,87
Echols,GA,13101,13101,90
Effingham,GA,13103,13103,98
Elbert,GA,13105,13105,92
Emanuel,GA,13107,13107,96
Evans,GA,13109,13109,98
Fannin,GA,13111,13111,94
Fayette,GA,13113,13113,94
Floyd,GA,13115,13115,94
Forsyth,GA,13117,13117,99
Franklin,GA,13119,13119,95
Fulton,GA,13121,13121,94
Gilmer,GA,13123,13123,100
Glascock,GA,13125,13125,95
Glynn,GA,13127,13127,89
Gordon,GA,13129,13129,98
Grady,GA,13131,13131,95
Greene,GA,13133,13133,97
Gwinnett,GA,13135,13135,96
Habersham,GA,13137,13137,90
Hall,GA,13139,13139,99
Hancock,GA,13141,13141,130
Haralson,GA,13143,13143,94
Harris,GA,13145,13145,101
Hart,GA,13147,13147,97
Heard,GA,13149,13149,98
Henry,GA,13151,13151,91
Houston,GA,13153,13153,94
Irwin,GA,13155,13155,111
Jackson,GA,13157,13157,98
Jasper,GA,13159,13159,94
Jeff Davis,GA,13161,13161,96
Jefferson,GA,13163,13163,93
Jenkins,GA,13165,13165,87
Johnson,GA,13167,13167,132
Jones,GA,13169,13169,92
Lamar,GA,13171,13171,95
Lanier,GA,13173,13173,94
Laurens,GA,13175,13175,90
Lee,GA,13177,13177,100
Liberty,GA,13179,13179,103
Lincoln,GA,13181,13181,88
Long,GA,13183,13183,102
Lowndes,GA,13185,13185,95
Lumpkin,GA,13187,13187,94
McDuffie,GA,13189,13189,85
McIntosh,GA,13191,13191,101
Macon,GA,13193,13193,120
Madison,GA,13195,13195,96
Marion,GA,13197,13197,92
Meriwether,GA,13199,13199,94
Miller,GA,13201,13201,94
Mitchell,GA,13205,13205,108
Monroe,GA,13207,13207,100
Montgomery,GA,13209,13209,105
Morgan,GA,13211,13211,96
Murray,GA,13213,13213,98
Muscogee,GA,13215,13215,95
Newton,GA,13217,13217,90
Oconee,GA,13219,13219,97
Oglethorpe,GA,13221,13221,103
Paulding,GA,13223,13223,95
Peach,GA,13225,13225,95
Pickens,GA,13227,13227,98
Pierce,GA,13229,13229,102
Pike,GA,13231,13231,96
Polk,GA,13233,13233,97
Pulaski,GA,13235,13235,86
Putnam,GA,13237,13237,94
Quitman,GA,13239,13239,90
Rabun,GA,13241,13241,98
Randolph,GA,13243,13243,94
Richmond,GA,13245,13245,94
Rockdale,GA,13247,13247,89
Schley,GA,13249,13249,97
Screven,GA,13251,13251,95
Seminole,GA,13253,13253,90
Spalding,GA,13255,13255,94
Stephens,GA,13257,13257,87
Stewart,GA,13259,13259,199
Sumter,GA,13261,13261,89
Talbot,GA,13263,13263,93
Taliaferro,GA,13265,13265,97
Tattnall,GA,13267,13267,143
Taylor,GA,13269,13269,91
Telfair,GA,13271,13271,136
Terrell,GA,13273,13273,91
Thomas,GA,13275,13275,91
Tift,GA,13277,13277,94
Toombs,GA,13279,13279,86
Towns,GA,13281,13281,89
Treutlen,GA,13283,13283,106
Troup,GA,13285,13285,91
Turner,GA,13287,13287,92
Twiggs,GA,13289,13289,96
Union,GA,13291,13291,95
Upson,GA,13293,13293,91
Walker,GA,13295,13295,98
Walton,GA,13297,13297,94
Ware,GA,13299,13299,101
Warren,GA,13301,13301,87
Washington,GA,13303,13303,105
Wayne,GA,13305,13305,101
Webster,GA,13307,13307,95
Wheeler,GA,13309,13309,172
White,GA,13311,13311,95
Whitfield,GA,13313,13313,98
Wilcox,GA,13315,13315,149
Wilkes,GA,13317,13317,94
Wilkinson,GA,13319,13319,90
Worth,GA,13321,13321,93
Hawaii,HI,15001,15001,99
Honolulu,HI,15003,15003,101
Kalawao,HI,15005,15005,83
Kauai,HI,15007,15007,98
Maui,HI,15009,15009,99
Ada,ID,16001,16001,100
Adams,ID,16003,16003,106
Bannock,ID,16005,16005,99
Bear Lake,ID,16007,16007,97
Benewah,ID,16009,16009,102
Bingham,ID,16011,16011,100
Blaine,ID,16013,16013,106
Boise,ID,16015,16015,105
Bonner,ID,16017,16017,100
Bonneville,ID,16019,16019,100
Boundary,ID,16021,16021,100
Butte,ID,16023,16023,111
Camas,ID,16025,16025,90
Canyon,ID,16027,16027,98
Caribou,ID,16029,16029,106
Cassia,ID,16031,16031,103
Clark,ID,16033,16033,111
Clearwater,ID,16035,16035,126
Custer,ID,16037,16037,106
Elmore,ID,16039,16039,111
Franklin,ID,16041,16041,106
Fremont,ID,16043,16043,108
Gem,ID,16045,16045,99
Gooding,ID,16047,16047,105
Idaho,ID,16049,16049,111
Jefferson,ID,16051,16051,104
Jerome,ID,16053,16053,102
Kootenai,ID,16055,16055,98
Latah,ID,16057,16057,105
Lemhi,ID,16059,16059,103
Lewis,ID,16061,16061,98
Lincoln,ID,16063,16063,110
Madison,ID,16065,16065,103
Minidoka,ID,16067,16067,100
Nez Perce,ID,16069,16069,97
Oneida,ID,16071,16071,96
Owyhee,ID,16073,16073,106
Payette,ID,16075,16075,99
Power,ID,16077,16077,102
Shoshone,ID,16079,16079,100
Teton,ID,16081,16081,109
Twin Falls,ID,16083,16083,97
Valley,ID,16085,16085,102
Washington,ID,16087,16087,96
Adams,IL,17001,17001,95
Alexander,IL,17003,17003,91
Bond,IL,17005,17005,107
Boone,IL,17007,17007,100
Brown,IL,17009,17009,172
Bureau,IL,17011,17011,97
Calhoun,IL,17013,17013,100
Carroll,IL,17015,17015,98
Cass,IL,17017,17017,100
Champaign,IL,17019,17019,99
Christian,IL,17021,17021,102
Clark,IL,17023,17023,97
Clay,IL,17025,17025,100
Clinton,IL,17027,17027,109
Coles,IL,17029,17029,94
Cook,IL,17031,17031,94
Crawford,IL,17033,17033,109
Cumberland,IL,17035,17035,102
DeKalb,IL,17037,17037,98
De Witt,IL,17039,17039,100
Douglas,IL,17041,17041,98
DuPage,IL,17043,17043,96
Edgar,IL,17045,17045,96
Edwards,IL,17047,17047,99
Effingham,IL,17049,17049,99
Fayette,IL,17051,17051,114
Ford,IL,17053,17053,97
Franklin,IL,17055,17055,97
Fulton,IL,17057,17057,109
Gallatin,IL,17059,17059,95
Greene,IL,17061,17061,101
Grundy,IL,17063,17063,100
Hamilton,IL,17065,17065,99
Hancock,IL,17067,17067,100
Hardin,IL,17069,17069,100
Henderson,IL,17071,17071,97
Henry,IL,17073,17073,99
Iroquois,IL,17075,17075,95
Jackson,IL,17077,17077,98
Jasper,IL,17079,17079,99
Jefferson,IL,17081,17081,105
Jersey,IL,17083,17083,96
Jo Daviess,IL,17085,17085,101
Johnson,IL,17087,17087,125
Kane,IL,17089,17089,99
Kankakee,IL,17091,17091,97
Kendall,IL,17093,17093,97
Knox,IL,17095,17095,103
Lake,IL,17097,17097,100
LaSalle,IL,17099,17099,101
Lawrence,IL,17101,17101,118
Lee,IL,17103,17103,114
Livingston,IL,17105,17105,105
Logan,IL,17107,17107,97
McDonough,IL,17109,17109,95
McHenry,IL,17111,17111,99
McLean,IL,17113,17113,95
Macon,IL,17115,17115,92
Macoupin,IL,17117,17117,98
Madison,IL,17119,17119,95
Marion,IL,17121,17121,97
Marshall,IL,17123,17123,98
Mason,IL,17125,17125,97
Massac,IL,17127,17127,89
Menard,IL,17129,17129,96
Mercer,IL,17131,17131,100
Monroe,IL,17133,17133,97
Montgomery,IL,17135,17135,111
Morgan,IL,17137,17137,101
Moultrie,IL,17139,17139,97
Ogle,IL,17141,17141,98
Peoria,IL,17143,17143,94
Perry,IL,17145,17145,121
Piatt,IL,17147,17147,97
Pike,IL,17149,17149,98
Pope,IL,17151,17151,117
Pulaski,IL,17153,17153,97
Putnam,IL,17155,17155,107
Randolph,IL,17157,17157,124
Richland,IL,17159,17159,98
Rock Island,IL,17161,17161,97
St. Clair,IL,17163,17163,93
Saline,IL,17165,17165,97
Sangamon,IL,17167,17167,92
Schuyler,IL,17169,17169,110
Scott,IL,17171,17171,95
Shelby,IL,17173,17173,97
Stark,IL,17175,17175,98
Stephenson,IL,17177,17177,94
Tazewell,IL,17179,17179,97
Union,IL,17181,17181,101
Vermilion,IL,17183,17183,99
Wabash,IL,17185,17185,96
Warren,IL,17187,17187,91
Washington,IL,17189,17189,101
Wayne,IL,17191,17191,98
White,IL,17193,17193,96
Whiteside,IL,17195,17195,98
Will,IL,17197,17197,98
Williamson,IL,17199,17199,100
Winnebago,IL,17201,17201,95
Woodford,IL,17203,17203,100
Adams,IN,18001,18001,100
Allen,IN,18003,18003,96
Bartholomew,IN,18005,18005,100
Benton,IN,18007,18007,100
Blackford,IN,18009,18009,99
Boone,IN,18011,18011,98
Brown,IN,18013,18013,95
Carroll,IN,18015,18015,101
Cass,IN,18017,18017,101
Clark,IN,18019,18019,95
Clay,IN,18021,18021,97
Clinton,IN,18023,18023,99
Crawford,IN,18025,18025,103
Daviess,IN,18027,18027,102
Dearborn,IN,18029,18029,99
Decatur,IN,18031,18031,99
DeKalb,IN,18033,18033,100
Delaware,IN,18035,18035,93
Dubois,IN,18037,18037,99
Elkhart,IN,18039,18039,98
Fayette,IN,18041,18041,97
Floyd,IN,18043,18043,93
Fountain,IN,18045,18045,101
Franklin,IN,18047,18047,97
Fulton,IN,18049,18049,97
Gibson,IN,18051,18051,101
Grant,IN,18053,18053,91
Greene,IN,18055,18055,99
Hamilton,IN,18057,18057,95
Hancock,IN,18059,18059,97
Harrison,IN,18061,18061,99
Hendricks,IN,18063,18063,100
Henry,IN,18065,18065,111
Howard,IN,18067,18067,94
Huntington,IN,18069,18069,97
Jackson,IN,18071,18071,98
Jasper,IN,18073,18073,100
Jay,IN,18075,18075,101
Jefferson,IN,18077,18077,91
Jennings,IN,18079,18079,102
Johnson,IN,18081,18081,97
Knox,IN,18083,18083,103
Kosciusko,IN,18085,18085,100
LaGrange,IN,18087,18087,102
Lake,IN,18089,18089,94
LaPorte,IN,18091,18091,106
Lawrence,IN,18093,18093,97
Madison,IN,18095,18095,100
Marion,IN,18097,18097,93
Marshall,IN,18099,18099,100
Martin,IN,18101,18101,102
Miami,IN,18103,18103,113
Monroe,IN,18105,18105,99
Montgomery,IN,18107,18107,103
Morgan,IN,18109,18109,98
Newton,IN,18111,18111,100
Noble,IN,18113,18113,101
Ohio,IN,18115,18115,99
Orange,IN,18117,18117,101
Owen,IN,18119,18119,104
Parke,IN,18121,18121,93
Perry,IN,18123,18123,114
Pike,IN,18125,18125,100
Porter,IN,18127,18127,98
Posey,IN,18129,18129,99
Pulaski,IN,18131,18131,102
Putnam,IN,18133,18133,112
Randolph,IN,18135,18135,96
Ripley,IN,18137,18137,98
Rush,IN,18139,18139,95
St. Joseph,IN,18141,18141,95
Scott,IN,18143,18143,97
Shelby,IN,18145,18145,97
Spencer,IN,18147,18147,101
Starke,IN,18149,18149,99
Steuben,IN,18151,18151,104
Sullivan,IN,18153,18153,115
Switzerland,IN,18155,18155,107
Tippecanoe,IN,18157,18157,104
Tipton,IN,18159,18159,99
Union,IN,18161,18161,96
Vanderburgh,IN,18163,18163,94
Vermillion,IN,18165,18165,100
Vigo,IN,18167,18167,103
Wabash,IN,18169,18169,96
Warren,IN,18171,18171,100
Warrick,IN,18173,18173,97
Washington,IN,18175,18175,99
Wayne,IN,18177,18177,95
Wells,IN,18179,18179,96
White,IN,18181,18181,100
Whitley,IN,18183,18183,99
Adair,IA,19001,19001,98
Adams,IA,19003,19003,99
Allamakee,IA,19005,19005,102
Appanoose,IA,19007,19007,97
Audubon,IA,19009,19009,99
Benton,IA,19011,19011,100
Black Hawk,IA,19013,19013,97
Boone,IA,19015,19015,100
Bremer,IA,19017,19017,98
Buchanan,IA,19019,19019,98
Buena Vista,IA,19021,19021,99
Butler,IA,19023,19023,99
Calhoun,IA,19025,19025,108
Carroll,IA,19027,19027,97
Cass,IA,19029,19029,97
Cedar,IA,19031,19031,99
Cerro Gordo,IA,19033,19033,95
Cherokee,IA,19035,19035,102
Chickasaw,IA,19037,19037,103
Clarke,IA,19039,19039,96
Clay,IA,19041,19041,97
Clayton,IA,19043,19043,103
Clinton,IA,19045,19045,96
Crawford,IA,19047,19047,99
Dallas,IA,19049,19049,97
Davis,IA,19051,19051,97
Decatur,IA,19053,19053,101
Delaware,IA,19055,19055,101
Des Moines,IA,19057,19057,95
Dickinson,IA,19059,19059,99
Dubuque,IA,19061,19061,97
Emmet,IA,19063,19063,100
Fayette,IA,19065,19065,101
Floyd,IA,19067,19067,97
Franklin,IA,19069,19069,99
Fremont,IA,19071,19071,99
Greene,IA,19073,19073,97
Grundy,IA,19075,19075,98
Guthrie,IA,19077,19077,98
Hamilton,IA,19079,19079,97
Hancock,IA,19081,19081,101
Hardin,IA,19083,19083,100
Harrison,IA,19085,19085,100
Henry,IA,19087,19087,103
Howard,IA,19089,19089,100
Humboldt,IA,19091,19091,96
Ida,IA,19093,19093,100
Iowa,IA,19095,19095,98
Jackson,IA,19097,19097,100
Jasper,IA,19099,19099,104
Jefferson,IA,19101,19101,96
Johnson,IA,19103,19103,98
Jones,IA,19105,19105,107
Keokuk,IA,19107,19107,103
Kossuth,IA,19109,19109,101
Lee,IA,19111,19111,102
Linn,IA,19113,19113,97
Louisa,IA,19115,19115,105
Lucas,IA,19117,19117,101
Lyon,IA,19119,19119,104
Madison,IA,19121,19121,102
Mahaska,IA,19123,19123,101
Marion,IA,19125,19125,99
Marshall,IA,19127,19127,103
Mills,IA,19129,19129,100
Mitchell,IA,19131,19131,97
Monona,IA,19133,19133,92
Monroe,IA,19135,19135,99
Montgomery,IA,19137,19137,93
Muscatine,IA,19139,19139,99
O'Brien,IA,19141,19141,98
Osceola,IA,19143,19143,102
Page,IA,19145,19145,110
Palo Alto,IA,19147,19147,99
Plymouth,IA,19149,19149,96
Pocahontas,IA,19151,19151,95
Polk,IA,19153,19153,97
Pottawattamie,IA,19155,19155,97
Poweshiek,IA,19157,19157,93
Ringgold,IA,19159,19159,95
Sac,IA,19161,19161,98
Scott,IA,19163,19163,96
Shelby,IA,19165,19165,96
Sioux,IA,19167,19167,101
Story,IA,19169,19169,109
Tama,IA,19171,19171,98
Taylor,IA,19173,19173,103
Union,IA,19175,19175,94
Van Buren,IA,19177,19177,105
Wapello,IA,19179,19179,98
Warren,IA,19181,19181,96
Washington,IA,19183,19183,98
Wayne,IA,19185,19185,97
Webster,IA,19187,19187,107
Winnebago,IA,19189,19189,97
Winneshiek,IA,19191,19191,99
Woodbury,IA,19193,19193,98
Worth,IA,19195,19195,102
Wright,IA,19197,19197,102
Allen,KS,20001,20001,98
Anderson,KS,20003,20003,99
Atchison,KS,20005,20005,93
Barber,KS,20007,20007,104
Barton,KS,20009,20009,97
Bourbon,KS,20011,20011,97
Brown,KS,20013,20013,97
Butler,KS,20015,20015,103
Chase,KS,20017,20017,106
Chautauqua,KS,20019,20019,111
Cherokee,KS,20021,20021,99
Cheyenne,KS,20023,20023,99
Clark,KS,20025,20025,108
Clay,KS,20027,20027,100
Cloud,KS,20029,20029,99
Coffey,KS,20031,20031,104
Comanche,KS,20033,20033,114
Cowley,KS,20035,20035,102
Crawford,KS,20037,20037,100
Decatur,KS,20039,20039,99
Dickinson,KS,20041,20041,102
Doniphan,KS,20043,20043,104
Douglas,KS,20045,20045,98
Edwards,KS,20047,20047,99
Elk,KS,20049,20049,96
Ellis,KS,20051,20051,99
Ellsworth,KS,20053,20053,131
Finney,KS,20055,20055,106
Ford,KS,20057,20057,108
Franklin,KS,20059,20059,96
Geary,KS,20061,20061,115
Gove,KS,20063,20063,101
Graham,KS,20065,20065,100
Grant,KS,20067,20067,109
Gray,KS,20069,20069,101
Greeley,KS,20071,20071,101
Greenwood,KS,20073,20073,102
Hamilton,KS,20075,20075,120
Harper,KS,20077,20077,104
Harvey,KS,20079,20079,99
Haskell,KS,20081,20081,101
Hodgeman,KS,20083,20083,104
Jackson,KS,20085,20085,100
Jefferson,KS,20087,20087,102
Jewell,KS,20089,20089,104
Johnson,KS,20091,20091,96
Kearny,KS,20093,20093,91
Kingman,KS,20095,20095,100
Kiowa,KS,20097,20097,94
Labette,KS,20099,20099,97
Lane,KS,20101,20101,104
Leavenworth,KS,20103,20103,116
Lincoln,KS,20105,20105,105
Linn,KS,20107,20107,100
Logan,KS,20109,20109,101
Lyon,KS,20111,20111,94
McPherson,KS,20113,20113,97
Marion,KS,20115,20115,100
Marshall,KS,20117,20117,101
Meade,KS,20119,20119,100
Miami,KS,20121,20121,99
Mitchell,KS,20123,20123,103
Montgomery,KS,20125,20125,99
Morris,KS,20127,20127,99
Morton,KS,20129,20129,100
Nemaha,KS,20131,20131,103
Neosho,KS,20133,20133,98
Ness,KS,20135,20135,105
Norton,KS,20137,20137,124
Osage,KS,20139,20139,100
Osborne,KS,20141,20141,100
Ottawa,KS,20143,20143,106
Pawnee,KS,20145,20145,124
Phillips,KS,20147,20147,97
Pottawatomie,KS,20149,20149,100
Pratt,KS,20151,20151,100
Rawlins,KS,20153,20153,104
Reno,KS,20155,20155,101
Republic,KS,20157,20157,93
Rice,KS,20159,20159,101
Riley,KS,20161,20161,113
Rooks,KS,20163,20163,92
Rush,KS,20165,20165,99
Russell,KS,20167,20167,99
Saline,KS,20169,20169,99
Scott,KS,20171,20171,108
Sedgwick,KS,20173,20173,98
Seward,KS,20175,20175,104
Shawnee,KS,20177,20177,94
Sheridan,KS,20179,20179,105
Sherman,KS,20181,20181,108
Smith,KS,20183,20183,98
Stafford,KS,20185,20185,103
Stanton,KS,20187,20187,97
Stevens,KS,20189,20189,103
Sumner,KS,20191,20191,100
Thomas,KS,20193,20193,93
Trego,KS,20195,20195,100
Wabaunsee,KS,20197,20197,103
Wallace,KS,20199,20199,95
Washington,KS,20201,20201,105
Wichita,KS,20203,20203,88
Wilson,KS,20205,20205,96
Woodson,KS,20207,20207,104
Wyandotte,KS,20209,20209,99
Adair,KY,21001,21001,99
Allen,KY,21003,21003,100
Anderson,KY,21005,21005,96
Ballard,KY,21007,21007,98
Barren,KY,21009,21009,93
Bath,KY,21011,21011,99
Bell,KY,21013,21013,97
Boone,KY,21015,21015,99
Bourbon,KY,21017,21017,92
Boyd,KY,21019,21019,100
Boyle,KY,21021,21021,100
Bracken,KY,21023,21023,102
Breathitt,KY,21025,21025,101
Breckinridge,KY,21027,21027,102
Bullitt,KY,21029,21029,100
Butler,KY,21031,21031,101
Caldwell,KY,21033,21033,97
Calloway,KY,21035,21035,94
Campbell,KY,21037,21037,96
Carlisle,KY,21039,21039,96
Carroll,KY,21041,21041,105
Carter,KY,21043,21043,97
Casey,KY,21045,21045,95
Christian,KY,21047,21047,114
Clark,KY,21049,21049,95
Clay,KY,21051,21051,110
Clinton,KY,21053,21053,100
Crittenden,KY,21055,21055,104
Cumberland,KY,21057,21057,94
Daviess,KY,21059,21059,96
Edmonson,KY,21061,21061,102
Elliott,KY,21063,21063,132
Estill,KY,21065,21065,97
Fayette,KY,21067,21067,96
Fleming,KY,21069,21069,97
Floyd,KY,21071,21071,96
Franklin,KY,21073,21073,94
Fulton,KY,21075,21075,101
Gallatin,KY,21077,21077,106
Garrard,KY,21079,21079,95
Grant,KY,21081,21081,98
Graves,KY,21083,21083,97
Grayson,KY,21085,21085,99
Green,KY,21087,21087,96
Greenup,KY,21089,21089,96
Hancock,KY,21091,21091,108
Hardin,KY,21093,21093,99
Harlan,KY,21095,21095,93
Harrison,KY,21097,21097,97
Hart,KY,21099,21099,97
Henderson,KY,21101,21101,93
Henry,KY,21103,21103,99
Hickman,KY,21105,21105,90
Hopkins,KY,21107,21107,95
Jackson,KY,21109,21109,98
Jefferson,KY,21111,21111,94
Jessamine,KY,21113,21113,94
Johnson,KY,21115,21115,97
Kenton,KY,21117,21117,98
Knott,KY,21119,21119,97
Knox,KY,21121,21121,95
Larue,KY,21123,21123,97
Laurel,KY,21125,21125,96
Lawrence,KY,21127,21127,98
Lee,KY,21129,21129,111
Leslie,KY,21131,21131,96
Letcher,KY,21133,21133,95
Lewis,KY,21135,21135,100
Lincoln,KY,21137,21137,96
Livingston,KY,21139,21139,98
Logan,KY,21141,21141,95
Lyon,KY,21143,21143,111
McCracken,KY,21145,21145,92
McCreary,KY,21147,21147,120
McLean,KY,21149,21149,97
Madison,KY,21151,21151,95
Magoffin,KY,21153,21153,100
Marion,KY,21155,21155,103
Marshall,KY,21157,21157,95
Martin,KY,21159,21159,123
Mason,KY,21161,21161,98
Meade,KY,21163,21163,102
Menifee,KY,21165,21165,113
Mercer,KY,21167,21167,97
Metcalfe,KY,21169,21169,99
Monroe,KY,21171,21171,101
Montgomery,KY,21173,21173,97
Morgan,KY,21175,21175,129
Muhlenberg,KY,21177,21177,97
Nelson,KY,21179,21179,100
Nicholas,KY,21181,21181,93
Ohio,KY,21183,21183,97
Oldham,KY,21185,21185,110
Owen,KY,21187,21187,99
Owsley,KY,21189,21189,83
Pendleton,KY,21191,21191,104
Perry,KY,21193,21193,98
Pike,KY,21195,21195,94
Powell,KY,21197,21197,96
Pulaski,KY,21199,21199,95
Robertson,KY,21201,21201,86
Rockcastle,KY,21203,21203,94
Rowan,KY,21205,21205,93
Russell,KY,21207,21207,95
Scott,KY,21209,21209,97
Shelby,KY,21211,21211,94
Simpson,KY,21213,21213,97
Spencer,KY,21215,21215,102
Taylor,KY,21217,21217,96
Todd,KY,21219,21219,98
Trigg,KY,21221,21221,99
Trimble,KY,21223,21223,97
Union,KY,21225,21225,109
Warren,KY,21227,21227,96
Washington,KY,21229,21229,96
Wayne,KY,21231,21231,99
Webster,KY,21233,21233,98
Whitley,KY,21235,21235,96
Wolfe,KY,21237,21237,100
Woodford,KY,21239,21239,90
Acadia,LA,22001,22001,95
Allen,LA,22003,22003,131
Ascension,LA,22005,22005,98
Assumption,LA,22007,22007,94
Avoyelles,LA,22009,22009,102
Beauregard,LA,22011,22011,103
Bienville,LA,22013,22013,89
Bossier,LA,22015,22015,97
Caddo,LA,22017,22017,90
Calcasieu,LA,22019,22019,95
Caldwell,LA,22021,22021,110
Cameron,LA,22023,22023,94
Catahoula,LA,22025,22025,111
Claiborne,LA,22027,22027,133
Concordia,LA,22029,22029,103
De Soto,LA,22031,22031,95
East Baton Rouge,LA,22033,22033,92
East Carroll,LA,22035,22035,155
East Feliciana,LA,22037,22037,126
Evangeline,LA,22039,22039,105
Franklin,LA,22041,22041,96
Grant,LA,22043,22043,130
Iberia,LA,22045,22045,96
Iberville,LA,22047,22047,102
Jackson,LA,22049,22049,103
Jefferson,LA,22051,22051,94
Jefferson Davis,LA,22053,22053,98
Lafayette,LA,22055,22055,95
Lafourche,LA,22057,22057,97
La Salle,LA,22059,22059,109
Lincoln,LA,22061,22061,95
Livingston,LA,22063,22063,96
Madison,LA,22065,22065,99
Morehouse,LA,22067,22067,93
Natchitoches,LA,22069,22069,92
Orleans,LA,22071,22071,90
Ouachita,LA,22073,22073,92
Plaquemines,LA,22075,22075,101
Pointe Coupee,LA,22077,22077,92
Rapides,LA,22079,22079,94
Red River,LA,22081,22081,89
Richland,LA,22083,22083,95
Sabine,LA,22085,22085,98
St. Bernard,LA,22087,22087,96
St. Charles,LA,22089,22089,100
St. Helena,LA,22091,22091,94
St. James,LA,22093,22093,90
St. John the Baptist,LA,22095,22095,96
St. Landry,LA,22097,22097,93
St. Martin,LA,22099,22099,97
St. Mary,LA,22101,22101,98
St. Tammany,LA,22103,22103,94
Tangipahoa,LA,22105,22105,94
Tensas,LA,22107,22107,97
Terrebonne,LA,22109,22109,98
Union,LA,22111,22111,100
Vermilion,LA,22113,22113,94
Vernon,LA,22115,22115,112
Washington,LA,22117,22117,98
Webster,LA,22119,22119,96
West Baton Rouge,LA,22121,22121,95
West Carroll,LA,22123,22123,103
West Feliciana,LA,22125,22125,178
Winn,LA,22127,22127,114
Androscoggin,ME,23001,23001,96
Aroostook,ME,23003,23003,98
Cumberland,ME,23005,23005,94
Franklin,ME,23007,23007,96
Hancock,ME,23009,23009,93
Kennebec,ME,23011,23011,95
Knox,ME,23013,23013,99
Lincoln,ME,23015,23015,96
Oxford,ME,23017,23017,98
Penobscot,ME,23019,23019,98
Piscataquis,ME,23021,23021,100
Sagadahoc,ME,23023,23023,96
Somerset,ME,23025,23025,98
Waldo,ME,23027,23027,96
Washington,ME,23029,23029,97
York,ME,23031,23031,95
Allegany,MD,24001,24001,109
Anne Arundel,MD,24003,24003,98
Baltimore,MD,24005,24005,90
Calvert,MD,24009,24009,99
Caroline,MD,24011,24011,96
Carroll,MD,24013,24013,98
Cecil,MD,24015,24015,99
Charles,MD,24017,24017,93
Dorchester,MD,24019,24019,89
Frederick,MD,24021,24021,97
Garrett,MD,24023,24023,98
Harford,MD,24025,24025,96
Howard,MD,24027,24027,96
Kent,MD,24029,24029,91
Montgomery,MD,24031,24031,93
Prince George's,MD,24033,24033,93
Queen Anne's,MD,24035,24035,99
St. Mary's,MD,24037,24037,100
Somerset,MD,24039,24039,118
Talbot,MD,24041,24041,90
Washington,MD,24043,24043,103
Wicomico,MD,24045,24045,90
Worcester,MD,24047,24047,96
Baltimore City,MD,24510,24510,89
Barnstable,MA,25001,25001,92
Berkshire,MA,25003,25003,94
Bristol,MA,25005,25005,94
Dukes,MA,25007,25007,97
Essex,MA,25009,25009,93
Franklin,MA,25011,25011,95
Hampden,MA,25013,25013,93
Hampshire,MA,25015,25015,88
Middlesex,MA,25017,25017,96
Nantucket,MA,25019,25019,105
Norfolk,MA,25021,25021,93
Plymouth,MA,25023,25023,94
Suffolk,MA,25025,25025,93
Worcester,MA,25027,25027,97
Alcona,MI,26001,26001,102
Alger,MI,26003,26003,125
Allegan,MI,26005,26005,100
Alpena,MI,26007,26007,97
Antrim,MI,26009,26009,100
Arenac,MI,26011,26011,103
Baraga,MI,26013,26013,124
Barry,MI,26015,26015,101
Bay,MI,26017,26017,97
Benzie,MI,26019,26019,99
Berrien,MI,26021,26021,96
Branch,MI,26023,26023,107
Calhoun,MI,26025,26025,96
Cass,MI,26027,26027,101
Charlevoix,MI,26029,26029,98
Cheboygan,MI,26031,26031,100
Chippewa,MI,26033,26033,120
Clare,MI,26035,26035,99
Clinton,MI,26037,26037,98
Crawford,MI,26039,26039,103
Delta,MI,26041,26041,99
Dickinson,MI,26043,26043,101
Eaton,MI,26045,26045,96
Emmet,MI,26047,26047,98
Genesee,MI,26049,26049,93
Gladwin,MI,26051,26051,102
Gogebic,MI,26053,26053,114
Grand Traverse,MI,26055,26055,97
Gratiot,MI,26057,26057,115
Hillsdale,MI,26059,26059,100
Houghton,MI,26061,26061,118
Huron,MI,26063,26063,98
Ingham,MI,26065,26065,95
Ionia,MI,26067,26067,114
Iosco,MI,26069,26069,99
Iron,MI,26071,26071,99
Isabella,MI,26073,26073,94
Jackson,MI,26075,26075,104
Kalamazoo,MI,26077,26077,96
Kalkaska,MI,26079,26079,103
Kent,MI,26081,26081,97
Keweenaw,MI,26083,26083,107
Lake,MI,26085,26085,104
Lapeer,MI,26087,26087,104
Leelanau,MI,26089,26089,98
Lenawee,MI,26091,26091,102
Livingston,MI,26093,26093,101
Luce,MI,26095,26095,145
Mackinac,MI,26097,26097,104
Macomb,MI,26099,26099,95
Manistee,MI,26101,26101,108
Marquette,MI,26103,26103,102
Mason,MI,26105,26105,98
Mecosta,MI,26107,26107,102
Menominee,MI,26109,26109,103
Midland,MI,26111,26111,97
Missaukee,MI,26113,26113,104
Monroe,MI,26115,26115,97
Montcalm,MI,26117,26117,106
Montmorency,MI,26119,26119,102
Muskegon,MI,26121,26121,99
Newaygo,MI,26123,26123,101
Oakland,MI,26125,26125,96
Oceana,MI,26127,26127,103
Ogemaw,MI,26129,26129,102
Ontonagon,MI,26131,26131,105
Osceola,MI,26133,26133,103
Oscoda,MI,26135,26135,104
Otsego,MI,26137,26137,99
Ottawa,MI,26139,26139,98
Presque Isle,MI,26141,26141,99
Roscommon,MI,26143,26143,99
Saginaw,MI,26145,26145,94
St. Clair,MI,26147,26147,99
St. Joseph,MI,26149,26149,100
Sanilac,MI,26151,26151,99
Schoolcraft,MI,26153,26153,95
Shiawassee,MI,26155,26155,98
Tuscola,MI,26157,26157,101
Van Buren,MI,26159,26159,99
Washtenaw,MI,26161,26161,98
Wayne,MI,26163,26163,93
Wexford,MI,26165,26165,100
Aitkin,MN,27001,27001,103
Anoka,MN,27003,27003,100
Becker,MN,27005,27005,99
Beltrami,MN,27007,27007,99
Benton,MN,27009,27009,101
Big Stone,MN,27011,27011,99
Blue Earth,MN,27013,27013,100
Brown,MN,27015,27015,100
Carlton,MN,27017,27017,110
Carver,MN,27019,27019,99
Cass,MN,27021,27021,105
Chippewa,MN,27023,27023,98
Chisago,MN,27025,27025,108
Clay,MN,27027,27027,98
Clearwater,MN,27029,27029,105
Cook,MN,27031,27031,98
Cottonwood,MN,27033,27033,100
Crow Wing,MN,27035,27035,99
Dakota,MN,27037,27037,97
Dodge,MN,27039,27039,101
Douglas,MN,27041,27041,100
Faribault,MN,27043,27043,101
Fillmore,MN,27045,27045,101
Freeborn,MN,27047,27047,99
Goodhue,MN,27049,27049,99
Grant,MN,27051,27051,102
Hennepin,MN,27053,27053,98
Houston,MN,27055,27055,101
Hubbard,MN,27057,27057,102
Isanti,MN,27059,27059,103
Itasca,MN,27061,27061,103
Jackson,MN,27063,27063,105
Kanabec,MN,27065,27065,102
Kandiyohi,MN,27067,27067,101
Kittson,MN,27069,27069,101
Koochiching,MN,27071,27071,99
Lac qui Parle,MN,27073,27073,101
Lake,MN,27075,27075,106
Lake of the Woods,MN,27077,27077,114
Le Sueur,MN,27079,27079,100
Lincoln,MN,27081,27081,102
Lyon,MN,27083,27083,99
McLeod,MN,27085,27085,100
Mahnomen,MN,27087,27087,103
Marshall,MN,27089,27089,102
Martin,MN,27091,27091,101
Meeker,MN,27093,27093,104
Mille Lacs,MN,27095,27095,101
Morrison,MN,27097,27097,102
Mower,MN,27099,27099,102
Murray,MN,27101,27101,100
Nicollet,MN,27103,27103,100
Nobles,MN,27105,27105,107
Norman,MN,27107,27107,104
Olmsted,MN,27109,27109,96
Otter Tail,MN,27111,27111,102
Pennington,MN,27113,27113,99
Pine,MN,27115,27115,115
Pipestone,MN,27117,27117,95
Polk,MN,27119,27119,104
Pope,MN,27121,27121,102
Ramsey,MN,27123,27123,95
Red Lake,MN,27125,27125,103
Redwood,MN,27127,27127,102
Renville,MN,27129,27129,104
Rice,MN,27131,27131,104
Rock,MN,27133,27133,96
Roseau,MN,27135,27135,106
St. Louis,MN,27137,27137,100
Scott,MN,27139,27139,99
Sherburne,MN,27141,27141,104
Sibley,MN,27143,27143,104
Stearns,MN,27145,27145,101
Steele,MN,27147,27147,98
Stevens,MN,27149,27149,101
Swift,MN,27151,27151,100
Todd,MN,27153,27153,106
Traverse,MN,27155,27155,99
Wabasha,MN,27157,27157,102
Wadena,MN,27159,27159,97
Waseca,MN,27161,27161,93
Washington,MN,27163,27163,98
Watonwan,MN,27165,27165,101
Wilkin,MN,27167,27167,107
Winona,MN,27169,27169,98
Wright,MN,27171,27171,102
Yellow Medicine,MN,27173,27173,103
Adams,MS,28001,28001,107
Alcorn,MS,28003,28003,97
Amite,MS,28005,28005,94
Attala,MS,28007,28007,90
Benton,MS,28009,28009,97
Bolivar,MS,28011,28011,89
Calhoun,MS,28013,28013,91
Carroll,MS,28015,28015,102
Chickasaw,MS,28017,28017,93
Choctaw,MS,28019,28019,101
Claiborne,MS,28021,28021,88
Clarke,MS,28023,28023,88
Clay,MS,28025,28025,87
Coahoma,MS,28027,28027,86
Copiah,MS,28029,28029,91
Covington,MS,28031,28031,95
DeSoto,MS,28033,28033,93
Forrest,MS,28035,28035,90
Franklin,MS,28037,28037,92
George,MS,28039,28039,101
Greene,MS,28041,28041,149
Grenada,MS,28043,28043,91
Hancock,MS,28045,28045,96
Harrison,MS,28047,28047,96
Hinds,MS,28049,28049,87
Holmes,MS,28051,28051,92
Humphreys,MS,28053,28053,92
Issaquena,MS,28055,28055,162
Itawamba,MS,28057,28057,102
Jackson,MS,28059,28059,97
Jasper,MS,28061,28061,95
Jefferson,MS,28063,28063,96
Jefferson Davis,MS,28065,28065,92
Jones,MS,28067,28067,95
Kemper,MS,28069,28069,104
Lafayette,MS,28071,28071,93
Lamar,MS,28073,28073,91
Lauderdale,MS,28075,28075,95
Lawrence,MS,28077,28077,95
Leake,MS,28079,28079,106
Lee,MS,28081,28081,91
Leflore,MS,28083,28083,87
Lincoln,MS,28085,28085,90
Lowndes,MS,28087,28087,91
Madison,MS,28089,28089,92
Marion,MS,28091,28091,94
Marshall,MS,28093,28093,97
Monroe,MS,28095,28095,91
Montgomery,MS,28097,28097,87
Neshoba,MS,28099,28099,91
Newton,MS,28101,28101,89
Noxubee,MS,28103,28103,87
Oktibbeha,MS,28105,28105,100
Panola,MS,28107,28107,93
Pearl River,MS,28109,28109,98
Perry,MS,28111,28111,95
Pike,MS,28113,28113,90
Pontotoc,MS,28115,28115,94
Prentiss,MS,28117,28117,93
Quitman,MS,28119,28119,88
Rankin,MS,28121,28121,93
Scott,MS,28123,28123,98
Sharkey,MS,28125,28125,86
Simpson,MS,28127,28127,94
Smith,MS,28129,28129,96
Stone,MS,28131,28131,101
Sunflower,MS,28133,28133,113
Tallahatchie,MS,28135,28135,124
Tate,MS,28137,28137,93
Tippah,MS,28139,28139,94
Tishomingo,MS,28141,28141,96
Tunica,MS,28143,28143,87
Union,MS,28145,28145,97
Walthall,MS,28147,28147,99
Warren,MS,28149,28149,91
Washington,MS,28151,28151,88
Wayne,MS,28153,28153,98
Webster,MS,28155,28155,95
Wilkinson,MS,28157,28157,122
Winston,MS,28159,28159,94
Yalobusha,MS,28161,28161,94
Yazoo,MS,28163,28163,139
Adair,MO,29001,29001,94
Andrew,MO,29003,29003,100
Atchison,MO,29005,29005,99
Audrain,MO,29007,29007,86
Barry,MO,29009,29009,100
Barton,MO,29011,29011,97
Bates,MO,29013,29013,96
Benton,MO,29015,29015,99
Bollinger,MO,29017,29017,99
Boone,MO,29019,29019,95
Buchanan,MO,29021,29021,102
Butler,MO,29023,29023,96
Caldwell,MO,29025,29025,103
Callaway,MO,29027,29027,104
Camden,MO,29029,29029,97
Cape Girardeau,MO,29031,29031,94
Carroll,MO,29033,29033,97
Carter,MO,29035,29035,97
Cass,MO,29037,29037,96
Cedar,MO,29039,29039,101
Chariton,MO,29041,29041,99
Christian,MO,29043,29043,96
Clark,MO,29045,29045,103
Clay,MO,29047,29047,96
Clinton,MO,29049,29049,98
Cole,MO,29051,29051,102
Cooper,MO,29053,29053,111
Crawford,MO,29055,29055,97
Dade,MO,29057,29057,103
Dallas,MO,29059,29059,95
Daviess,MO,29061,29061,101
DeKalb,MO,29063,29063,168
Dent,MO,29065,29065,100
Douglas,MO,29067,29067,100
Dunklin,MO,29069,29069,92
Franklin,MO,29071,29071,100
Gasconade,MO,29073,29073,101
Gentry,MO,29075,29075,94
Greene,MO,29077,29077,95
Grundy,MO,29079,29079,96
Harrison,MO,29081,29081,99
Henry,MO,29083,29083,97
Hickory,MO,29085,29085,97
Holt,MO,29087,29087,97
Howard,MO,29089,29089,103
Howell,MO,29091,29091,95
Iron,MO,29093,29093,97
Jackson,MO,29095,29095,94
Jasper,MO,29097,29097,95
Jefferson,MO,29099,29099,99
Johnson,MO,29101,29101,105
Knox,MO,29103,29103,100
Laclede,MO,29105,29105,96
Lafayette,MO,29107,29107,100
Lawrence,MO,29109,29109,98
Lewis,MO,29111,29111,103
Lincoln,MO,29113,29113,99
Linn,MO,29115,29115,94
Livingston,MO,29117,29117,80
McDonald,MO,29119,29119,105
Macon,MO,29121,29121,101
Madison,MO,29123,29123,95
Maries,MO,29125,29125,102
Marion,MO,29127,29127,94
Mercer,MO,29129,29129,99
Miller,MO,29131,29131,98
Mississippi,MO,29133,29133,121
Moniteau,MO,29135,29135,113
Monroe,MO,29137,29137,103
Montgomery,MO,29139,29139,99
Morgan,MO,29141,29141,97
New Madrid,MO,29143,29143,91
Newton,MO,29145,29145,98
Nodaway,MO,29147,29147,99
Oregon,MO,29149,29149,98
Osage,MO,29151,29151,107
Ozark,MO,29153,29153,95
Pemiscot,MO,29155,29155,88
Perry,MO,29157,29157,98
Pettis,MO,29159,29159,99
Phelps,MO,29161,29161,110
Pike,MO,29163,29163,121
Platte,MO,29165,29165,98
Polk,MO,29167,29167,96
Pulaski,MO,29169,29169,133
Putnam,MO,29171,29171,101
Ralls,MO,29173,29173,103
Randolph,MO,29175,29175,109
Ray,MO,29177,29177,97
Reynolds,MO,29179,29179,110
Ripley,MO,29181,29181,99
St. Charles,MO,29183,29183,97
St. Clair,MO,29185,29185,99
Ste. Genevieve,MO,29186,29186,103
St. Francois,MO,29187,29187,116
St. Louis,MO,29189,29189,90
Saline,MO,29195,29195,101
Schuyler,MO,29197,29197,97
Scotland,MO,29199,29199,98
Scott,MO,29201,29201,94
Shannon,MO,29203,29203,96
Shelby,MO,29205,29205,101
Stoddard,MO,29207,29207,95
Stone,MO,29209,29209,95
Sullivan,MO,29211,29211,97
Taney,MO,29213,29213,93
Texas,MO,29215,29215,109
Vernon,MO,29217,29217,96
Warren,MO,29219,29219,99
Washington,MO,29221,29221,106
Wayne,MO,29223,29223,95
Webster,MO,29225,29225,105
Worth,MO,29227,29227,93
Wright,MO,29229,29229,96
St. Louis City,MO,29510,29510,94
Beaverhead,MT,30001,30001,99
Big Horn,MT,30003,30003,100
Blaine,MT,30005,30005,99
Broadwater,MT,30007,30007,104
Carbon,MT,30009,30009,103
Carter,MT,30011,30011,105
Cascade,MT,30013,30013,102
Chouteau,MT,30015,30015,97
Custer,MT,30017,30017,100
Daniels,MT,30019,30019,115
Dawson,MT,30021,30021,112
Deer Lodge,MT,30023,30023,111
Fallon,MT,30025,30025,101
Fergus,MT,30027,30027,105
Flathead,MT,30029,30029,100
Gallatin,MT,30031,30031,108
Garfield,MT,30033,30033,114
Glacier,MT,30035,30035,97
Golden Valley,MT,30037,30037,103
Granite,MT,30039,30039,107
Hill,MT,30041,30041,102
Jefferson,MT,30043,30043,102
Judith Basin,MT,30045,30045,120
Lake,MT,30047,30047,99
Lewis and Clark,MT,30049,30049,98
Liberty,MT,30051,30051,90
Lincoln,MT,30053,30053,99
McCone,MT,30055,30055,102
Madison,MT,30057,30057,107
Meagher,MT,30059,30059,107
Mineral,MT,30061,30061,105
Missoula,MT,30063,30063,100
Musselshell,MT,30065,30065,100
Park,MT,30067,30067,99
Petroleum,MT,30069,30069,108
Phillips,MT,30071,30071,105
Pondera,MT,30073,30073,98
Powder River,MT,30075,30075,102
Powell,MT,30077,30077,168
Prairie,MT,30079,30079,106
Ravalli,MT,30081,30081,99
Richland,MT,30083,30083,104
Roosevelt,MT,30085,30085,97
Rosebud,MT,30087,30087,100
Sanders,MT,30089,30089,105
Sheridan,MT,30091,30091,101
Silver Bow,MT,30093,30093,103
Stillwater,MT,30095,30095,99
Sweet Grass,MT,30097,30097,101
Teton,MT,30099,30099,96
Toole,MT,30101,30101,125
Treasure,MT,30103,30103,96
Valley,MT,30105,30105,98
Wheatland,MT,30107,30107,93
Wibaux,MT,30109,30109,88
Yellowstone,MT,30111,30111,97
Adams,NE,31001,31001,101
Antelope,NE,31003,31003,101
Arthur,NE,31005,31005,91
Banner,NE,31007,31007,94
Blaine,NE,31009,31009,104
Boone,NE,31011,31011,98
Box Butte,NE,31013,31013,101
Boyd,NE,31015,31015,99
Brown,NE,31017,31017,94
Buffalo,NE,31019,31019,100
Burt,NE,31021,31021,95
Butler,NE,31023,31023,99
Cass,NE,31025,31025,102
Cedar,NE,31027,31027,104
Chase,NE,31029,31029,94
Cherry,NE,31031,31031,104
Cheyenne,NE,31033,31033,98
Clay,NE,31035,31035,104
Colfax,NE,31037,31037,124
Cuming,NE,31039,31039,100
Custer,NE,31041,31041,99
Dakota,NE,31043,31043,101
Dawes,NE,31045,31045,94
Dawson,NE,31047,31047,107
Deuel,NE,31049,31049,92
Dixon,NE,31051,31051,104
Dodge,NE,31053,31053,97
Douglas,NE,31055,31055,97
Dundy,NE,31057,31057,104
Fillmore,NE,31059,31059,98
Franklin,NE,31061,31061,97
Frontier,NE,31063,31063,104
Furnas,NE,31065,31065,98
Gage,NE,31067,31067,101
Garden,NE,31069,31069,102
Garfield,NE,31071,31071,101
Gosper,NE,31073,31073,107
Grant,NE,31075,31075,116
Greeley,NE,31077,31077,97
Hall,NE,31079,31079,102
Hamilton,NE,31081,31081,99
Harlan,NE,31083,31083,103
Hayes,NE,31085,31085,108
Hitchcock,NE,31087,31087,99
Holt,NE,31089,31089,102
Hooker,NE,31091,31091,88
Howard,NE,31093,31093,103
Jefferson,NE,31095,31095,95
Johnson,NE,31097,31097,147
Kearney,NE,31099,31099,98
Keith,NE,31101,31101,105
Keya Paha,NE,31103,31103,93
Kimball,NE,31105,31105,100
Knox,NE,31107,31107,98
Lancaster,NE,31109,31109,101
Lincoln,NE,31111,31111,96
Logan,NE,31113,31113,119
Loup,NE,31115,31115,107
McPherson,NE,31117,31117,107
Madison,NE,31119,31119,99
Merrick,NE,31121,31121,101
Morrill,NE,31123,31123,103
Nance,NE,31125,31125,101
Nemaha,NE,31127,31127,100
Nuckolls,NE,31129,31129,99
Otoe,NE,31131,31131,96
Pawnee,NE,31133,31133,91
Perkins,NE,31135,31135,107
Phelps,NE,31137,31137,101
Pierce,NE,31139,31139,99
Platte,NE,31141,31141,105
Polk,NE,31143,31143,95
Red Willow,NE,31145,31145,99
Richardson,NE,31147,31147,100
Rock,NE,31149,31149,109
Saline,NE,31151,31151,104
Sarpy,NE,31153,31153,100
Saunders,NE,31155,31155,102
Scotts Bluff,NE,31157,31157,94
Seward,NE,31159,31159,104
Sheridan,NE,31161,31161,94
Sherman,NE,31163,31163,102
Sioux,NE,31165,31165,93
Stanton,NE,31167,31167,100
Thayer,NE,31169,31169,101
Thomas,NE,31171,31171,81
Thurston,NE,31173,31173,99
Valley,NE,31175,31175,95
Washington,NE,31177,31177,98
Wayne,NE,31179,31179,103
Webster,NE,31181,31181,102
Wheeler,NE,31183,31183,112
York,NE,31185,31185,95
Churchill,NV,32001,32001,103
Clark,NV,32003,32003,100
Douglas,NV,32005,32005,101
Elko,NV,32007,32007,109
Esmeralda,NV,32009,32009,78
Eureka,NV,32011,32011,102
Humboldt,NV,32013,32013,107
Lander,NV,32015,32015,121
Lincoln,NV,32017,32017,117
Lyon,NV,32019,32019,102
Mineral,NV,32021,32021,99
Nye,NV,32023,32023,103
Pershing,NV,32027,32027,179
Storey,NV,32029,32029,112
Washoe,NV,32031,32031,101
White Pine,NV,32033,32033,143
Carson City,NV,32510,32510,106
Belknap,NH,33001,33001,97
Carroll,NH,33003,33003,98
Cheshire,NH,33005,33005,95
Coos,NH,33007,33007,111
Grafton,NH,33009,33009,97
Hillsborough,NH,33011,33011,99
Merrimack,NH,33013,33013,97
Rockingham,NH,33015,33015,98
Strafford,NH,33017,33017,96
Sullivan,NH,33019,33019,99
Atlantic,NJ,34001,34001,94
Bergen,NJ,34003,34003,94
Burlington,NJ,34005,34005,97
Camden,NJ,34007,34007,93
Cape May,NJ,34009,34009,96
Cumberland,NJ,34011,34011,105
Essex,NJ,34013,34013,93
Gloucester,NJ,34015,34015,94
Hudson,NJ,34017,34017,99
Hunterdon,NJ,34019,34019,99
Mercer,NJ,34021,34021,96
Middlesex,NJ,34023,34023,97
Monmouth,NJ,34025,34025,95
Morris,NJ,34027,34027,96
Ocean,NJ,34029,34029,93
Passaic,NJ,34031,34031,95
Salem,NJ,34033,34033,96
Somerset,NJ,34035,34035,96
Sussex,NJ,34037,34037,99
Union,NJ,34039,34039,95
Warren,NJ,34041,34041,96
Bernalillo,NM,35001,35001,96
Catron,NM,35003,35003,123
Chaves,NM,35005,35005,100
Cibola,NM,35006,35006,103
Colfax,NM,35007,35007,106
Curry,NM,35009,35009,109
De Baca,NM,35011,35011,105
Doña Ana,NM,35013,35013,96
Eddy,NM,35015,35015,102
Grant,NM,35017,35017,97
Guadalupe,NM,35019,35019,142
Harding,NM,35021,35021,122
Hidalgo,NM,35023,35023,98
Lea,NM,35025,35025,107
Lincoln,NM,35027,35027,96
Los Alamos,NM,35028,35028,103
Luna,NM,35029,35029,100
McKinley,NM,35031,35031,93
Mora,NM,35033,35033,94
Otero,NM,35035,35035,107
Quay,NM,35037,35037,91
Rio Arriba,NM,35039,35039,93
Roosevelt,NM,35041,35041,99
Sandoval,NM,35043,35043,96
San Juan,NM,35045,35045,98
San Miguel,NM,35047,35047,99
Santa Fe,NM,35049,35049,94
Sierra,NM,35051,35051,98
Socorro,NM,35053,35053,110
Taos,NM,35055,35055,97
Torrance,NM,35057,35057,114
Union,NM,35059,35059,116
Valencia,NM,35061,35061,101
Albany,NY,36001,36001,94
Allegany,NY,36003,36003,103
Bronx,NY,36005,36005,89
Broome,NY,36007,36007,97
Cattaraugus,NY,36009,36009,99
Cayuga,NY,36011,36011,106
Chautauqua,NY,36013,36013,97
Chemung,NY,36015,36015,98
Chenango,NY,36017,36017,100
Clinton,NY,36019,36019,105
Columbia,NY,36021,36021,100
Cortland,NY,36023,36023,96
Delaware,NY,36025,36025,102
Dutchess,NY,36027,36027,99
Erie,NY,36029,36029,94
Essex,NY,36031,36031,109
Franklin,NY,36033,36033,120
Fulton,NY,36035,36035,100
Genesee,NY,36037,36037,100
Greene,NY,36039,36039,110
Hamilton,NY,36041,36041,101
Herkimer,NY,36043,36043,98
Jefferson,NY,36045,36045,111
Kings,NY,36047,36047,90
Lewis,NY,36049,36049,100
Livingston,NY,36051,36051,101
Madison,NY,36053,36053,98
Monroe,NY,36055,36055,93
Montgomery,NY,36057,36057,97
Nassau,NY,36059,36059,95
New York,NY,36061,36061,90
Niagara,NY,36063,36063,95
Oneida,NY,36065,36065,99
Onondaga,NY,36067,36067,93
Ontario,NY,36069,36069,96
Orange,NY,36071,36071,100
Orleans,NY,36073,36073,100
Oswego,NY,36075,36075,100
Otsego,NY,36077,36077,93
Putnam,NY,36079,36079,99
Queens,NY,36081,36081,94
Rensselaer,NY,36083,36083,98
Richmond,NY,36085,36085,94
Rockland,NY,36087,36087,96
St. Lawrence,NY,36089,36089,103
Saratoga,NY,36091,36091,98
Schenectady,NY,36093,36093,95
Schoharie,NY,36095,36095,99
Schuyler,NY,36097,36097,100
Seneca,NY,36099,36099,109
Steuben,NY,36101,36101,100
Suffolk,NY,36103,36103,97
Sullivan,NY,36105,36105,105
Tioga,NY,36107,36107,98
Tompkins,NY,36109,36109,98
Ulster,NY,36111,36111,98
Warren,NY,36113,36113,97
Washington,NY,36115,36115,107
Wayne,NY,36117,36117,98
Westchester,NY,36119,36119,94
Wyoming,NY,36121,36121,115
Yates,NY,36123,36123,92
Alamance,NC,37001,37001,90
Alexander,NC,37003,37003,104
Alleghany,NC,37005,37005,96
Anson,NC,37007,37007,110
Ashe,NC,37009,37009,97
Avery,NC,37011,37011,122
Beaufort,NC,37013,37013,91
Bertie,NC,37015,37015,100
Bladen,NC,37017,37017,92
Brunswick,NC,37019,37019,93
Buncombe,NC,37021,37021,92
Burke,NC,37023,37023,99
Cabarrus,NC,37025,37025,95
Caldwell,NC,37027,37027,98
Camden,NC,37029,37029,113
Carteret,NC,37031,37031,96
Caswell,NC,37033,37033,101
Catawba,NC,37035,37035,96
Chatham,NC,37037,37037,91
Cherokee,NC,37039,37039,96
Chowan,NC,37041,37041,87
Clay,NC,37043,37043,91
Cleveland,NC,37045,37045,94
Columbus,NC,37047,37047,99
Craven,NC,37049,37049,102
Cumberland,NC,37051,37051,99
Currituck,NC,37053,37053,99
Dare,NC,37055,37055,100
Davidson,NC,37057,37057,96
Davie,NC,37059,37059,94
Duplin,NC,37061,37061,95
Durham,NC,37063,37063,92
Edgecombe,NC,37065,37065,87
Forsyth,NC,37067,37067,90
Franklin,NC,37069,37069,99
Gaston,NC,37071,37071,93
Gates,NC,37073,37073,95
Graham,NC,37075,37075,95
Granville,NC,37077,37077,104
Greene,NC,37079,37079,125
Guilford,NC,37081,37081,90
Halifax,NC,37083,37083,94
Harnett,NC,37085,37085,98
Haywood,NC,37087,37087,93
Henderson,NC,37089,37089,93
Hertford,NC,37091,37091,98
Hoke,NC,37093,37093,99
Hyde,NC,37095,37095,111
Iredell,NC,37097,37097,97
Jackson,NC,37099,37099,96
Johnston,NC,37101,37101,97
Jones,NC,37103,37103,98
Lee,NC,37105,37105,94
Lenoir,NC,37107,37107,92
Lincoln,NC,37109,37109,99
McDowell,NC,37111,37111,101
Macon,NC,37113,37113,94
Madison,NC,37115,37115,96
Martin,NC,37117,37117,89
Mecklenburg,NC,37119,37119,93
Mitchell,NC,37121,37121,99
Montgomery,NC,37123,37123,96
Moore,NC,37125,37125,93
Nash,NC,37127,37127,92
New Hanover,NC,37129,37129,91
Northampton,NC,37131,37131,95
Onslow,NC,37133,37133,124
Orange,NC,37135,37135,92
Pamlico,NC,37137,37137,104
Pasquotank,NC,37139,37139,95
Pender,NC,37141,37141,99
Perquimans,NC,37143,37143,95
Person,NC,37145,37145,94
Pitt,NC,37147,37147,89
Polk,NC,37149,37149,90
Randolph,NC,37151,37151,97
Richmond,NC,37153,37153,96
Robeson,NC,37155,37155,93
Rockingham,NC,37157,37157,93
Rowan,NC,37159,37159,98
Rutherford,NC,37161,37161,95
Sampson,NC,37163,37163,96
Scotland,NC,37165,37165,97
Stanly,NC,37167,37167,99
Stokes,NC,37169,37169,95
Surry,NC,37171,37171,94
Swain,NC,37173,37173,96
Transylvania,NC,37175,37175,93
Tyrrell,NC,37177,37177,135
Union,NC,37179,37179,97
Vance,NC,37181,37181,87
Wake,NC,37183,37183,95
Warren,NC,37185,37185,99
Washington,NC,37187,37187,88
Watauga,NC,37189,37189,99
Wayne,NC,37191,37191,95
Wilkes,NC,37193,37193,97
Wilson,NC,37195,37195,90
Yadkin,NC,37197,37197,98
Yancey,NC,37199,37199,96
Adams,ND,38001,38001,92
Barnes,ND,38003,38003,99
Benson,ND,38005,38005,105
Billings,ND,38007,38007,127
Bottineau,ND,38009,38009,109
Bowman,ND,38011,38011,98
Burke,ND,38013,38013,119
Burleigh,ND,38015,38015,101
Cass,ND,38017,38017,103
Cavalier,ND,38019,38019,105
Dickey,ND,38021,38021,100
Divide,ND,38023,38023,91
Dunn,ND,38025,38025,110
Eddy,ND,38027,38027,93
Emmons,ND,38029,38029,104
Foster,ND,38031,38031,96
Golden Valley,ND,38033,38033,97
Grand Forks,ND,38035,38035,108
Grant,ND,38037,38037,105
Griggs,ND,38039,38039,102
Hettinger,ND,38041,38041,90
Kidder,ND,38043,38043,115
LaMoure,ND,38045,38045,107
Logan,ND,38047,38047,108
McHenry,ND,38049,38049,105
McIntosh,ND,38051,38051,102
McKenzie,ND,38053,38053,120
McLean,ND,38055,38055,107
Mercer,ND,38057,38057,105
Morton,ND,38059,38059,102
Mountrail,ND,38061,38061,117
Nelson,ND,38063,38063,103
Oliver,ND,38065,38065,105
Pembina,ND,38067,38067,109
Pierce,ND,38069,38069,98
Ramsey,ND,38071,38071,104
Ransom,ND,38073,38073,98
Renville,ND,38075,38075,103
Richland,ND,38077,38077,110
Rolette,ND,38079,38079,98
Sargent,ND,38081,38081,114
Sheridan,ND,38083,38083,104
Sioux,ND,38085,38085,99
Slope,ND,38087,38087,95
Stark,ND,38089,38089,105
Steele,ND,38091,38091,111
Stutsman,ND,38093,38093,105
Towner,ND,38095,38095,118
Traill,ND,38097,38097,104
Walsh,ND,38099,38099,105
Ward,ND,38101,38101,108
Wells,ND,38103,38103,99
Williams,ND,38105,38105,121
Adams,OH,39001,39001,99
Allen,OH,39003,39003,102
Ashland,OH,39005,39005,95
Ashtabula,OH,39007,39007,101
Athens,OH,39009,39009,99
Auglaize,OH,39011,39011,99
Belmont,OH,39013,39013,105
Brown,OH,39015,39015,99
Butler,OH,39017,39017,96
Carroll,OH,39019,39019,101
Champaign,OH,39021,39021,99
Clark,OH,39023,39023,94
Clermont,OH,39025,39025,97
Clinton,OH,39027,39027,98
Columbiana,OH,39029,39029,102
Coshocton,OH,39031,39031,98
Crawford,OH,39033,39033,97
Cuyahoga,OH,39035,39035,91
Darke,OH,39037,39037,98
Defiance,OH,39039,39039,99
Delaware,OH,39041,39041,98
Erie,OH,39043,39043,96
Fairfield,OH,39045,39045,99
Fayette,OH,39047,39047,95
Franklin,OH,39049,39049,95
Fulton,OH,39051,39051,98
Gallia,OH,39053,39053,97
Geauga,OH,39055,39055,98
Greene,OH,39057,39057,97
Guernsey,OH,39059,39059,100
Hamilton,OH,39061,39061,93
Hancock,OH,39063,39063,98
Hardin,OH,39065,39065,98
Harrison,OH,39067,39067,97
Henry,OH,39069,39069,97
Highland,OH,39071,39071,96
Hocking,OH,39073,39073,96
Holmes,OH,39075,39075,100
Huron,OH,39077,39077,98
Jackson,OH,39079,39079,94
Jefferson,OH,39081,39081,95
Knox,OH,39083,39083,95
Lake,OH,39085,39085,96
Lawrence,OH,39087,39087,95
Licking,OH,39089,39089,96
Logan,OH,39091,39091,98
Lorain,OH,39093,39093,97
Lucas,OH,39095,39095,94
Madison,OH,39097,39097,119
Mahoning,OH,39099,39099,95
Marion,OH,39101,39101,113
Medina,OH,39103,39103,98
Meigs,OH,39105,39105,100
Mercer,OH,39107,39107,102
Miami,OH,39109,39109,98
Monroe,OH,39111,39111,99
Montgomery,OH,39113,39113,93
Morgan,OH,39115,39115,100
Morrow,OH,39117,39117,101
Muskingum,OH,39119,39119,94
Noble,OH,39121,39121,149
Ottawa,OH,39123,39123,98
Paulding,OH,39125,39125,100
Perry,OH,39127,39127,100
Pickaway,OH,39129,39129,111
Pike,OH,39131,39131,97
Portage,OH,39133,39133,96
Preble,OH,39135,39135,98
Putnam,OH,39137,39137,100
Richland,OH,39139,39139,103
Ross,OH,39141,39141,110
Sandusky,OH,39143,39143,99
Scioto,OH,39145,39145,96
Seneca,OH,39147,39147,100
Shelby,OH,39149,39149,102
Stark,OH,39151,39151,95
Summit,OH,39153,39153,94
Trumbull,OH,39155,39155,95
Tuscarawas,OH,39157,39157,97
Union,OH,39159,39159,93
Van Wert,OH,39161,39161,97
Vinton,OH,39163,39163,102
Warren,OH,39165,39165,102
Washington,OH,39167,39167,98
Wayne,OH,39169,39169,99
Williams,OH,39171,39171,98
Wood,OH,39173,39173,97
Wyandot,OH,39175,39175,97
Adair,OK,40001,40001,99
Alfalfa,OK,40003,40003,152
Atoka,OK,40005,40005,112
Beaver,OK,40007,40007,101
Beckham,OK,40009,40009,119
Blaine,OK,40011,40011,114
Bryan,OK,40013,40013,94
Caddo,OK,40015,40015,111
Canadian,OK,40017,40017,99
Carter,OK,40019,40019,96
Cherokee,OK,40021,40021,96
Choctaw,OK,40023,40023,92
Cimarron,OK,40025,40025,96
Cleveland,OK,40027,40027,100
Coal,OK,40029,40029,102
Comanche,OK,40031,40031,108
Cotton,OK,40033,40033,102
Craig,OK,40035,40035,104
Creek,OK,40037,40037,98
Custer,OK,40039,40039,96
Delaware,OK,40041,40041,97
Dewey,OK,40043,40043,98
Ellis,OK,40045,40045,93
Garfield,OK,40047,40047,100
Garvin,OK,40049,40049,98
Grady,OK,40051,40051,101
Grant,OK,40053,40053,101
Greer,OK,40055,40055,141
Harmon,OK,40057,40057,96
Harper,OK,40059,40059,97
Haskell,OK,40061,40061,98
Hughes,OK,40063,40063,114
Jackson,OK,40065,40065,100
Jefferson,OK,40067,40067,102
Johnston,OK,40069,40069,97
Kay,OK,40071,40071,99
Kingfisher,OK,40073,40073,100
Kiowa,OK,40075,40075,100
Latimer,OK,40077,40077,103
Le Flore,OK,40079,40079,101
Lincoln,OK,40081,40081,99
Logan,OK,40083,40083,98
Love,OK,40085,40085,100
McClain,OK,40087,40087,98
McCurtain,OK,40089,40089,98
McIntosh,OK,40091,40091,98
Major,OK,40093,40093,98
Marshall,OK,40095,40095,98
Mayes,OK,40097,40097,99
Murray,OK,40099,40099,101
Muskogee,OK,40101,40101,95
Noble,OK,40103,40103,98
Nowata,OK,40105,40105,97
Okfuskee,OK,40107,40107,116
Oklahoma,OK,40109,40109,96
Okmulgee,OK,40111,40111,98
Osage,OK,40113,40113,100
Ottawa,OK,40115,40115,97
Pawnee,OK,40117,40117,100
Payne,OK,40119,40119,105
Pittsburg,OK,40121,40121,103
Pontotoc,OK,40123,40123,96
Pottawatomie,OK,40125,40125,92
Pushmataha,OK,40127,40127,96
Roger Mills,OK,40129,40129,96
Rogers,OK,40131,40131,99
Seminole,OK,40133,40133,96
Sequoyah,OK,40135,40135,97
Stephens,OK,40137,40137,94
Texas,OK,40139,40139,114
Tillman,OK,40141,40141,104
Tulsa,OK,40143,40143,95
Wagoner,OK,40145,40145,98
Washington,OK,40147,40147,95
Washita,OK,40149,40149,100
Woods,OK,40151,40151,111
Woodward,OK,40153,40153,112
Baker,OR,41001,41001,106
Benton,OR,41003,41003,101
Clackamas,OR,41005,41005,97
Clatsop,OR,41007,41007,99
Columbia,OR,41009,41009,101
Coos,OR,41011,41011,98
Crook,OR,41013,41013,97
Curry,OR,41015,41015,97
Deschutes,OR,41017,41017,97
Douglas,OR,41019,41019,98
Gilliam,OR,41021,41021,91
Grant,OR,41023,41023,104
Harney,OR,41025,41025,106
Hood River,OR,41027,41027,100
Jackson,OR,41029,41029,95
Jefferson,OR,41031,41031,107
Josephine,OR,41033,41033,96
Klamath,OR,41035,41035,100
Lake,OR,41037,41037,115
Lane,OR,41039,41039,97
Lincoln,OR,41041,41041,93
Linn,OR,41043,41043,97
Malheur,OR,41045,41045,119
Marion,OR,41047,41047,99
Morrow,OR,41049,41049,102
Multnomah,OR,41051,41051,98
Polk,OR,41053,41053,95
Sherman,OR,41055,41055,116
Tillamook,OR,41057,41057,101
Umatilla,OR,41059,41059,109
Union,OR,41061,41061,99
Wallowa,OR,41063,41063,97
Wasco,OR,41065,41065,101
Washington,OR,41067,41067,98
Wheeler,OR,41069,41069,102
Yamhill,OR,41071,41071,100
Adams,PA,42001,42001,97
Allegheny,PA,42003,42003,93
Armstrong,PA,42005,42005,99
Beaver,PA,42007,42007,94
Bedford,PA,42009,42009,98
Berks,PA,42011,42011,97
Blair,PA,42013,42013,96
Bradford,PA,42015,42015,97
Bucks,PA,42017,42017,96
Butler,PA,42019,42019,98
Cambria,PA,42021,42021,97
Cameron,PA,42023,42023,98
Carbon,PA,42025,42025,99
Centre,PA,42027,42027,111
Chester,PA,42029,42029,97
Clarion,PA,42031,42031,95
Clearfield,PA,42033,42033,111
Clinton,PA,42035,42035,98
Columbia,PA,42037,42037,92
Crawford,PA,42039,42039,95
Cumberland,PA,42041,42041,98
Dauphin,PA,42043,42043,94
Delaware,PA,42045,42045,93
Elk,PA,42047,42047,102
Erie,PA,42049,42049,98
Fayette,PA,42051,42051,98
Forest,PA,42053,42053,267
Franklin,PA,42055,42055,97
Fulton,PA,42057,42057,102
Greene,PA,42059,42059,108
Huntingdon,PA,42061,42061,113
Indiana,PA,42063,42063,100
Jefferson,PA,42065,42065,99
Juniata,PA,42067,42067,100
Lackawanna,PA,42069,42069,94
Lancaster,PA,42071,42071,96
Lawrence,PA,42073,42073,94
Lebanon,PA,42075,42075,96
Lehigh,PA,42077,42077,96
Luzerne,PA,42079,42079,98
Lycoming,PA,42081,42081,96
McKean,PA,42083,42083,107
Mercer,PA,42085,42085,97
Mifflin,PA,42087,42087,95
Monroe,PA,42089,42089,98
Montgomery,PA,42091,42091,95
Montour,PA,42093,42093,91
Northampton,PA,42095,42095,97
Northumberland,PA,42097,42097,101
Perry,PA,42099,42099,103
Philadelphia,PA,42101,42101,90
Pike,PA,42103,42103,103
Potter,PA,42105,42105,100
Schuylkill,PA,42107,42107,105
Snyder,PA,42109,42109,99
Somerset,PA,42111,42111,109
Sullivan,PA,42113,42113,112
Susquehanna,PA,42115,42115,101
Tioga,PA,42117,42117,99
Union,PA,42119,42119,122
Venango,PA,42121,42121,98
Warren,PA,42123,42123,100
Washington,PA,42125,42125,96
Wayne,PA,42127,42127,113
Westmoreland,PA,42129,42129,96
Wyoming,PA,42131,42131,102
York,PA,42133,42133,98
Bristol,RI,44001,44001,94
Kent,RI,44003,44003,94
Newport,RI,44005,44005,97
Providence,RI,44007,44007,95
Washington,RI,44009,44009,93
Abbeville,SC,45001,45001,94
Aiken,SC,45003,45003,93
Allendale,SC,45005,45005,115
Anderson,SC,45007,45007,93
Bamberg,SC,45009,45009,94
Barnwell,SC,45011,45011,94
Beaufort,SC,45013,45013,97
Berkeley,SC,45015,45015,99
Calhoun,SC,45017,45017,91
Charleston,SC,45019,45019,94
Cherokee,SC,45021,45021,94
Chester,SC,45023,45023,95
Chesterfield,SC,45025,45025,97
Clarendon,SC,45027,45027,97
Colleton,SC,45029,45029,91
Darlington,SC,45031,45031,90
Dillon,SC,45033,45033,90
Dorchester,SC,45035,45035,95
Edgefield,SC,45037,45037,114
Fairfield,SC,45039,45039,91
Florence,SC,45041,45041,88
Georgetown,SC,45043,45043,90
Greenville,SC,45045,45045,94
Greenwood,SC,45047,45047,87
Hampton,SC,45049,45049,108
Horry,SC,45051,45051,93
Jasper,SC,45053,45053,101
Kershaw,SC,45055,45055,94
Lancaster,SC,45057,45057,93
Laurens,SC,45059,45059,95
Lee,SC,45061,45061,104
Lexington,SC,45063,45063,95
McCormick,SC,45065,45065,124
Marion,SC,45067,45067,86
Marlboro,SC,45069,45069,109
Newberry,SC,45071,45071,94
Oconee,SC,45073,45073,97
Orangeburg,SC,45075,45075,88
Pickens,SC,45077,45077,99
Richland,SC,45079,45079,94
Saluda,SC,45081,45081,100
Spartanburg,SC,45083,45083,94
Sumter,SC,45085,45085,93
Union,SC,45087,45087,91
Williamsburg,SC,45089,45089,91
York,SC,45091,45091,93
Aurora,SD,46003,46003,112
Beadle,SD,46005,46005,103
Bennett,SD,46007,46007,97
Bon Homme,SD,46009,46009,142
Brookings,SD,46011,46011,105
Brown,SD,46013,46013,97
Brule,SD,46015,46015,98
Buffalo,SD,46017,46017,99
Butte,SD,46019,46019,104
Campbell,SD,46021,46021,118
Charles Mix,SD,46023,46023,101
Clark,SD,46025,46025,101
Clay,SD,46027,46027,96
Codington,SD,46029,46029,102
Corson,SD,46031,46031,102
Custer,SD,46033,46033,94
Davison,SD,46035,46035,98
Day,SD,46037,46037,108
Deuel,SD,46039,46039,109
Dewey,SD,46041,46041,98
Douglas,SD,46043,46043,96
Edmunds,SD,46045,46045,101
Fall River,SD,46047,46047,101
Faulk,SD,46049,46049,102
Grant,SD,46051,46051,110
Gregory,SD,46053,46053,105
Haakon,SD,46055,46055,101
Hamlin,SD,46057,46057,104
Hand,SD,46059,46059,102
Hanson,SD,46061,46061,100
Harding,SD,46063,46063,109
Hughes,SD,46065,46065,96
Hutchinson,SD,46067,46067,95
Hyde,SD,46069,46069,108
Jackson,SD,46071,46071,98
Jerauld,SD,46073,46073,98
Jones,SD,46075,46075,89
Kingsbury,SD,46077,46077,105
Lake,SD,46079,46079,110
Lawrence,SD,46081,46081,99
Lincoln,SD,46083,46083,98
Lyman,SD,46085,46085,109
McCook,SD,46087,46087,100
McPherson,SD,46089,46089,90
Marshall,SD,46091,46091,109
Meade,SD,46093,46093,108
Mellette,SD,46095,46095,99
Miner,SD,46097,46097,104
Minnehaha,SD,46099,46099,102
Moody,SD,46101,46101,101
Pennington,SD,46103,46103,102
Perkins,SD,46105,46105,108
Potter,SD,46107,46107,103
Roberts,SD,46109,46109,105
Sanborn,SD,46111,46111,108
Shannon,SD,46113,46113,96
Spink,SD,46115,46115,100
Stanley,SD,46117,46117,116
Sully,SD,46119,46119,105
Todd,SD,46121,46121,95
Tripp,SD,46123,46123,103
Turner,SD,46125,46125,100
Union,SD,46127,46127,101
Walworth,SD,46129,46129,99
Yankton,SD,46135,46135,109
Ziebach,SD,46137,46137,97
Anderson,TN,47001,47001,95
Bedford,TN,47003,47003,97
Benton,TN,47005,47005,97
Bledsoe,TN,47007,47007,142
Blount,TN,47009,47009,94
Bradley,TN,47011,47011,95
Campbell,TN,47013,47013,95
Cannon,TN,47015,47015,97
Carroll,TN,47017,47017,95
Carter,TN,47019,47019,96
Cheatham,TN,47021,47021,99
Chester,TN,47023,47023,93
Claiborne,TN,47025,47025,94
Clay,TN,47027,47027,92
Cocke,TN,47029,47029,94
Coffee,TN,47031,47031,97
Crockett,TN,47033,47033,90
Cumberland,TN,47035,47035,96
Davidson,TN,47037,47037,93
Decatur,TN,47039,47039,96
DeKalb,TN,47041,47041,99
Dickson,TN,47043,47043,97
Dyer,TN,47045,47045,94
Fayette,TN,47047,47047,97
Fentress,TN,47049,47049,100
Franklin,TN,47051,47051,96
Gibson,TN,47053,47053,92
Giles,TN,47055,47055,96
Grainger,TN,47057,47057,101
Greene,TN,47059,47059,96
Grundy,TN,47061,47061,98
Hamblen,TN,47063,47063,96
Hamilton,TN,47065,47065,93
Hancock,TN,47067,47067,101
Hardeman,TN,47069,47069,127
Hardin,TN,47071,47071,95
Hawkins,TN,47073,47073,96
Haywood,TN,47075,47075,88
Henderson,TN,47077,47077,96
Henry,TN,47079,47079,92
Hickman,TN,47081,47081,111
Houston,TN,47083,47083,104
Humphreys,TN,47085,47085,94
Jackson,TN,47087,47087,101
Jefferson,TN,47089,47089,96
Johnson,TN,47091,47091,118
Knox,TN,47093,47093,95
Lake,TN,47095,47095,168
Lauderdale,TN,47097,47097,105
Lawrence,TN,47099,47099,96
Lewis,TN,47101,47101,94
Lincoln,TN,47103,47103,97
Loudon,TN,47105,47105,96
McMinn,TN,47107,47107,95
McNairy,TN,47109,47109,94
Macon,TN,47111,47111,97
Madison,TN,47113,47113,90
Marion,TN,47115,47115,95
Marshall,TN,47117,47117,97
Maury,TN,47119,47119,93
Meigs,TN,47121,47121,98
Monroe,TN,47123,47123,97
Montgomery,TN,47125,47125,100
Moore,TN,47127,47127,102
Morgan,TN,47129,47129,121
Obion,TN,47131,47131,93
Overton,TN,47133,47133,97
Perry,TN,47135,47135,98
Pickett,TN,47137,47137,102
Polk,TN,47139,47139,99
Putnam,TN,47141,47141,98
Rhea,TN,47143,47143,98
Roane,TN,47145,47145,97
Robertson,TN,47147,47147,98
Rutherford,TN,47149,47149,97
Scott,TN,47151,47151,98
Sequatchie,TN,47153,47153,100
Sevier,TN,47155,47155,97
Shelby,TN,47157,47157,90
Smith,TN,47159,47159,100
Stewart,TN,47161,47161,97
Sullivan,TN,47163,47163,95
Sumner,TN,47165,47165,96
Tipton,TN,47167,47167,97
Trousdale,TN,47169,47169,141
Unicoi,TN,47171,47171,102
Union,TN,47173,47173,97
Van Buren,TN,47175,47175,101
Warren,TN,47177,47177,99
Washington,TN,47179,47179,95
Wayne,TN,47181,47181,122
Weakley,TN,47183,47183,96
White,TN,47185,47185,95
Williamson,TN,47187,47187,96
Wilson,TN,47189,47189,97
Anderson,TX,48001,48001,156
Andrews,TX,48003,48003,104
Angelina,TX,48005,48005,95
Aransas,TX,48007,48007,95
Archer,TX,48009,48009,99
Armstrong,TX,48011,48011,99
Atascosa,TX,48013,48013,100
Austin,TX,48015,48015,97
Bailey,TX,48017,48017,103
Bandera,TX,48019,48019,102
Bastrop,TX,48021,48021,103
Baylor,TX,48023,48023,95
Bee,TX,48025,48025,157
Bell,TX,48027,48027,99
Bexar,TX,48029,48029,98
Blanco,TX,48031,48031,107
Borden,TX,48033,48033,92
Bosque,TX,48035,48035,97
Bowie,TX,48037,48037,101
Brazoria,TX,48039,48039,102
Brazos,TX,48041,48041,102
Brewster,TX,48043,48043,101
Briscoe,TX,48045,48045,123
Brooks,TX,48047,48047,114
Brown,TX,48049,48049,97
Burleson,TX,48051,48051,98
Burnet,TX,48053,48053,98
Caldwell,TX,48055,48055,102
Calhoun,TX,48057,48057,105
Callahan,TX,48059,48059,99
Cameron,TX,48061,48061,95
Camp,TX,48063,48063,95
Carson,TX,48065,48065,93
Cass,TX,48067,48067,93
Castro,TX,48069,48069,101
Chambers,TX,48071,48071,103
Cherokee,TX,48073,48073,104
Childress,TX,48075,48075,158
Clay,TX,48077,48077,100
Cochran,TX,48079,48079,107
Coke,TX,48081,48081,99
Coleman,TX,48083,48083,107
Collin,TX,48085,48085,97
Collingsworth,TX,48087,48087,101
Colorado,TX,48089,48089,100
Comal,TX,48091,48091,98
Comanche,TX,48093,48093,101
Concho,TX,48095,48095,180
Cooke,TX,48097,48097,99
Coryell,TX,48099,48099,100
Cottle,TX,48101,48101,82
Crane,TX,48103,48103,105
Crockett,TX,48105,48105,93
Crosby,TX,48107,48107,99
Culberson,TX,48109,48109,132
Dallam,TX,48111,48111,104
Dallas,TX,48113,48113,97
Dawson,TX,48115,48115,118
Deaf Smith,TX,48117,48117,100
Delta,TX,48119,48119,90
Denton,TX,48121,48121,97
DeWitt,TX,48123,48123,108
Dickens,TX,48125,48125,97
Dimmit,TX,48127,48127,94
Donley,TX,48129,48129,104
Duval,TX,48131,48131,103
Eastland,TX,48133,48133,100
Ector,TX,48135,48135,103
Edwards,TX,48137,48137,107
Ellis,TX,48139,48139,97
El Paso,TX,48141,48141,97
Erath,TX,48143,48143,95
Falls,TX,48145,48145,89
Fannin,TX,48147,48147,112
Fayette,TX,48149,48149,97
Fisher,TX,48151,48151,91
Floyd,TX,48153,48153,95
Foard,TX,48155,48155,98
Fort Bend,TX,48157,48157,97
Franklin,TX,48159,48159,96
Freestone,TX,48161,48161,107
Frio,TX,48163,48163,149
Gaines,TX,48165,48165,104
Galveston,TX,48167,48167,97
Garza,TX,48169,48169,171
Gillespie,TX,48171,48171,94
Glasscock,TX,48173,48173,135
Goliad,TX,48175,48175,99
Gonzales,TX,48177,48177,103
Gray,TX,48179,48179,112
Grayson,TX,48181,48181,95
Gregg,TX,48183,48183,95
Grimes,TX,48185,48185,118
Guadalupe,TX,48187,48187,98
Hale,TX,48189,48189,109
Hall,TX,48191,48191,101
Hamilton,TX,48193,48193,100
Hansford,TX,48195,48195,104
Hardeman,TX,48197,48197,95
Hardin,TX,48199,48199,93
Harris,TX,48201,48201,99
Harrison,TX,48203,48203,94
Hartley,TX,48205,48205,144
Haskell,TX,48207,48207,107
Hays,TX,48209,48209,99
Hemphill,TX,48211,48211,104
Henderson,TX,48213,48213,95
Hidalgo,TX,48215,48215,96
Hill,TX,48217,48217,100
Hockley,TX,48219,48219,99
Hood,TX,48221,48221,95
Hopkins,TX,48223,48223,96
Houston,TX,48225,48225,119
Howard,TX,48227,48227,124
Hudspeth,TX,48229,48229,101
Hunt,TX,48231,48231,97
Hutchinson,TX,48233,48233,102
Irion,TX,48235,48235,107
Jack,TX,48237,48237,133
Jackson,TX,48239,48239,98
Jasper,TX,48241,48241,97
Jeff Davis,TX,48243,48243,79
Jefferson,TX,48245,48245,105
Jim Hogg,TX,48247,48247,96
Jim Wells,TX,48249,48249,96
Johnson,TX,48251,48251,100
Jones,TX,48253,48253,169
Karnes,TX,48255,48255,143
Kaufman,TX,48257,48257,97
Kendall,TX,48259,48259,96
Kenedy,TX,48261,48261,97
Kent,TX,48263,48263,84
Kerr,TX,48265,48265,93
Kimble,TX,48267,48267,98
King,TX,48269,48269,98
Kinney,TX,48271,48271,146
Kleberg,TX,48273,48273,102
Knox,TX,48275,48275,99
Lamar,TX,48277,48277,92
Lamb,TX,48279,48279,101
Lampasas,TX,48281,48281,100
La Salle,TX,48283,48283,140
Lavaca,TX,48285,48285,94
Lee,TX,48287,48287,100
Leon,TX,48289,48289,99
Liberty,TX,48291,48291,97
Limestone,TX,48293,48293,105
Lipscomb,TX,48295,48295,102
Live Oak,TX,48297,48297,123
Llano,TX,48299,48299,97
Loving,TX,48301,48301,123
Lubbock,TX,48303,48303,97
Lynn,TX,48305,48305,107
McCulloch,TX,48307,48307,118
McLennan,TX,48309,48309,95
McMullen,TX,48311,48311,114
Madison,TX,48313,48313,131
Marion,TX,48315,48315,94
Martin,TX,48317,48317,109
Mason,TX,48319,48319,117
Matagorda,TX,48321,48321,100
Maverick,TX,48323,48323,99
Medina,TX,48325,48325,106
Menard,TX,48327,48327,120
Midland,TX,48329,48329,102
Milam,TX,48331,48331,98
Mills,TX,48333,48333,95
Mitchell,TX,48335,48335,155
Montague,TX,48337,48337,94
Montgomery,TX,48339,48339,98
Moore,TX,48341,48341,110
Morris,TX,48343,48343,90
Motley,TX,48345,48345,117
Nacogdoches,TX,48347,48347,92
Navarro,TX,48349,48349,97
Newton,TX,48351,48351,105
Nolan,TX,48353,48353,105
Nueces,TX,48355,48355,98
Ochiltree,TX,48357,48357,102
Oldham,TX,48359,48359,112
Orange,TX,48361,48361,99
Palo Pinto,TX,48363,48363,97
Panola,TX,48365,48365,97
Parker,TX,48367,48367,99
Parmer,TX,48369,48369,105
Pecos,TX,48371,48371,131
Polk,TX,48373,48373,118
Potter,TX,48375,48375,107
Presidio,TX,48377,48377,93
Rains,TX,48379,48379,101
Randall,TX,48381,48381,96
Reagan,TX,48383,48383,108
Real,TX,48385,48385,78
Red River,TX,48387,48387,90
Reeves,TX,48389,48389,130
Refugio,TX,48391,48391,93
Roberts,TX,48393,48393,93
Robertson,TX,48395,48395,96
Rockwall,TX,48397,48397,98
Runnels,TX,48399,48399,101
Rusk,TX,48401,48401,114
Sabine,TX,48403,48403,92
San Augustine,TX,48405,48405,92
San Jacinto,TX,48407,48407,96
San Patricio,TX,48409,48409,102
San Saba,TX,48411,48411,106
Schleicher,TX,48413,48413,102
Scurry,TX,48415,48415,119
Shackelford,TX,48417,48417,113
Shelby,TX,48419,48419,99
Sherman,TX,48421,48421,109
Smith,TX,48423,48423,93
Somervell,TX,48425,48425,101
Starr,TX,48427,48427,95
Stephens,TX,48429,48429,108
Sterling,TX,48431,48431,123
Stonewall,TX,48433,48433,95
Sutton,TX,48435,48435,117
Swisher,TX,48437,48437,120
Tarrant,TX,48439,48439,96
Taylor,TX,48441,48441,95
Terrell,TX,48443,48443,89
Terry,TX,48445,48445,105
Throckmorton,TX,48447,48447,85
Titus,TX,48449,48449,97
Tom Green,TX,48451,48451,99
Travis,TX,48453,48453,102
Trinity,TX,48455,48455,92
Tyler,TX,48457,48457,119
Upshur,TX,48459,48459,96
Upton,TX,48461,48461,108
Uvalde,TX,48463,48463,96
Val Verde,TX,48465,48465,104
Van Zandt,TX,48467,48467,97
Victoria,TX,48469,48469,96
Walker,TX,48471,48471,140
Waller,TX,48473,48473,99
Ward,TX,48475,48475,99
Washington,TX,48477,48477,97
Webb,TX,48479,48479,96
Wharton,TX,48481,48481,97
Wheeler,TX,48483,48483,106
Wichita,TX,48485,48485,108
Wilbarger,TX,48487,48487,95
Willacy,TX,48489,48489,118
Williamson,TX,48491,48491,97
Wilson,TX,48493,48493,101
Winkler,TX,48495,48495,106
Wise,TX,48497,48497,102
Wood,TX,48499,48499,99
Yoakum,TX,48501,48501,108
Young,TX,48503,48503,95
Zapata,TX,48505,48505,98
Zavala,TX,48507,48507,107
Beaver,UT,49001,49001,107
Box Elder,UT,49003,49003,104
Cache,UT,49005,49005,100
Carbon,UT,49007,49007,100
Daggett,UT,49009,49009,131
Davis,UT,49011,49011,102
Duchesne,UT,49013,49013,104
Emery,UT,49015,49015,104
Garfield,UT,49017,49017,102
Grand,UT,49019,49019,105
Iron,UT,49021,49021,98
Juab,UT,49023,49023,102
Kane,UT,49025,49025,101
Millard,UT,49027,49027,106
Morgan,UT,49029,49029,105
Piute,UT,49031,49031,120
Rich,UT,49033,49033,89
Salt Lake,UT,49035,49035,101
San Juan,UT,49037,49037,99
Sanpete,UT,49039,49039,111
Sevier,UT,49041,49041,105
Summit,UT,49043,49043,104
Tooele,UT,49045,49045,102
Uintah,UT,49047,49047,103
Utah,UT,49049,49049,102
Wasatch,UT,49051,49051,105
Washington,UT,49053,49053,98
Wayne,UT,49055,49055,106
Weber,UT,49057,49057,101
Addison,VT,50001,50001,99
Bennington,VT,50003,50003,96
Caledonia,VT,50005,50005,101
Chittenden,VT,50007,50007,96
Essex,VT,50009,50009,101
Franklin,VT,50011,50011,99
Grand Isle,VT,50013,50013,99
Lamoille,VT,50015,50015,100
Orange,VT,50017,50017,100
Orleans,VT,50019,50019,101
Rutland,VT,50021,50021,97
Washington,VT,50023,50023,98
Windham,VT,50025,50025,94
Windsor,VT,50027,50027,96
Accomack,VA,51001,51001,95
Albemarle,VA,51003,51003,92
Alleghany,VA,51005,51005,95
Amelia,VA,51007,51007,103
Amherst,VA,51009,51009,93
Appomattox,VA,51011,51011,94
Arlington,VA,51013,51013,100
Augusta,VA,51015,51015,104
Bath,VA,51017,51017,105
Bedford,VA,51019,51019,96
Bland,VA,51021,51021,126
Botetourt,VA,51023,51023,96
Brunswick,VA,51025,51025,115
Buchanan,VA,51027,51027,101
Buckingham,VA,51029,51029,122
Campbell,VA,51031,51031,94
Caroline,VA,51033,51033,99
Carroll,VA,51035,51035,101
Charles City,VA,51036,51036,96
Charlotte,VA,51037,51037,97
Chesterfield,VA,51041,51041,93
Clarke,VA,51043,51043,103
Craig,VA,51045,51045,87
Culpeper,VA,51047,51047,100
Cumberland,VA,51049,51049,97
Dickenson,VA,51051,51051,103
Dinwiddie,VA,51053,51053,97
Essex,VA,51057,51057,82
Fairfax,VA,51059,51059,98
Fauquier,VA,51061,51061,98
Floyd,VA,51063,51063,101
Fluvanna,VA,51065,51065,85
Franklin,VA,51067,51067,96
Frederick,VA,51069,51069,99
Giles,VA,51071,51071,96
Gloucester,VA,51073,51073,95
Goochland,VA,51075,51075,99
Grayson,VA,51077,51077,105
Greene,VA,51079,51079,96
Greensville,VA,51081,51081,170
Halifax,VA,51083,51083,93
Hanover,VA,51085,51085,96
Henrico,VA,51087,51087,90
Henry,VA,51089,51089,94
Highland,VA,51091,51091,93
Isle of Wight,VA,51093,51093,96
James City,VA,51095,51095,93
King and Queen,VA,51097,51097,100
King George,VA,51099,51099,102
King William,VA,51101,51101,96
Lancaster,VA,51103,51103,88
Lee,VA,51105,51105,110
Loudoun,VA,51107,51107,98
Louisa,VA,51109,51109,96
Lunenburg,VA,51111,51111,105
Madison,VA,51113,51113,95
Mathews,VA,51115,51115,99
Mecklenburg,VA,51117,51117,94
Middlesex,VA,51119,51119,95
Montgomery,VA,51121,51121,107
Nelson,VA,51125,51125,95
New Kent,VA,51127,51127,100
Northampton,VA,51131,51131,93
Northumberland,VA,51133,51133,95
Nottoway,VA,51135,51135,122
Orange,VA,51137,51137,97
Page,VA,51139,51139,98
Patrick,VA,51141,51141,99
Pittsylvania,VA,51143,51143,97
Powhatan,VA,51145,51145,114
Prince Edward,VA,51147,51147,98
Prince George,VA,51149,51149,118
Prince William,VA,51153,51153,100
Pulaski,VA,51155,51155,100
Rappahannock,VA,51157,51157,103
Richmond,VA,51159,51159,121
Roanoke,VA,51161,51161,93
Rockbridge,VA,51163,51163,99
Rockingham,VA,51165,51165,96
Russell,VA,51167,51167,96
Scott,VA,51169,51169,102
Shenandoah,VA,51171,51171,97
Smyth,VA,51173,51173,97
Southampton,VA,51175,51175,107
Spotsylvania,VA,51177,51177,97
Stafford,VA,51179,51179,102
Surry,VA,51181,51181,94
Sussex,VA,51183,51183,149
Tazewell,VA,51185,51185,99
Warren,VA,51187,51187,99
Washington,VA,51191,51191,97
Westmoreland,VA,51193,51193,98
Wise,VA,51195,51195,110
Wythe,VA,51197,51197,95
York,VA,51199,51199,96
Alexandria City,VA,51510,51510,93
Bedford City,VA,51515,51515,N/A
Bristol City,VA,51520,51520,89
Buena Vista City,VA,51530,51530,75
Charlottesville City,VA,51540,51540,94
Chesapeake City,VA,51550,51550,96
Colonial Heights City,VA,51570,51570,86
Covington City,VA,51580,51580,92
Danville City,VA,51590,51590,85
Emporia City,VA,51595,51595,82
Fairfax City,VA,51600,51600,95
Falls Church City,VA,51610,51610,95
Franklin City,VA,51620,51620,81
Fredericksburg City,VA,51630,51630,83
Galax City,VA,51640,51640,90
Hampton City,VA,51650,51650,93
Harrisonburg City,VA,51660,51660,92
Hopewell City,VA,51670,51670,88
Lexington City,VA,51678,51678,131
Lynchburg City,VA,51680,51680,88
Manassas City,VA,51683,51683,101
Manassas Park City,VA,51685,51685,110
Martinsville City,VA,51690,51690,80
Newport News City,VA,51700,51700,94
Norfolk City,VA,51710,51710,109
Norton City,VA,51720,51720,87
Petersburg City,VA,51730,51730,84
Poquoson City,VA,51735,51735,99
Portsmouth City,VA,51740,51740,93
Radford City,VA,51750,51750,90
Richmond City,VA,51760,51760,90
Roanoke City,VA,51770,51770,91
Salem City,VA,51775,51775,87
Staunton City,VA,51790,51790,84
Suffolk City,VA,51800,51800,94
Virginia Beach City,VA,51810,51810,97
Waynesboro City,VA,51820,51820,96
Williamsburg City,VA,51830,51830,87
Winchester City,VA,51840,51840,96
Adams,WA,53001,53001,104
Asotin,WA,53003,53003,94
Benton,WA,53005,53005,100
Chelan,WA,53007,53007,101
Clallam,WA,53009,53009,97
Clark,WA,53011,53011,98
Columbia,WA,53013,53013,93
Cowlitz,WA,53015,53015,98
Douglas,WA,53017,53017,101
Ferry,WA,53019,53019,102
Franklin,WA,53021,53021,108
Garfield,WA,53023,53023,104
Grant,WA,53025,53025,103
Grays Harbor,WA,53027,53027,105
Island,WA,53029,53029,100
Jefferson,WA,53031,53031,95
King,WA,53033,53033,101
Kitsap,WA,53035,53035,105
Kittitas,WA,53037,53037,102
Klickitat,WA,53039,53039,101
Lewis,WA,53041,53041,100
Lincoln,WA,53043,53043,102
Mason,WA,53045,53045,108
Okanogan,WA,53047,53047,103
Pacific,WA,53049,53049,101
Pend Oreille,WA,53051,53051,102
Pierce,WA,53053,53053,100
San Juan,WA,53055,53055,93
Skagit,WA,53057,53057,98
Skamania,WA,53059,53059,101
Snohomish,WA,53061,53061,101
Spokane,WA,53063,53063,98
Stevens,WA,53065,53065,99
Thurston,WA,53067,53067,96
Wahkiakum,WA,53069,53069,90
Walla Walla,WA,53071,53071,105
Whatcom,WA,53073,53073,98
Whitman,WA,53075,53075,105
Yakima,WA,53077,53077,100
Barbour,WV,54001,54001,97
Berkeley,WV,54003,54003,97
Boone,WV,54005,54005,99
Braxton,WV,54007,54007,102
Brooke,WV,54009,54009,98
Cabell,WV,54011,54011,96
Calhoun,WV,54013,54013,93
Clay,WV,54015,54015,99
Doddridge,WV,54017,54017,124
Fayette,WV,54019,54019,101
Gilmer,WV,54021,54021,142
Grant,WV,54023,54023,100
Greenbrier,WV,54025,54025,95
Hampshire,WV,54027,54027,104
Hancock,WV,54029,54029,93
Hardy,WV,54031,54031,107
Harrison,WV,54033,54033,95
Jackson,WV,54035,54035,99
Jefferson,WV,54037,54037,98
Kanawha,WV,54039,54039,93
Lewis,WV,54041,54041,101
Lincoln,WV,54043,54043,99
Logan,WV,54045,54045,98
McDowell,WV,54047,54047,106
Marion,WV,54049,54049,97
Marshall,WV,54051,54051,98
Mason,WV,54053,54053,94
Mercer,WV,54055,54055,90
Mineral,WV,54057,54057,100
Mingo,WV,54059,54059,95
Monongalia,WV,54061,54061,107
Monroe,WV,54063,54063,99
Morgan,WV,54065,54065,98
Nicholas,WV,54067,54067,97
Ohio,WV,54069,54069,93
Pendleton,WV,54071,54071,105
Pleasants,WV,54073,54073,118
Pocahontas,WV,54075,54075,105
Preston,WV,54077,54077,105
Putnam,WV,54079,54079,97
Raleigh,WV,54081,54081,100
Randolph,WV,54083,54083,105
Ritchie,WV,54085,54085,98
Roane,WV,54087,54087,98
Summers,WV,54089,54089,85
Taylor,WV,54091,54091,101
Tucker,WV,54093,54093,101
Tyler,WV,54095,54095,99
Upshur,WV,54097,54097,99
Wayne,WV,54099,54099,95
Webster,WV,54101,54101,99
Wetzel,WV,54103,54103,94
Wirt,WV,54105,54105,103
Wood,WV,54107,54107,93
Wyoming,WV,54109,54109,97
Adams,WI,55001,55001,116
Ashland,WI,55003,55003,103
Barron,WI,55005,55005,99
Bayfield,WI,55007,55007,104
Brown,WI,55009,55009,98
Buffalo,WI,55011,55011,104
Burnett,WI,55013,55013,106
Calumet,WI,55015,55015,100
Chippewa,WI,55017,55017,108
Clark,WI,55019,55019,102
Columbia,WI,55021,55021,105
Crawford,WI,55023,55023,109
Dane,WI,55025,55025,99
Dodge,WI,55027,55027,108
Door,WI,55029,55029,96
Douglas,WI,55031,55031,101
Dunn,WI,55033,55033,101
Eau Claire,WI,55035,55035,98
Florence,WI,55037,55037,109
Fond du Lac,WI,55039,55039,97
Forest,WI,55041,55041,101
Grant,WI,55043,55043,108
Green,WI,55045,55045,99
Green Lake,WI,55047,55047,102
Iowa,WI,55049,55049,101
Iron,WI,55051,55051,103
Jackson,WI,55053,55053,115
Jefferson,WI,55055,55055,100
Juneau,WI,55057,55057,115
Kenosha,WI,55059,55059,98
Kewaunee,WI,55061,55061,102
La Crosse,WI,55063,55063,95
Lafayette,WI,55065,55065,103
Langlade,WI,55067,55067,103
Lincoln,WI,55069,55069,101
Manitowoc,WI,55071,55071,100
Marathon,WI,55073,55073,101
Marinette,WI,55075,55075,101
Marquette,WI,55077,55077,104
Menominee,WI,55078,55078,102
Milwaukee,WI,55079,55079,94
Monroe,WI,55081,55081,102
Oconto,WI,55083,55083,104
Oneida,WI,55085,55085,101
Outagamie,WI,55087,55087,100
Ozaukee,WI,55089,55089,97
Pepin,WI,55091,55091,103
Pierce,WI,55093,55093,98
Polk,WI,55095,55095,102
Portage,WI,55097,55097,102
Price,WI,55099,55099,103
Racine,WI,55101,55101,98
Richland,WI,55103,55103,101
Rock,WI,55105,55105,97
Rusk,WI,55107,55107,100
St. Croix,WI,55109,55109,100
Sauk,WI,55111,55111,100
Sawyer,WI,55113,55113,104
Shawano,WI,55115,55115,100
Sheboygan,WI,55117,55117,101
Taylor,WI,55119,55119,104
Trempealeau,WI,55121,55121,103
Vernon,WI,55123,55123,101
Vilas,WI,55125,55125,103
Walworth,WI,55127,55127,100
Washburn,WI,55129,55129,99
Washington,WI,55131,55131,98
Waukesha,WI,55133,55133,97
Waupaca,WI,55135,55135,105
Waushara,WI,55137,55137,111
Winnebago,WI,55139,55139,102
Wood,WI,55141,55141,97
Albany,WY,56001,56001,108
Big Horn,WY,56003,56003,104
Campbell,WY,56005,56005,103
Carbon,WY,56007,56007,116
Converse,WY,56009,56009,106
Crook,WY,56011,56011,100
Fremont,WY,56013,56013,101
Goshen,WY,56015,56015,104
Hot Springs,WY,56017,56017,101
Johnson,WY,56019,56019,109
Laramie,WY,56021,56021,103
Lincoln,WY,56023,56023,103
Natrona,WY,56025,56025,101
Niobrara,WY,56027,56027,82
Park,WY,56029,56029,97
Platte,WY,56031,56031,112
Sheridan,WY,56033,56033,99
Sublette,WY,56035,56035,124
Sweetwater,WY,56037,56037,107
Teton,WY,56039,56039,113
Uinta,WY,56041,56041,103
Washakie,WY,56043,56043,103
Weston,WY,56045,56045,112
Eastern,AS,60010,60010,N/A
Manu'a,AS,60020,60020,N/A
Rose Island,AS,60030,60030,N/A
Swains Island,AS,60040,60040,N/A
Western,AS,60050,60050,N/A
Guam,GU,66010,66010,N/A
Northern Islands,MP,69085,69085,N/A
Rota,MP,69100,69100,N/A
Saipan,MP,69110,69110,N/A
Tinian,MP,69120,69120,N/A
Adjuntas,PR,72001,72001,99
Aguada,PR,72003,72003,96
Aguadilla,PR,72005,72005,94
Aguas Buenas,PR,72007,72007,94
Aibonito,PR,72009,72009,92
Añasco,PR,72011,72011,94
Arecibo,PR,72013,72013,92
Arroyo,PR,72015,72015,88
Barceloneta,PR,72017,72017,90
Barranquitas,PR,72019,72019,97
Bayamón,PR,72021,72021,89
Cabo Rojo,PR,72023,72023,90
Caguas,PR,72025,72025,87
Camuy,PR,72027,72027,92
Canóvanas,PR,72029,72029,93
Carolina,PR,72031,72031,84
Cataño,PR,72033,72033,89
Cayey,PR,72035,72035,92
Ceiba,PR,72037,72037,90
Ciales,PR,72039,72039,95
Cidra,PR,72041,72041,94
Coamo,PR,72043,72043,94
Comerío,PR,72045,72045,98
Corozal,PR,72047,72047,94
Culebra,PR,72049,72049,104
Dorado,PR,72051,72051,91
Fajardo,PR,72053,72053,87
Florida,PR,72054,72054,93
Guánica,PR,72055,72055,93
Guayama,PR,72057,72057,98
Guayanilla,PR,72059,72059,91
Guaynabo,PR,72061,72061,89
Gurabo,PR,72063,72063,89
Hatillo,PR,72065,72065,92
Hormigueros,PR,72067,72067,85
Humacao,PR,72069,72069,89
Isabela,PR,72071,72071,95
Jayuya,PR,72073,72073,98
Juana Díaz,PR,72075,72075,91
Juncos,PR,72077,72077,91
Lajas,PR,72079,72079,95
Lares,PR,72081,72081,97
Las Marías,PR,72083,72083,100
Las Piedras,PR,72085,72085,93
Loíza,PR,72087,72087,87
Luquillo,PR,72089,72089,88
Manatí,PR,72091,72091,89
Maricao,PR,72093,72093,98
Maunabo,PR,72095,72095,95
Mayagüez,PR,72097,72097,91
Moca,PR,72099,72099,95
Morovis,PR,72101,72101,98
Naguabo,PR,72103,72103,88
Naranjito,PR,72105,72105,96
Orocovis,PR,72107,72107,100
Patillas,PR,72109,72109,95
Peñuelas,PR,72111,72111,94
Ponce,PR,72113,72113,92
Quebradillas,PR,72115,72115,93
Rincón,PR,72117,72117,93
Río Grande,PR,72119,72119,93
Sabana Grande,PR,72121,72121,89
Salinas,PR,72123,72123,94
San Germán,PR,72125,72125,95
San Juan,PR,72127,72127,84
San Lorenzo,PR,72129,72129,95
San Sebastián,PR,72131,72131,94
Santa Isabel,PR,72133,72133,93
Toa Alta,PR,72135,72135,92
Toa Baja,PR,72137,72137,88
Trujillo Alto,PR,72139,72139,89
Utuado,PR,72141,72141,94
Vega Alta,PR,72143,72143,92
Vega Baja,PR,72145,72145,92
Vieques,PR,72147,72147,98
Villalba,PR,72149,72149,94
Yabucoa,PR,72151,72151,94
Yauco,PR,72153,72153,92
St. Croix,VI,78010,78010,N/A
St. John,VI,78020,78020,N/A
St. Thomas,VI,78030,78030,N/A