County,State,FIPS Code,Formatted FIPS,"Estimated median income of a household, between 2015-2019."
Autauga,AL,1001,01001,58731
Baldwin,AL,1003,01003,58320
Barbour,AL,1005,01005,32525
Bibb,AL,1007,01007,47542
Blount,AL,1009,01009,49358
Bullock,AL,1011,01011,37785
Butler,AL,1013,01013,40688
Calhoun,AL,1015,01015,47255
Chambers,AL,1017,01017,42289
Cherokee,AL,1019,01019,41919
Chilton,AL,1021,01021,47468
Choctaw,AL,1023,01023,35892
Clarke,AL,1025,01025,37404
Clay,AL,1027,01027,40845
Cleburne,AL,1029,01029,44741
Coffee,AL,1031,01031,55637
Colbert,AL,1033,01033,48065
Conecuh,AL,1035,01035,37837
Coosa,AL,1037,01037,38990
Covington,AL,1039,01039,42189
Crenshaw,AL,1041,01041,43163
Cullman,AL,1043,01043,44918
Dale,AL,1045,01045,47214
Dallas,AL,1047,01047,33845
DeKalb,AL,1049,01049,40440
Elmore,AL,1051,01051,60891
Escambia,AL,1053,01053,36275
Etowah,AL,1055,01055,44637
Fayette,AL,1057,01057,39856
Franklin,AL,1059,01059,43514
Geneva,AL,1061,01061,41732
Greene,AL,1063,01063,24145
Hale,AL,1065,01065,34046
Henry,AL,1067,01067,50017
Houston,AL,1069,01069,47580
Jackson,AL,1071,01071,41769
Jefferson,AL,1073,01073,53901
Lamar,AL,1075,01075,38364
Lauderdale,AL,1077,01077,48094
Lawrence,AL,1079,01079,44886
Lee,AL,1081,01081,51463
Limestone,AL,1083,01083,59686
Lowndes,AL,1085,01085,30036
Macon,AL,1087,01087,33370
Madison,AL,1089,01089,65449
Marengo,AL,1091,01091,33241
Marion,AL,1093,01093,35930
Marshall,AL,1095,01095,45983
Mobile,AL,1097,01097,47583
Monroe,AL,1099,01099,30441
Montgomery,AL,1101,01101,50124
Morgan,AL,1103,01103,52156
Perry,AL,1105,01105,23447
Pickens,AL,1107,01107,39848
Pike,AL,1109,01109,37446
Randolph,AL,1111,01111,43395
Russell,AL,1113,01113,42443
St. Clair,AL,1115,01115,58308
Shelby,AL,1117,01117,77799
Sumter,AL,1119,01119,24320
Talladega,AL,1121,01121,41325
Tallapoosa,AL,1123,01123,45828
Tuscaloosa,AL,1125,01125,53326
Walker,AL,1127,01127,43629
Washington,AL,1129,01129,41370
Wilcox,AL,1131,01131,31014
Winston,AL,1133,01133,35788
Aleutians East,AK,2013,02013,69250
Aleutians West,AK,2016,02016,87466
Anchorage,AK,2020,02020,84928
Bethel,AK,2050,02050,53553
Bristol Bay,AK,2060,02060,79808
Denali,AK,2068,02068,81719
Dillingham,AK,2070,02070,56898
Fairbanks North Star,AK,2090,02090,76992
Haines,AK,2100,02100,58059
Hoonah-Angoon,AK,2105,02105,59803
Juneau,AK,2110,02110,88390
Kenai Peninsula,AK,2122,02122,66064
Ketchikan Gateway,AK,2130,02130,72728
Kodiak Island,AK,2150,02150,85839
Lake and Peninsula,AK,2164,02164,44135
Matanuska-Susitna,AK,2170,02170,75493
Nome,AK,2180,02180,61048
North Slope,AK,2185,02185,79306
Northwest Arctic,AK,2188,02188,60906
Petersburg,AK,2195,02195,69948
Prince of Wales-Hyder,AK,2198,02198,52379
Sitka,AK,2220,02220,73682
Skagway,AK,2230,02230,73906
Southeast Fairbanks,AK,2240,02240,70056
Valdez-Cordova,AK,2261,02261,79867
Wade Hampton,AK,2270,02270,36754
Wrangell,AK,2275,02275,53894
Yakutat,AK,2282,02282,71607
Yukon-Koyukuk,AK,2290,02290,41413
Apache,AZ,4001,04001,32508
Cochise,AZ,4003,04003,49260
Coconino,AZ,4005,04005,59460
Gila,AZ,4007,04007,43524
Graham,AZ,4009,04009,51353
Greenlee,AZ,4011,04011,63473
La Paz,AZ,4012,04012,34643
Maricopa,AZ,4013,04013,64468
Mohave,AZ,4015,04015,45587
Navajo,AZ,4017,04017,40067
Pima,AZ,4019,04019,53379
Pinal,AZ,4021,04021,58174
Santa Cruz,AZ,4023,04023,41259
Yavapai,AZ,4025,04025,52451
Yuma,AZ,4027,04027,45243
Arkansas,AR,5001,05001,46696
Ashley,AR,5003,05003,44744
Baxter,AR,5005,05005,42260
Benton,AR,5007,05007,66362
Boone,AR,5009,05009,45374
Bradley,AR,5011,05011,43184
Calhoun,AR,5013,05013,46417
Carroll,AR,5015,05015,46110
Chicot,AR,5017,05017,34147
Clark,AR,5019,05019,41620
Clay,AR,5021,05021,37233
Cleburne,AR,5023,05023,44483
Cleveland,AR,5025,05025,46684
Columbia,AR,5027,05027,36193
Conway,AR,5029,05029,42802
Craighead,AR,5031,05031,47286
Crawford,AR,5033,05033,46828
Crittenden,AR,5035,05035,40161
Cross,AR,5037,05037,46787
Dallas,AR,5039,05039,38072
Desha,AR,5041,05041,31893
Drew,AR,5043,05043,46997
Faulkner,AR,5045,05045,52827
Franklin,AR,5047,05047,38923
Fulton,AR,5049,05049,35405
Garland,AR,5051,05051,44777
Grant,AR,5053,05053,55388
Greene,AR,5055,05055,47056
Hempstead,AR,5057,05057,42860
Hot Spring,AR,5059,05059,43889
Howard,AR,5061,05061,36059
Independence,AR,5063,05063,44319
Izard,AR,5065,05065,42876
Jackson,AR,5067,05067,34109
Jefferson,AR,5069,05069,40726
Johnson,AR,5071,05071,38511
Lafayette,AR,5073,05073,32397
Lawrence,AR,5075,05075,39993
Lee,AR,5077,05077,29681
Lincoln,AR,5079,05079,46596
Little River,AR,5081,05081,45113
Logan,AR,5083,05083,41466
Lonoke,AR,5085,05085,59094
Madison,AR,5087,05087,41682
Marion,AR,5089,05089,36719
Miller,AR,5091,05091,43371
Mississippi,AR,5093,05093,39962
Monroe,AR,5095,05095,38468
Montgomery,AR,5097,05097,35741
Nevada,AR,5099,05099,38042
Newton,AR,5101,05101,38082
Ouachita,AR,5103,05103,35425
Perry,AR,5105,05105,48667
Phillips,AR,5107,05107,29320
Pike,AR,5109,05109,40401
Poinsett,AR,5111,05111,40921
Polk,AR,5113,05113,37974
Pope,AR,5115,05115,43462
Prairie,AR,5117,05117,42660
Pulaski,AR,5119,05119,51749
Randolph,AR,5121,05121,37218
St. Francis,AR,5123,05123,35348
Saline,AR,5125,05125,64412
Scott,AR,5127,05127,36092
Searcy,AR,5129,05129,36438
Sebastian,AR,5131,05131,46228
Sevier,AR,5133,05133,47704
Sharp,AR,5135,05135,34671
Stone,AR,5137,05137,38188
Union,AR,5139,05139,44663
Van Buren,AR,5141,05141,38499
Washington,AR,5143,05143,50451
White,AR,5145,05145,44029
Woodruff,AR,5147,05147,32845
Yell,AR,5149,05149,43923
Alameda,CA,6001,06001,99406
Alpine,CA,6003,06003,63750
Amador,CA,6005,06005,62772
Butte,CA,6007,06007,52537
Calaveras,CA,6009,06009,63158
Colusa,CA,6011,06011,59401
Contra Costa,CA,6013,06013,99716
Del Norte,CA,6015,06015,45283
El Dorado,CA,6017,06017,83377
Fresno,CA,6019,06019,53969
Glenn,CA,6021,06021,49633
Humboldt,CA,6023,06023,48041
Imperial,CA,6025,06025,47622
Inyo,CA,6027,06027,57316
Kern,CA,6029,06029,53350
Kings,CA,6031,06031,57848
Lake,CA,6033,06033,47040
Lassen,CA,6035,06035,56352
Los Angeles,CA,6037,06037,68044
Madera,CA,6039,06039,57585
Marin,CA,6041,06041,115246
Mariposa,CA,6043,06043,48820
Mendocino,CA,6045,06045,51416
Merced,CA,6047,06047,53672
Modoc,CA,6049,06049,45507
Mono,CA,6051,06051,62260
Monterey,CA,6053,06053,71015
Napa,CA,6055,06055,88596
Nevada,CA,6057,06057,66096
Orange,CA,6059,06059,90234
Placer,CA,6061,06061,89691
Plumas,CA,6063,06063,55359
Riverside,CA,6065,06065,67005
Sacramento,CA,6067,06067,67151
San Benito,CA,6069,06069,86958
San Bernardino,CA,6071,06071,63362
San Diego,CA,6073,06073,78980
San Francisco,CA,6075,06075,112449
San Joaquin,CA,6077,06077,64432
San Luis Obispo,CA,6079,06079,73518
San Mateo,CA,6081,06081,122641
Santa Barbara,CA,6083,06083,74624
Santa Clara,CA,6085,06085,124055
Santa Cruz,CA,6087,06087,82234
Shasta,CA,6089,06089,54667
Sierra,CA,6091,06091,52148
Siskiyou,CA,6093,06093,45241
Solano,CA,6095,06095,81472
Sonoma,CA,6097,06097,81018
Stanislaus,CA,6099,06099,60704
Sutter,CA,6101,06101,59050
Tehama,CA,6103,06103,44514
Trinity,CA,6105,06105,40846
Tulare,CA,6107,06107,49687
Tuolumne,CA,6109,06109,60108
Ventura,CA,6111,06111,88131
Yolo,CA,6113,06113,70228
Yuba,CA,6115,06115,58054
Adams,CO,8001,08001,71202
Alamosa,CO,8003,08003,37515
Arapahoe,CO,8005,08005,77469
Archuleta,CO,8007,08007,52221
Baca,CO,8009,08009,35878
Bent,CO,8011,08011,30900
Boulder,CO,8013,08013,83019
Broomfield,CO,8014,08014,96416
Chaffee,CO,8015,08015,55771
Cheyenne,CO,8017,08017,53977
Clear Creek,CO,8019,08019,67060
Conejos,CO,8021,08021,36084
Costilla,CO,8023,08023,30965
Crowley,CO,8025,08025,42135
Custer,CO,8027,08027,53119
Delta,CO,8029,08029,45269
Denver,CO,8031,08031,68592
Dolores,CO,8033,08033,45972
Douglas,CO,8035,08035,119730
Eagle,CO,8037,08037,84790
Elbert,CO,8039,08039,99199
El Paso,CO,8041,08041,68779
Fremont,CO,8043,08043,49409
Garfield,CO,8045,08045,75937
Gilpin,CO,8047,08047,76429
Grand,CO,8049,08049,71198
Gunnison,CO,8051,08051,56577
Hinsdale,CO,8053,08053,56339
Huerfano,CO,8055,08055,38137
Jackson,CO,8057,08057,53300
Jefferson,CO,8059,08059,82986
Kiowa,CO,8061,08061,41731
Kit Carson,CO,8063,08063,49349
Lake,CO,8065,08065,50565
La Plata,CO,8067,08067,68685
Larimer,CO,8069,08069,71881
Las Animas,CO,8071,08071,41817
Lincoln,CO,8073,08073,47258
Logan,CO,8075,08075,53318
Mesa,CO,8077,08077,55379
Mineral,CO,8079,08079,62188
Moffat,CO,8081,08081,57229
Montezuma,CO,8083,08083,49470
Montrose,CO,8085,08085,50489
Morgan,CO,8087,08087,53682
Otero,CO,8089,08089,38169
Ouray,CO,8091,08091,66417
Park,CO,8093,08093,73622
Phillips,CO,8095,08095,51155
Pitkin,CO,8097,08097,78935
Prowers,CO,8099,08099,41929
Pueblo,CO,8101,08101,46783
Rio Blanco,CO,8103,08103,54357
Rio Grande,CO,8105,08105,39123
Routt,CO,8107,08107,77443
Saguache,CO,8109,08109,38571
San Juan,CO,8111,08111,54625
San Miguel,CO,8113,08113,67038
Sedgwick,CO,8115,08115,43150
Summit,CO,8117,08117,79277
Teller,CO,8119,08119,66592
Washington,CO,8121,08121,50094
Weld,CO,8123,08123,74150
Yuma,CO,8125,08125,52022
Fairfield,CT,9001,09001,95645
Hartford,CT,9003,09003,75148
Litchfield,CT,9005,09005,79906
Middlesex,CT,9007,09007,85898
New Haven,CT,9009,09009,69905
New London,CT,9011,09011,73490
Tolland,CT,9013,09013,87069
Windham,CT,9015,09015,66550
Kent,DE,10001,10001,60910
New Castle,DE,10003,10003,73892
Sussex,DE,10005,10005,63162
District of Columbia,DC,11001,11001,86420
Alachua,FL,12001,12001,49689
Baker,FL,12003,12003,63275
Bay,FL,12005,12005,54316
Bradford,FL,12007,12007,45921
Brevard,FL,12009,12009,56775
Broward,FL,12011,12011,59547
Calhoun,FL,12013,12013,38568
Charlotte,FL,12015,12015,51499
Citrus,FL,12017,12017,44237
Clay,FL,12019,12019,65740
Collier,FL,12021,12021,69653
Columbia,FL,12023,12023,46494
DeSoto,FL,12027,12027,35438
Dixie,FL,12029,12029,39828
Duval,FL,12031,12031,55807
Escambia,FL,12033,12033,50915
Flagler,FL,12035,12035,54514
Franklin,FL,12037,12037,46643
Gadsden,FL,12039,12039,41401
Gilchrist,FL,12041,12041,43640
Glades,FL,12043,12043,40977
Gulf,FL,12045,12045,47712
Hamilton,FL,12047,12047,38569
Hardee,FL,12049,12049,38682
Hendry,FL,12051,12051,40820
Hernando,FL,12053,12053,48812
Highlands,FL,12055,12055,40942
Hillsborough,FL,12057,12057,58884
Holmes,FL,12059,12059,39102
Indian River,FL,12061,12061,54740
Jackson,FL,12063,12063,39872
Jefferson,FL,12065,12065,47240
Lafayette,FL,12067,12067,50165
Lake,FL,12069,12069,54513
Lee,FL,12071,12071,57832
Leon,FL,12073,12073,53106
Levy,FL,12075,12075,37326
Liberty,FL,12077,12077,38015
Madison,FL,12079,12079,37037
Manatee,FL,12081,12081,59009
Marion,FL,12083,12083,45371
Martin,FL,12085,12085,61133
Miami-Dade,FL,12086,12086,51347
Monroe,FL,12087,12087,70033
Nassau,FL,12089,12089,69943
Okaloosa,FL,12091,12091,63412
Okeechobee,FL,12093,12093,41760
Orange,FL,12095,12095,58254
Osceola,FL,12097,12097,52279
Palm Beach,FL,12099,12099,63299
Pasco,FL,12101,12101,52828
Pinellas,FL,12103,12103,54090
Polk,FL,12105,12105,50584
Putnam,FL,12107,12107,37670
St. Johns,FL,12109,12109,82252
St. Lucie,FL,12111,12111,52322
Santa Rosa,FL,12113,12113,67949
Sarasota,FL,12115,12115,62236
Seminole,FL,12117,12117,66768
Sumter,FL,12119,12119,57226
Suwannee,FL,12121,12121,47839
Taylor,FL,12123,12123,40306
Union,FL,12125,12125,44270
Volusia,FL,12127,12127,49494
Wakulla,FL,12129,12129,61410
Walton,FL,12131,12131,58093
Washington,FL,12133,12133,37022
Appling,GA,13001,13001,40304
Atkinson,GA,13003,13003,37197
Bacon,GA,13005,13005,37519
Baker,GA,13007,13007,32917
Baldwin,GA,13009,13009,43672
Banks,GA,13011,13011,47811
Barrow,GA,13013,13013,62345
Bartow,GA,13015,13015,57423
Ben Hill,GA,13017,13017,32229
Berrien,GA,13019,13019,40415
Bibb,GA,13021,13021,41334
Bleckley,GA,13023,13023,48174
Brantley,GA,13025,13025,38857
Brooks,GA,13027,13027,38285
Bryan,GA,13029,13029,72624
Bulloch,GA,13031,13031,45550
Burke,GA,13033,13033,44151
Butts,GA,13035,13035,43471
Calhoun,GA,13037,13037,34167
Camden,GA,13039,13039,56951
Candler,GA,13043,13043,33736
Carroll,GA,13045,13045,53737
Catoosa,GA,13047,13047,56235
Charlton,GA,13049,13049,41961
Chatham,GA,13051,13051,56842
Chattahoochee,GA,13053,13053,47096
Chattooga,GA,13055,13055,36807
Cherokee,GA,13057,13057,82740
Clarke,GA,13059,13059,38623
Clay,GA,13061,13061,22325
Clayton,GA,13063,13063,47864
Clinch,GA,13065,13065,27658
Cobb,GA,13067,13067,77932
Coffee,GA,13069,13069,40859
Colquitt,GA,13071,13071,36435
Columbia,GA,13073,13073,82339
Cook,GA,13075,13075,41854
Coweta,GA,13077,13077,75913
Crawford,GA,13079,13079,46283
Crisp,GA,13081,13081,36042
Dade,GA,13083,13083,42581
Dawson,GA,13085,13085,66281
Decatur,GA,13087,13087,41481
DeKalb,GA,13089,13089,62399
Dodge,GA,13091,13091,39302
Dooly,GA,13093,13093,37340
Dougherty,GA,13095,13095,39584
Douglas,GA,13097,13097,63835
Early,GA,13099,13099,30640
Echols,GA,13101,13101,39494
Effingham,GA,13103,13103,66822
Elbert,GA,13105,13105,38678
Emanuel,GA,13107,13107,37453
Evans,GA,13109,13109,42607
Fannin,GA,13111,13111,47997
Fayette,GA,13113,13113,90145
Floyd,GA,13115,13115,48336
Forsyth,GA,13117,13117,107218
Franklin,GA,13119,13119,42488
Fulton,GA,13121,13121,69673
Gilmer,GA,13123,13123,52625
Glascock,GA,13125,13125,45000
Glynn,GA,13127,13127,52977
Gordon,GA,13129,13129,45865
Grady,GA,13131,13131,43531
Greene,GA,13133,13133,52129
Gwinnett,GA,13135,13135,71026
Habersham,GA,13137,13137,50563
Hall,GA,13139,13139,62984
Hancock,GA,13141,13141,31860
Haralson,GA,13143,13143,48550
Harris,GA,13145,13145,76319
Hart,GA,13147,13147,43204
Heard,GA,13149,13149,51358
Henry,GA,13151,13151,71288
Houston,GA,13153,13153,61723
Irwin,GA,13155,13155,37736
Jackson,GA,13157,13157,65385
Jasper,GA,13159,13159,51250
Jeff Davis,GA,13161,13161,36669
Jefferson,GA,13163,13163,33944
Jenkins,GA,13165,13165,27375
Johnson,GA,13167,13167,42446
Jones,GA,13169,13169,56020
Lamar,GA,13171,13171,44846
Lanier,GA,13173,13173,40986
Laurens,GA,13175,13175,39120
Lee,GA,13177,13177,69280
Liberty,GA,13179,13179,48007
Lincoln,GA,13181,13181,39742
Long,GA,13183,13183,54605
Lowndes,GA,13185,13185,42441
Lumpkin,GA,13187,13187,51790
McDuffie,GA,13189,13189,43468
McIntosh,GA,13191,13191,49504
Macon,GA,13193,13193,32161
Madison,GA,13195,13195,52500
Marion,GA,13197,13197,44643
Meriwether,GA,13199,13199,37121
Miller,GA,13201,13201,44542
Mitchell,GA,13205,13205,38116
Monroe,GA,13207,13207,54754
Montgomery,GA,13209,13209,41996
Morgan,GA,13211,13211,66178
Murray,GA,13213,13213,48033
Muscogee,GA,13215,13215,46408
Newton,GA,13217,13217,56316
Oconee,GA,13219,13219,90751
Oglethorpe,GA,13221,13221,47120
Paulding,GA,13223,13223,68370
Peach,GA,13225,13225,46636
Pickens,GA,13227,13227,67631
Pierce,GA,13229,13229,42804
Pike,GA,13231,13231,64878
Polk,GA,13233,13233,44891
Pulaski,GA,13235,13235,45148
Putnam,GA,13237,13237,51606
Quitman,GA,13239,13239,26667
Rabun,GA,13241,13241,42500
Randolph,GA,13243,13243,31699
Richmond,GA,13245,13245,42728
Rockdale,GA,13247,13247,60189
Schley,GA,13249,13249,44448
Screven,GA,13251,13251,39842
Seminole,GA,13253,13253,33357
Spalding,GA,13255,13255,47111
Stephens,GA,13257,13257,47164
Stewart,GA,13259,13259,29732
Sumter,GA,13261,13261,36681
Talbot,GA,13263,13263,38549
Taliaferro,GA,13265,13265,37446
Tattnall,GA,13267,13267,40730
Taylor,GA,13269,13269,33832
Telfair,GA,13271,13271,32405
Terrell,GA,13273,13273,34768
Thomas,GA,13275,13275,43740
Tift,GA,13277,13277,45639
Toombs,GA,13279,13279,40175
Towns,GA,13281,13281,48219
Treutlen,GA,13283,13283,32241
Troup,GA,13285,13285,45649
Turner,GA,13287,13287,37039
Twiggs,GA,13289,13289,34879
Union,GA,13291,13291,50021
Upson,GA,13293,13293,37640
Walker,GA,13295,13295,46157
Walton,GA,13297,13297,61599
Ware,GA,13299,13299,36869
Warren,GA,13301,13301,37203
Washington,GA,13303,13303,38068
Wayne,GA,13305,13305,45483
Webster,GA,13307,13307,37297
Wheeler,GA,13309,13309,30192
White,GA,13311,13311,52493
Whitfield,GA,13313,13313,48623
Wilcox,GA,13315,13315,36964
Wilkes,GA,13317,13317,37838
Wilkinson,GA,13319,13319,38996
Worth,GA,13321,13321,45398
Hawaii,HI,15001,15001,62409
Honolulu,HI,15003,15003,85857
Kalawao,HI,15005,15005,69375
Kauai,HI,15007,15007,83554
Maui,HI,15009,15009,80948
Ada,ID,16001,16001,66293
Adams,ID,16003,16003,48856
Bannock,ID,16005,16005,51734
Bear Lake,ID,16007,16007,54167
Benewah,ID,16009,16009,47556
Bingham,ID,16011,16011,55472
Blaine,ID,16013,16013,56694
Boise,ID,16015,16015,59646
Bonner,ID,16017,16017,50256
Bonneville,ID,16019,16019,60615
Boundary,ID,16021,16021,43423
Butte,ID,16023,16023,42132
Camas,ID,16025,16025,39688
Canyon,ID,16027,16027,52134
Caribou,ID,16029,16029,59053
Cassia,ID,16031,16031,52935
Clark,ID,16033,16033,46154
Clearwater,ID,16035,16035,43915
Custer,ID,16037,16037,40875
Elmore,ID,16039,16039,46855
Franklin,ID,16041,16041,57215
Fremont,ID,16043,16043,58065
Gem,ID,16045,16045,45492
Gooding,ID,16047,16047,47204
Idaho,ID,16049,16049,41516
Jefferson,ID,16051,16051,63048
Jerome,ID,16053,16053,52921
Kootenai,ID,16055,16055,57242
Latah,ID,16057,16057,49158
Lemhi,ID,16059,16059,39324
Lewis,ID,16061,16061,41198
Lincoln,ID,16063,16063,50053
Madison,ID,16065,16065,39160
Minidoka,ID,16067,16067,53370
Nez Perce,ID,16069,16069,58107
Oneida,ID,16071,16071,53841
Owyhee,ID,16073,16073,43798
Payette,ID,16075,16075,50579
Power,ID,16077,16077,48823
Shoshone,ID,16079,16079,39386
Teton,ID,16081,16081,74216
Twin Falls,ID,16083,16083,52919
Valley,ID,16085,16085,64475
Washington,ID,16087,16087,40992
Adams,IL,17001,17001,52993
Alexander,IL,17003,17003,36806
Bond,IL,17005,17005,57289
Boone,IL,17007,17007,69272
Brown,IL,17009,17009,61655
Bureau,IL,17011,17011,57436
Calhoun,IL,17013,17013,63009
Carroll,IL,17015,17015,52410
Cass,IL,17017,17017,52373
Champaign,IL,17019,17019,52797
Christian,IL,17021,17021,52834
Clark,IL,17023,17023,56531
Clay,IL,17025,17025,48500
Clinton,IL,17027,17027,66639
Coles,IL,17029,17029,46202
Cook,IL,17031,17031,64660
Crawford,IL,17033,17033,49779
Cumberland,IL,17035,17035,56206
DeKalb,IL,17037,17037,63317
De Witt,IL,17039,17039,55587
Douglas,IL,17041,17041,56714
DuPage,IL,17043,17043,92809
Edgar,IL,17045,17045,53647
Edwards,IL,17047,17047,51080
Effingham,IL,17049,17049,56685
Fayette,IL,17051,17051,46650
Ford,IL,17053,17053,52092
Franklin,IL,17055,17055,42769
Fulton,IL,17057,17057,51643
Gallatin,IL,17059,17059,44076
Greene,IL,17061,17061,49885
Grundy,IL,17063,17063,77350
Hamilton,IL,17065,17065,54046
Hancock,IL,17067,17067,52561
Hardin,IL,17069,17069,51250
Henderson,IL,17071,17071,53676
Henry,IL,17073,17073,59933
Iroquois,IL,17075,17075,52700
Jackson,IL,17077,17077,37241
Jasper,IL,17079,17079,54256
Jefferson,IL,17081,17081,49896
Jersey,IL,17083,17083,63028
Jo Daviess,IL,17085,17085,57946
Johnson,IL,17087,17087,52774
Kane,IL,17089,17089,79394
Kankakee,IL,17091,17091,58902
Kendall,IL,17093,17093,96563
Knox,IL,17095,17095,44129
Lake,IL,17097,17097,89427
LaSalle,IL,17099,17099,58142
Lawrence,IL,17101,17101,46636
Lee,IL,17103,17103,58194
Livingston,IL,17105,17105,55160
Logan,IL,17107,17107,57308
McDonough,IL,17109,17109,44471
McHenry,IL,17111,17111,86799
McLean,IL,17113,17113,67675
Macon,IL,17115,17115,50480
Macoupin,IL,17117,17117,55159
Madison,IL,17119,17119,60738
Marion,IL,17121,17121,47519
Marshall,IL,17123,17123,58465
Mason,IL,17125,17125,48417
Massac,IL,17127,17127,47481
Menard,IL,17129,17129,74684
Mercer,IL,17131,17131,59787
Monroe,IL,17133,17133,85747
Montgomery,IL,17135,17135,52748
Morgan,IL,17137,17137,51437
Moultrie,IL,17139,17139,61456
Ogle,IL,17141,17141,60986
Peoria,IL,17143,17143,55842
Perry,IL,17145,17145,52428
Piatt,IL,17147,17147,70849
Pike,IL,17149,17149,47492
Pope,IL,17151,17151,38056
Pulaski,IL,17153,17153,34640
Putnam,IL,17155,17155,63638
Randolph,IL,17157,17157,53816
Richland,IL,17159,17159,48894
Rock Island,IL,17161,17161,54858
St. Clair,IL,17163,17163,55179
Saline,IL,17165,17165,44090
Sangamon,IL,17167,17167,61912
Schuyler,IL,17169,17169,52357
Scott,IL,17171,17171,57118
Shelby,IL,17173,17173,52953
Stark,IL,17175,17175,54907
Stephenson,IL,17177,17177,48805
Tazewell,IL,17179,17179,63454
Union,IL,17181,17181,50625
Vermilion,IL,17183,17183,46515
Wabash,IL,17185,17185,50770
Warren,IL,17187,17187,50310
Washington,IL,17189,17189,61763
Wayne,IL,17191,17191,50251
White,IL,17193,17193,49290
Whiteside,IL,17195,17195,54232
Will,IL,17197,17197,86961
Williamson,IL,17199,17199,50734
Winnebago,IL,17201,17201,54489
Woodford,IL,17203,17203,72808
Adams,IN,18001,18001,52504
Allen,IN,18003,18003,54857
Bartholomew,IN,18005,18005,63431
Benton,IN,18007,18007,49488
Blackford,IN,18009,18009,43505
Boone,IN,18011,18011,83077
Brown,IN,18013,18013,61030
Carroll,IN,18015,18015,54806
Cass,IN,18017,18017,49415
Clark,IN,18019,18019,55630
Clay,IN,18021,18021,55637
Clinton,IN,18023,18023,54286
Crawford,IN,18025,18025,41662
Daviess,IN,18027,18027,53629
Dearborn,IN,18029,18029,68658
Decatur,IN,18031,18031,57949
DeKalb,IN,18033,18033,56421
Delaware,IN,18035,18035,43512
Dubois,IN,18037,18037,60666
Elkhart,IN,18039,18039,57021
Fayette,IN,18041,18041,46175
Floyd,IN,18043,18043,64468
Fountain,IN,18045,18045,52874
Franklin,IN,18047,18047,62462
Fulton,IN,18049,18049,52034
Gibson,IN,18051,18051,55462
Grant,IN,18053,18053,44356
Greene,IN,18055,18055,51613
Hamilton,IN,18057,18057,98173
Hancock,IN,18059,18059,74072
Harrison,IN,18061,18061,57712
Hendricks,IN,18063,18063,81933
Henry,IN,18065,18065,49832
Howard,IN,18067,18067,52373
Huntington,IN,18069,18069,53632
Jackson,IN,18071,18071,51250
Jasper,IN,18073,18073,63892
Jay,IN,18075,18075,47658
Jefferson,IN,18077,18077,52718
Jennings,IN,18079,18079,54191
Johnson,IN,18081,18081,72440
Knox,IN,18083,18083,47380
Kosciusko,IN,18085,18085,61366
LaGrange,IN,18087,18087,64498
Lake,IN,18089,18089,56128
LaPorte,IN,18091,18091,53658
Lawrence,IN,18093,18093,53610
Madison,IN,18095,18095,49522
Marion,IN,18097,18097,48316
Marshall,IN,18099,18099,52658
Martin,IN,18101,18101,52726
Miami,IN,18103,18103,50657
Monroe,IN,18105,18105,49839
Montgomery,IN,18107,18107,55522
Morgan,IN,18109,18109,64335
Newton,IN,18111,18111,55356
Noble,IN,18113,18113,56789
Ohio,IN,18115,18115,60128
Orange,IN,18117,18117,47917
Owen,IN,18119,18119,49543
Parke,IN,18121,18121,52618
Perry,IN,18123,18123,52348
Pike,IN,18125,18125,50194
Porter,IN,18127,18127,71152
Posey,IN,18129,18129,64196
Pulaski,IN,18131,18131,49580
Putnam,IN,18133,18133,61047
Randolph,IN,18135,18135,48036
Ripley,IN,18137,18137,56332
Rush,IN,18139,18139,54346
St. Joseph,IN,18141,18141,52769
Scott,IN,18143,18143,48700
Shelby,IN,18145,18145,60404
Spencer,IN,18147,18147,57305
Starke,IN,18149,18149,51190
Steuben,IN,18151,18151,58279
Sullivan,IN,18153,18153,50245
Switzerland,IN,18155,18155,49383
Tippecanoe,IN,18157,18157,53130
Tipton,IN,18159,18159,58118
Union,IN,18161,18161,50375
Vanderburgh,IN,18163,18163,49708
Vermillion,IN,18165,18165,50243
Vigo,IN,18167,18167,45230
Wabash,IN,18169,18169,54259
Warren,IN,18171,18171,60553
Warrick,IN,18173,18173,73482
Washington,IN,18175,18175,47983
Wayne,IN,18177,18177,46516
Wells,IN,18179,18179,59237
White,IN,18181,18181,54576
Whitley,IN,18183,18183,61741
Adair,IA,19001,19001,53363
Adams,IA,19003,19003,49255
Allamakee,IA,19005,19005,52216
Appanoose,IA,19007,19007,40167
Audubon,IA,19009,19009,52055
Benton,IA,19011,19011,67729
Black Hawk,IA,19013,19013,53539
Boone,IA,19015,19015,64000
Bremer,IA,19017,19017,70395
Buchanan,IA,19019,19019,64837
Buena Vista,IA,19021,19021,57125
Butler,IA,19023,19023,57115
Calhoun,IA,19025,19025,52323
Carroll,IA,19027,19027,59212
Cass,IA,19029,19029,50187
Cedar,IA,19031,19031,67795
Cerro Gordo,IA,19033,19033,53963
Cherokee,IA,19035,19035,56550
Chickasaw,IA,19037,19037,60034
Clarke,IA,19039,19039,54427
Clay,IA,19041,19041,50521
Clayton,IA,19043,19043,53152
Clinton,IA,19045,19045,51688
Crawford,IA,19047,19047,55755
Dallas,IA,19049,19049,88479
Davis,IA,19051,19051,63404
Decatur,IA,19053,19053,44462
Delaware,IA,19055,19055,63750
Des Moines,IA,19057,19057,51267
Dickinson,IA,19059,19059,59969
Dubuque,IA,19061,19061,63031
Emmet,IA,19063,19063,51563
Fayette,IA,19065,19065,51128
Floyd,IA,19067,19067,50406
Franklin,IA,19069,19069,56419
Fremont,IA,19071,19071,56750
Greene,IA,19073,19073,53050
Grundy,IA,19075,19075,68038
Guthrie,IA,19077,19077,61161
Hamilton,IA,19079,19079,60910
Hancock,IA,19081,19081,61761
Hardin,IA,19083,19083,54196
Harrison,IA,19085,19085,63854
Henry,IA,19087,19087,53501
Howard,IA,19089,19089,55060
Humboldt,IA,19091,19091,54575
Ida,IA,19093,19093,58427
Iowa,IA,19095,19095,61443
Jackson,IA,19097,19097,55967
Jasper,IA,19099,19099,58952
Jefferson,IA,19101,19101,47708
Johnson,IA,19103,19103,62542
Jones,IA,19105,19105,57549
Keokuk,IA,19107,19107,52881
Kossuth,IA,19109,19109,56073
Lee,IA,19111,19111,49564
Linn,IA,19113,19113,64903
Louisa,IA,19115,19115,56673
Lucas,IA,19117,19117,55205
Lyon,IA,19119,19119,64982
Madison,IA,19121,19121,66316
Mahaska,IA,19123,19123,54825
Marion,IA,19125,19125,61038
Marshall,IA,19127,19127,56437
Mills,IA,19129,19129,72079
Mitchell,IA,19131,19131,58302
Monona,IA,19133,19133,47605
Monroe,IA,19135,19135,58269
Montgomery,IA,19137,19137,51696
Muscatine,IA,19139,19139,58453
O'Brien,IA,19141,19141,53703
Osceola,IA,19143,19143,59725
Page,IA,19145,19145,51867
Palo Alto,IA,19147,19147,52932
Plymouth,IA,19149,19149,67297
Pocahontas,IA,19151,19151,52448
Polk,IA,19153,19153,67637
Pottawattamie,IA,19155,19155,60065
Poweshiek,IA,19157,19157,53852
Ringgold,IA,19159,19159,55271
Sac,IA,19161,19161,58232
Scott,IA,19163,19163,61183
Shelby,IA,19165,19165,58000
Sioux,IA,19167,19167,69844
Story,IA,19169,19169,56756
Tama,IA,19171,19171,56037
Taylor,IA,19173,19173,50431
Union,IA,19175,19175,49900
Van Buren,IA,19177,19177,48591
Wapello,IA,19179,19179,46246
Warren,IA,19181,19181,77048
Washington,IA,19183,19183,62556
Wayne,IA,19185,19185,44768
Webster,IA,19187,19187,47466
Winnebago,IA,19189,19189,49870
Winneshiek,IA,19191,19191,65263
Woodbury,IA,19193,19193,59224
Worth,IA,19195,19195,57130
Wright,IA,19197,19197,53333
Allen,KS,20001,20001,45333
Anderson,KS,20003,20003,50213
Atchison,KS,20005,20005,50439
Barber,KS,20007,20007,50174
Barton,KS,20009,20009,49723
Bourbon,KS,20011,20011,43917
Brown,KS,20013,20013,48333
Butler,KS,20015,20015,64782
Chase,KS,20017,20017,45353
Chautauqua,KS,20019,20019,40298
Cherokee,KS,20021,20021,43175
Cheyenne,KS,20023,20023,47639
Clark,KS,20025,20025,53348
Clay,KS,20027,20027,53929
Cloud,KS,20029,20029,45373
Coffey,KS,20031,20031,59583
Comanche,KS,20033,20033,54821
Cowley,KS,20035,20035,50102
Crawford,KS,20037,20037,41004
Decatur,KS,20039,20039,48125
Dickinson,KS,20041,20041,49991
Doniphan,KS,20043,20043,49703
Douglas,KS,20045,20045,59435
Edwards,KS,20047,20047,50902
Elk,KS,20049,20049,38750
Ellis,KS,20051,20051,52883
Ellsworth,KS,20053,20053,54902
Finney,KS,20055,20055,60798
Ford,KS,20057,20057,51711
Franklin,KS,20059,20059,56582
Geary,KS,20061,20061,53133
Gove,KS,20063,20063,48317
Graham,KS,20065,20065,46375
Grant,KS,20067,20067,53413
Gray,KS,20069,20069,64930
Greeley,KS,20071,20071,54112
Greenwood,KS,20073,20073,41982
Hamilton,KS,20075,20075,46944
Harper,KS,20077,20077,49865
Harvey,KS,20079,20079,57982
Haskell,KS,20081,20081,55064
Hodgeman,KS,20083,20083,61211
Jackson,KS,20085,20085,57914
Jefferson,KS,20087,20087,64864
Jewell,KS,20089,20089,40676
Johnson,KS,20091,20091,89087
Kearny,KS,20093,20093,52599
Kingman,KS,20095,20095,60469
Kiowa,KS,20097,20097,53274
Labette,KS,20099,20099,47643
Lane,KS,20101,20101,52125
Leavenworth,KS,20103,20103,73013
Lincoln,KS,20105,20105,45076
Linn,KS,20107,20107,48778
Logan,KS,20109,20109,51740
Lyon,KS,20111,20111,46338
McPherson,KS,20113,20113,59089
Marion,KS,20115,20115,52123
Marshall,KS,20117,20117,51895
Meade,KS,20119,20119,59316
Miami,KS,20121,20121,71995
Mitchell,KS,20123,20123,46203
Montgomery,KS,20125,20125,45157
Morris,KS,20127,20127,55658
Morton,KS,20129,20129,47750
Nemaha,KS,20131,20131,63216
Neosho,KS,20133,20133,46291
Ness,KS,20135,20135,56492
Norton,KS,20137,20137,49038
Osage,KS,20139,20139,54090
Osborne,KS,20141,20141,51286
Ottawa,KS,20143,20143,54784
Pawnee,KS,20145,20145,49917
Phillips,KS,20147,20147,50093
Pottawatomie,KS,20149,20149,66835
Pratt,KS,20151,20151,52327
Rawlins,KS,20153,20153,53207
Reno,KS,20155,20155,49936
Republic,KS,20157,20157,47976
Rice,KS,20159,20159,53012
Riley,KS,20161,20161,51208
Rooks,KS,20163,20163,49415
Rush,KS,20165,20165,47981
Russell,KS,20167,20167,44792
Saline,KS,20169,20169,52200
Scott,KS,20171,20171,65417
Sedgwick,KS,20173,20173,56524
Seward,KS,20175,20175,49291
Shawnee,KS,20177,20177,56762
Sheridan,KS,20179,20179,62885
Sherman,KS,20181,20181,54754
Smith,KS,20183,20183,43429
Stafford,KS,20185,20185,49375
Stanton,KS,20187,20187,52054
Stevens,KS,20189,20189,57806
Sumner,KS,20191,20191,55000
Thomas,KS,20193,20193,60124
Trego,KS,20195,20195,57966
Wabaunsee,KS,20197,20197,61178
Wallace,KS,20199,20199,63269
Washington,KS,20201,20201,50588
Wichita,KS,20203,20203,57978
Wilson,KS,20205,20205,48341
Woodson,KS,20207,20207,39643
Wyandotte,KS,20209,20209,46881
Adair,KY,21001,21001,38021
Allen,KY,21003,21003,44036
Anderson,KY,21005,21005,55334
Ballard,KY,21007,21007,45048
Barren,KY,21009,21009,41459
Bath,KY,21011,21011,44898
Bell,KY,21013,21013,26272
Boone,KY,21015,21015,78327
Bourbon,KY,21017,21017,49637
Boyd,KY,21019,21019,48308
Boyle,KY,21021,21021,46382
Bracken,KY,21023,21023,49158
Breathitt,KY,21025,21025,27344
Breckinridge,KY,21027,21027,47190
Bullitt,KY,21029,21029,63348
Butler,KY,21031,21031,41763
Caldwell,KY,21033,21033,44775
Calloway,KY,21035,21035,42273
Campbell,KY,21037,21037,63050
Carlisle,KY,21039,21039,45109
Carroll,KY,21041,21041,43524
Carter,KY,21043,21043,34736
Casey,KY,21045,21045,34819
Christian,KY,21047,21047,43919
Clark,KY,21049,21049,54953
Clay,KY,21051,21051,26840
Clinton,KY,21053,21053,32184
Crittenden,KY,21055,21055,45244
Cumberland,KY,21057,21057,35344
Daviess,KY,21059,21059,51673
Edmonson,KY,21061,21061,43401
Elliott,KY,21063,21063,32306
Estill,KY,21065,21065,31688
Fayette,KY,21067,21067,57291
Fleming,KY,21069,21069,44612
Floyd,KY,21071,21071,32730
Franklin,KY,21073,21073,56274
Fulton,KY,21075,21075,30114
Gallatin,KY,21077,21077,52167
Garrard,KY,21079,21079,52631
Grant,KY,21081,21081,48714
Graves,KY,21083,21083,44043
Grayson,KY,21085,21085,38612
Green,KY,21087,21087,35899
Greenup,KY,21089,21089,51655
Hancock,KY,21091,21091,57217
Hardin,KY,21093,21093,54367
Harlan,KY,21095,21095,26478
Harrison,KY,21097,21097,48438
Hart,KY,21099,21099,38396
Henderson,KY,21101,21101,48926
Henry,KY,21103,21103,53926
Hickman,KY,21105,21105,42929
Hopkins,KY,21107,21107,47170
Jackson,KY,21109,21109,32138
Jefferson,KY,21111,21111,56586
Jessamine,KY,21113,21113,58245
Johnson,KY,21115,21115,37055
Kenton,KY,21117,21117,64339
Knott,KY,21119,21119,31198
Knox,KY,21121,21121,30181
Larue,KY,21123,21123,47643
Laurel,KY,21125,21125,41526
Lawrence,KY,21127,21127,32798
Lee,KY,21129,21129,25275
Leslie,KY,21131,21131,31627
Letcher,KY,21133,21133,29886
Lewis,KY,21135,21135,31147
Lincoln,KY,21137,21137,42919
Livingston,KY,21139,21139,50839
Logan,KY,21141,21141,48014
Lyon,KY,21143,21143,52528
McCracken,KY,21145,21145,46080
McCreary,KY,21147,21147,28105
McLean,KY,21149,21149,51861
Madison,KY,21151,21151,50060
Magoffin,KY,21153,21153,28147
Marion,KY,21155,21155,40107
Marshall,KY,21157,21157,55113
Martin,KY,21159,21159,41013
Mason,KY,21161,21161,45377
Meade,KY,21163,21163,56603
Menifee,KY,21165,21165,39325
Mercer,KY,21167,21167,55093
Metcalfe,KY,21169,21169,37386
Monroe,KY,21171,21171,34879
Montgomery,KY,21173,21173,45516
Morgan,KY,21175,21175,36134
Muhlenberg,KY,21177,21177,43590
Nelson,KY,21179,21179,60127
Nicholas,KY,21181,21181,38149
Ohio,KY,21183,21183,45564
Oldham,KY,21185,21185,99128
Owen,KY,21187,21187,48801
Owsley,KY,21189,21189,30284
Pendleton,KY,21191,21191,54375
Perry,KY,21193,21193,33640
Pike,KY,21195,21195,34856
Powell,KY,21197,21197,37469
Pulaski,KY,21199,21199,39998
Robertson,KY,21201,21201,41902
Rockcastle,KY,21203,21203,35720
Rowan,KY,21205,21205,38230
Russell,KY,21207,21207,38390
Scott,KY,21209,21209,70817
Shelby,KY,21211,21211,67056
Simpson,KY,21213,21213,48623
Spencer,KY,21215,21215,80166
Taylor,KY,21217,21217,44522
Todd,KY,21219,21219,44005
Trigg,KY,21221,21221,50536
Trimble,KY,21223,21223,53056
Union,KY,21225,21225,46673
Warren,KY,21227,21227,52270
Washington,KY,21229,21229,53743
Wayne,KY,21231,21231,34914
Webster,KY,21233,21233,42119
Whitley,KY,21235,21235,39005
Wolfe,KY,21237,21237,24623
Woodford,KY,21239,21239,63820
Acadia,LA,22001,22001,43396
Allen,LA,22003,22003,46446
Ascension,LA,22005,22005,80527
Assumption,LA,22007,22007,43759
Avoyelles,LA,22009,22009,38565
Beauregard,LA,22011,22011,53209
Bienville,LA,22013,22013,30272
Bossier,LA,22015,22015,54268
Caddo,LA,22017,22017,41797
Calcasieu,LA,22019,22019,51148
Caldwell,LA,22021,22021,37691
Cameron,LA,22023,22023,53423
Catahoula,LA,22025,22025,40129
Claiborne,LA,22027,22027,26776
Concordia,LA,22029,22029,32500
De Soto,LA,22031,22031,46006
East Baton Rouge,LA,22033,22033,54948
East Carroll,LA,22035,22035,22346
East Feliciana,LA,22037,22037,51803
Evangeline,LA,22039,22039,31965
Franklin,LA,22041,22041,35282
Grant,LA,22043,22043,42505
Iberia,LA,22045,22045,46861
Iberville,LA,22047,22047,50161
Jackson,LA,22049,22049,39139
Jefferson,LA,22051,22051,54032
Jefferson Davis,LA,22053,22053,42105
Lafayette,LA,22055,22055,56999
Lafourche,LA,22057,22057,55506
La Salle,LA,22059,22059,42104
Lincoln,LA,22061,22061,35467
Livingston,LA,22063,22063,63389
Madison,LA,22065,22065,30350
Morehouse,LA,22067,22067,32929
Natchitoches,LA,22069,22069,28567
Orleans,LA,22071,22071,41604
Ouachita,LA,22073,22073,41121
Plaquemines,LA,22075,22075,57204
Pointe Coupee,LA,22077,22077,41480
Rapides,LA,22079,22079,47269
Red River,LA,22081,22081,33816
Richland,LA,22083,22083,34029
Sabine,LA,22085,22085,40336
St. Bernard,LA,22087,22087,44661
St. Charles,LA,22089,22089,69019
St. Helena,LA,22091,22091,43886
St. James,LA,22093,22093,51603
St. John the Baptist,LA,22095,22095,57429
St. Landry,LA,22097,22097,36403
St. Martin,LA,22099,22099,48656
St. Mary,LA,22101,22101,40485
St. Tammany,LA,22103,22103,68905
Tangipahoa,LA,22105,22105,47832
Tensas,LA,22107,22107,27500
Terrebonne,LA,22109,22109,48747
Union,LA,22111,22111,44100
Vermilion,LA,22113,22113,51945
Vernon,LA,22115,22115,49141
Washington,LA,22117,22117,37570
Webster,LA,22119,22119,28951
West Baton Rouge,LA,22121,22121,65385
West Carroll,LA,22123,22123,38500
West Feliciana,LA,22125,22125,59637
Winn,LA,22127,22127,38353
Androscoggin,ME,23001,23001,53509
Aroostook,ME,23003,23003,41123
Cumberland,ME,23005,23005,73072
Franklin,ME,23007,23007,51422
Hancock,ME,23009,23009,57178
Kennebec,ME,23011,23011,55365
Knox,ME,23013,23013,57751
Lincoln,ME,23015,23015,57720
Oxford,ME,23017,23017,49204
Penobscot,ME,23019,23019,50808
Piscataquis,ME,23021,23021,40890
Sagadahoc,ME,23023,23023,63694
Somerset,ME,23025,23025,44256
Waldo,ME,23027,23027,51931
Washington,ME,23029,23029,41347
York,ME,23031,23031,67830
Allegany,MD,24001,24001,45893
Anne Arundel,MD,24003,24003,100798
Baltimore,MD,24005,24005,76866
Calvert,MD,24009,24009,109313
Caroline,MD,24011,24011,58638
Carroll,MD,24013,24013,96769
Cecil,MD,24015,24015,76887
Charles,MD,24017,24017,100003
Dorchester,MD,24019,24019,52917
Frederick,MD,24021,24021,97730
Garrett,MD,24023,24023,52617
Harford,MD,24025,24025,89147
Howard,MD,24027,24027,121160
Kent,MD,24029,24029,58598
Montgomery,MD,24031,24031,108820
Prince George's,MD,24033,24033,84920
Queen Anne's,MD,24035,24035,97034
St. Mary's,MD,24037,24037,89845
Somerset,MD,24039,24039,37803
Talbot,MD,24041,24041,73547
Washington,MD,24043,24043,60860
Wicomico,MD,24045,24045,56956
Worcester,MD,24047,24047,63499
Baltimore City,MD,24510,24510,50379
Barnstable,MA,25001,25001,74336
Berkshire,MA,25003,25003,59230
Bristol,MA,25005,25005,69095
Dukes,MA,25007,25007,71811
Essex,MA,25009,25009,79263
Franklin,MA,25011,25011,60950
Hampden,MA,25013,25013,55429
Hampshire,MA,25015,25015,70876
Middlesex,MA,25017,25017,102603
Nantucket,MA,25019,25019,107717
Norfolk,MA,25021,25021,103291
Plymouth,MA,25023,25023,89489
Suffolk,MA,25025,25025,69669
Worcester,MA,25027,25027,74679
Alcona,MI,26001,26001,40484
Alger,MI,26003,26003,45570
Allegan,MI,26005,26005,62965
Alpena,MI,26007,26007,43363
Antrim,MI,26009,26009,56165
Arenac,MI,26011,26011,42290
Baraga,MI,26013,26013,46065
Barry,MI,26015,26015,64490
Bay,MI,26017,26017,48819
Benzie,MI,26019,26019,57974
Berrien,MI,26021,26021,50795
Branch,MI,26023,26023,51947
Calhoun,MI,26025,26025,48607
Cass,MI,26027,26027,55107
Charlevoix,MI,26029,26029,55760
Cheboygan,MI,26031,26031,48044
Chippewa,MI,26033,26033,46486
Clare,MI,26035,26035,39565
Clinton,MI,26037,26037,70390
Crawford,MI,26039,26039,47977
Delta,MI,26041,26041,47434
Dickinson,MI,26043,26043,51645
Eaton,MI,26045,26045,64348
Emmet,MI,26047,26047,55829
Genesee,MI,26049,26049,48588
Gladwin,MI,26051,26051,44619
Gogebic,MI,26053,26053,38839
Grand Traverse,MI,26055,26055,63575
Gratiot,MI,26057,26057,47848
Hillsdale,MI,26059,26059,49622
Houghton,MI,26061,26061,43183
Huron,MI,26063,26063,48289
Ingham,MI,26065,26065,52872
Ionia,MI,26067,26067,57043
Iosco,MI,26069,26069,43678
Iron,MI,26071,26071,41599
Isabella,MI,26073,26073,45116
Jackson,MI,26075,26075,53658
Kalamazoo,MI,26077,26077,56511
Kalkaska,MI,26079,26079,46898
Kent,MI,26081,26081,63053
Keweenaw,MI,26083,26083,50292
Lake,MI,26085,26085,37320
Lapeer,MI,26087,26087,62641
Leelanau,MI,26089,26089,65249
Lenawee,MI,26091,26091,55450
Livingston,MI,26093,26093,84221
Luce,MI,26095,26095,45469
Mackinac,MI,26097,26097,47938
Macomb,MI,26099,26099,62855
Manistee,MI,26101,26101,50055
Marquette,MI,26103,26103,53970
Mason,MI,26105,26105,51725
Mecosta,MI,26107,26107,45018
Menominee,MI,26109,26109,46828
Midland,MI,26111,26111,62625
Missaukee,MI,26113,26113,47194
Monroe,MI,26115,26115,62203
Montcalm,MI,26117,26117,49448
Montmorency,MI,26119,26119,41772
Muskegon,MI,26121,26121,50854
Newaygo,MI,26123,26123,50326
Oakland,MI,26125,26125,79698
Oceana,MI,26127,26127,50104
Ogemaw,MI,26129,26129,40373
Ontonagon,MI,26131,26131,41546
Osceola,MI,26133,26133,44032
Oscoda,MI,26135,26135,42335
Otsego,MI,26137,26137,54332
Ottawa,MI,26139,26139,69314
Presque Isle,MI,26141,26141,47948
Roscommon,MI,26143,26143,42054
Saginaw,MI,26145,26145,48000
St. Clair,MI,26147,26147,56951
St. Joseph,MI,26149,26149,52086
Sanilac,MI,26151,26151,47672
Schoolcraft,MI,26153,26153,45500
Shiawassee,MI,26155,26155,56032
Tuscola,MI,26157,26157,49988
Van Buren,MI,26159,26159,54485
Washtenaw,MI,26161,26161,72586
Wayne,MI,26163,26163,47301
Wexford,MI,26165,26165,47193
Aitkin,MN,27001,27001,49351
Anoka,MN,27003,27003,82175
Becker,MN,27005,27005,60284
Beltrami,MN,27007,27007,49160
Benton,MN,27009,27009,57715
Big Stone,MN,27011,27011,53900
Blue Earth,MN,27013,27013,57429
Brown,MN,27015,27015,61120
Carlton,MN,27017,27017,63098
Carver,MN,27019,27019,101496
Cass,MN,27021,27021,52204
Chippewa,MN,27023,27023,55269
Chisago,MN,27025,27025,83464
Clay,MN,27027,27027,65269
Clearwater,MN,27029,27029,50386
Cook,MN,27031,27031,57432
Cottonwood,MN,27033,27033,52087
Crow Wing,MN,27035,27035,56549
Dakota,MN,27037,27037,86036
Dodge,MN,27039,27039,74575
Douglas,MN,27041,27041,63819
Faribault,MN,27043,27043,53156
Fillmore,MN,27045,27045,61207
Freeborn,MN,27047,27047,53631
Goodhue,MN,27049,27049,66800
Grant,MN,27051,27051,55466
Hennepin,MN,27053,27053,78167
Houston,MN,27055,27055,60382
Hubbard,MN,27057,27057,56709
Isanti,MN,27059,27059,74616
Itasca,MN,27061,27061,55139
Jackson,MN,27063,27063,58727
Kanabec,MN,27065,27065,57163
Kandiyohi,MN,27067,27067,60294
Kittson,MN,27069,27069,59643
Koochiching,MN,27071,27071,50870
Lac qui Parle,MN,27073,27073,53071
Lake,MN,27075,27075,61452
Lake of the Woods,MN,27077,27077,49967
Le Sueur,MN,27079,27079,71080
Lincoln,MN,27081,27081,53077
Lyon,MN,27083,27083,57730
McLeod,MN,27085,27085,62121
Mahnomen,MN,27087,27087,44688
Marshall,MN,27089,27089,60118
Martin,MN,27091,27091,52798
Meeker,MN,27093,27093,63452
Mille Lacs,MN,27095,27095,56135
Morrison,MN,27097,27097,57815
Mower,MN,27099,27099,54295
Murray,MN,27101,27101,60231
Nicollet,MN,27103,27103,67399
Nobles,MN,27105,27105,55304
Norman,MN,27107,27107,55085
Olmsted,MN,27109,27109,76951
Otter Tail,MN,27111,27111,58682
Pennington,MN,27113,27113,60122
Pine,MN,27115,27115,53422
Pipestone,MN,27117,27117,52917
Polk,MN,27119,27119,59343
Pope,MN,27121,27121,61275
Ramsey,MN,27123,27123,64660
Red Lake,MN,27125,27125,58576
Redwood,MN,27127,27127,55404
Renville,MN,27129,27129,59028
Rice,MN,27131,27131,68584
Rock,MN,27133,27133,63005
Roseau,MN,27135,27135,62202
St. Louis,MN,27137,27137,55646
Scott,MN,27139,27139,102152
Sherburne,MN,27141,27141,89250
Sibley,MN,27143,27143,63439
Stearns,MN,27145,27145,62789
Steele,MN,27147,27147,64903
Stevens,MN,27149,27149,60559
Swift,MN,27151,27151,51620
Todd,MN,27153,27153,53585
Traverse,MN,27155,27155,51957
Wabasha,MN,27157,27157,65226
Wadena,MN,27159,27159,46605
Waseca,MN,27161,27161,56762
Washington,MN,27163,27163,96671
Watonwan,MN,27165,27165,54065
Wilkin,MN,27167,27167,60595
Winona,MN,27169,27169,59329
Wright,MN,27171,27171,84974
Yellow Medicine,MN,27173,27173,59210
Adams,MS,28001,28001,29936
Alcorn,MS,28003,28003,42086
Amite,MS,28005,28005,33981
Attala,MS,28007,28007,33767
Benton,MS,28009,28009,36258
Bolivar,MS,28011,28011,29854
Calhoun,MS,28013,28013,37263
Carroll,MS,28015,28015,46052
Chickasaw,MS,28017,28017,36548
Choctaw,MS,28019,28019,36777
Claiborne,MS,28021,28021,29338
Clarke,MS,28023,28023,43207
Clay,MS,28025,28025,31833
Coahoma,MS,28027,28027,29121
Copiah,MS,28029,28029,42151
Covington,MS,28031,28031,38178
DeSoto,MS,28033,28033,67038
Forrest,MS,28035,28035,39840
Franklin,MS,28037,28037,40219
George,MS,28039,28039,47292
Greene,MS,28041,28041,49677
Grenada,MS,28043,28043,40122
Hancock,MS,28045,28045,48119
Harrison,MS,28047,28047,47894
Hinds,MS,28049,28049,44625
Holmes,MS,28051,28051,21504
Humphreys,MS,28053,28053,28962
Issaquena,MS,28055,28055,24208
Itawamba,MS,28057,28057,44567
Jackson,MS,28059,28059,51657
Jasper,MS,28061,28061,35872
Jefferson,MS,28063,28063,25019
Jefferson Davis,MS,28065,28065,32116
Jones,MS,28067,28067,41775
Kemper,MS,28069,28069,31103
Lafayette,MS,28071,28071,50272
Lamar,MS,28073,28073,60328
Lauderdale,MS,28075,28075,42534
Lawrence,MS,28077,28077,41914
Leake,MS,28079,28079,37096
Lee,MS,28081,28081,50559
Leflore,MS,28083,28083,26735
Lincoln,MS,28085,28085,42606
Lowndes,MS,28087,28087,50441
Madison,MS,28089,28089,71824
Marion,MS,28091,28091,32090
Marshall,MS,28093,28093,42233
Monroe,MS,28095,28095,42354
Montgomery,MS,28097,28097,39840
Neshoba,MS,28099,28099,37987
Newton,MS,28101,28101,35958
Noxubee,MS,28103,28103,33784
Oktibbeha,MS,28105,28105,40453
Panola,MS,28107,28107,38304
Pearl River,MS,28109,28109,46901
Perry,MS,28111,28111,42469
Pike,MS,28113,28113,31784
Pontotoc,MS,28115,28115,44759
Prentiss,MS,28117,28117,39256
Quitman,MS,28119,28119,25283
Rankin,MS,28121,28121,65996
Scott,MS,28123,28123,34943
Sharkey,MS,28125,28125,29394
Simpson,MS,28127,28127,43850
Smith,MS,28129,28129,43105
Stone,MS,28131,28131,45483
Sunflower,MS,28133,28133,30838
Tallahatchie,MS,28135,28135,29864
Tate,MS,28137,28137,51030
Tippah,MS,28139,28139,39246
Tishomingo,MS,28141,28141,37681
Tunica,MS,28143,28143,39370
Union,MS,28145,28145,45754
Walthall,MS,28147,28147,30961
Warren,MS,28149,28149,45113
Washington,MS,28151,28151,29705
Wayne,MS,28153,28153,37706
Webster,MS,28155,28155,45730
Wilkinson,MS,28157,28157,27313
Winston,MS,28159,28159,34724
Yalobusha,MS,28161,28161,41464
Yazoo,MS,28163,28163,33279
Adair,MO,29001,29001,41929
Andrew,MO,29003,29003,58772
Atchison,MO,29005,29005,50236
Audrain,MO,29007,29007,44261
Barry,MO,29009,29009,44403
Barton,MO,29011,29011,44125
Bates,MO,29013,29013,47625
Benton,MO,29015,29015,40249
Bollinger,MO,29017,29017,44158
Boone,MO,29019,29019,55328
Buchanan,MO,29021,29021,51916
Butler,MO,29023,29023,39915
Caldwell,MO,29025,29025,49839
Callaway,MO,29027,29027,56938
Camden,MO,29029,29029,53478
Cape Girardeau,MO,29031,29031,53732
Carroll,MO,29033,29033,50830
Carter,MO,29035,29035,39530
Cass,MO,29037,29037,69433
Cedar,MO,29039,29039,39365
Chariton,MO,29041,29041,46738
Christian,MO,29043,29043,60645
Clark,MO,29045,29045,48909
Clay,MO,29047,29047,70510
Clinton,MO,29049,29049,62701
Cole,MO,29051,29051,60066
Cooper,MO,29053,29053,52735
Crawford,MO,29055,29055,44438
Dade,MO,29057,29057,40399
Dallas,MO,29059,29059,43542
Daviess,MO,29061,29061,51679
DeKalb,MO,29063,29063,55918
Dent,MO,29065,29065,42100
Douglas,MO,29067,29067,37425
Dunklin,MO,29069,29069,36380
Franklin,MO,29071,29071,57214
Gasconade,MO,29073,29073,54885
Gentry,MO,29075,29075,47790
Greene,MO,29077,29077,46086
Grundy,MO,29079,29079,45594
Harrison,MO,29081,29081,42917
Henry,MO,29083,29083,45795
Hickory,MO,29085,29085,34182
Holt,MO,29087,29087,49524
Howard,MO,29089,29089,52700
Howell,MO,29091,29091,38357
Iron,MO,29093,29093,37435
Jackson,MO,29095,29095,55134
Jasper,MO,29097,29097,48357
Jefferson,MO,29099,29099,65454
Johnson,MO,29101,29101,55273
Knox,MO,29103,29103,40000
Laclede,MO,29105,29105,47257
Lafayette,MO,29107,29107,58766
Lawrence,MO,29109,29109,44742
Lewis,MO,29111,29111,45988
Lincoln,MO,29113,29113,64196
Linn,MO,29115,29115,45930
Livingston,MO,29117,29117,46992
McDonald,MO,29119,29119,41643
Macon,MO,29121,29121,42746
Madison,MO,29123,29123,43636
Maries,MO,29125,29125,47569
Marion,MO,29127,29127,48784
Mercer,MO,29129,29129,47298
Miller,MO,29131,29131,47171
Mississippi,MO,29133,29133,35357
Moniteau,MO,29135,29135,58010
Monroe,MO,29137,29137,43966
Montgomery,MO,29139,29139,46757
Morgan,MO,29141,29141,39003
New Madrid,MO,29143,29143,38679
Newton,MO,29145,29145,50813
Nodaway,MO,29147,29147,44232
Oregon,MO,29149,29149,33601
Osage,MO,29151,29151,61687
Ozark,MO,29153,29153,31947
Pemiscot,MO,29155,29155,33859
Perry,MO,29157,29157,55863
Pettis,MO,29159,29159,46157
Phelps,MO,29161,29161,44154
Pike,MO,29163,29163,46385
Platte,MO,29165,29165,80393
Polk,MO,29167,29167,45660
Pulaski,MO,29169,29169,53492
Putnam,MO,29171,29171,42849
Ralls,MO,29173,29173,55377
Randolph,MO,29175,29175,47740
Ray,MO,29177,29177,61957
Reynolds,MO,29179,29179,40324
Ripley,MO,29181,29181,34971
St. Charles,MO,29183,29183,84978
St. Clair,MO,29185,29185,38870
Ste. Genevieve,MO,29186,29186,60129
St. Francois,MO,29187,29187,46466
St. Louis,MO,29189,29189,67420
Saline,MO,29195,29195,44720
Schuyler,MO,29197,29197,42694
Scotland,MO,29199,29199,50085
Scott,MO,29201,29201,44139
Shannon,MO,29203,29203,34265
Shelby,MO,29205,29205,44083
Stoddard,MO,29207,29207,41062
Stone,MO,29209,29209,49656
Sullivan,MO,29211,29211,46481
Taney,MO,29213,29213,46031
Texas,MO,29215,29215,35067
Vernon,MO,29217,29217,43276
Warren,MO,29219,29219,60125
Washington,MO,29221,29221,41483
Wayne,MO,29223,29223,34316
Webster,MO,29225,29225,50560
Worth,MO,29227,29227,53580
Wright,MO,29229,29229,34776
St. Louis City,MO,29510,29510,43896
Beaverhead,MT,30001,30001,43201
Big Horn,MT,30003,30003,49859
Blaine,MT,30005,30005,41279
Broadwater,MT,30007,30007,60594
Carbon,MT,30009,30009,58707
Carter,MT,30011,30011,48000
Cascade,MT,30013,30013,49913
Chouteau,MT,30015,30015,42298
Custer,MT,30017,30017,52965
Daniels,MT,30019,30019,57440
Dawson,MT,30021,30021,58596
Deer Lodge,MT,30023,30023,41820
Fallon,MT,30025,30025,64545
Fergus,MT,30027,30027,50540
Flathead,MT,30029,30029,56182
Gallatin,MT,30031,30031,66397
Garfield,MT,30033,30033,42000
Glacier,MT,30035,30035,36045
Golden Valley,MT,30037,30037,43875
Granite,MT,30039,30039,49881
Hill,MT,30041,30041,49321
Jefferson,MT,30043,30043,69646
Judith Basin,MT,30045,30045,43661
Lake,MT,30047,30047,48829
Lewis and Clark,MT,30049,30049,65791
Liberty,MT,30051,30051,44875
Lincoln,MT,30053,30053,40140
McCone,MT,30055,30055,49701
Madison,MT,30057,30057,54107
Meagher,MT,30059,30059,46607
Mineral,MT,30061,30061,41705
Missoula,MT,30063,30063,54062
Musselshell,MT,30065,30065,43274
Park,MT,30067,30067,53068
Petroleum,MT,30069,30069,51250
Phillips,MT,30071,30071,46212
Pondera,MT,30073,30073,51151
Powder River,MT,30075,30075,54427
Powell,MT,30077,30077,54667
Prairie,MT,30079,30079,43625
Ravalli,MT,30081,30081,53054
Richland,MT,30083,30083,67205
Roosevelt,MT,30085,30085,43194
Rosebud,MT,30087,30087,57992
Sanders,MT,30089,30089,40823
Sheridan,MT,30091,30091,55521
Silver Bow,MT,30093,30093,45718
Stillwater,MT,30095,30095,64645
Sweet Grass,MT,30097,30097,49886
Teton,MT,30099,30099,55000
Toole,MT,30101,30101,50721
Treasure,MT,30103,30103,43047
Valley,MT,30105,30105,53162
Wheatland,MT,30107,30107,39655
Wibaux,MT,30109,30109,53958
Yellowstone,MT,30111,30111,61264
Adams,NE,31001,31001,53023
Antelope,NE,31003,31003,49912
Arthur,NE,31005,31005,42813
Banner,NE,31007,31007,51750
Blaine,NE,31009,31009,51094
Boone,NE,31011,31011,54979
Box Butte,NE,31013,31013,54004
Boyd,NE,31015,31015,47778
Brown,NE,31017,31017,43098
Buffalo,NE,31019,31019,59431
Burt,NE,31021,31021,54203
Butler,NE,31023,31023,58979
Cass,NE,31025,31025,71846
Cedar,NE,31027,31027,61869
Chase,NE,31029,31029,57009
Cherry,NE,31031,31031,56651
Cheyenne,NE,31033,31033,53871
Clay,NE,31035,31035,57173
Colfax,NE,31037,31037,58872
Cuming,NE,31039,31039,56768
Custer,NE,31041,31041,52184
Dakota,NE,31043,31043,59231
Dawes,NE,31045,31045,50750
Dawson,NE,31047,31047,53721
Deuel,NE,31049,31049,47287
Dixon,NE,31051,31051,56905
Dodge,NE,31053,31053,54085
Douglas,NE,31055,31055,64629
Dundy,NE,31057,31057,41716
Fillmore,NE,31059,31059,60313
Franklin,NE,31061,31061,49282
Frontier,NE,31063,31063,54659
Furnas,NE,31065,31065,48838
Gage,NE,31067,31067,53110
Garden,NE,31069,31069,43750
Garfield,NE,31071,31071,53000
Gosper,NE,31073,31073,64053
Grant,NE,31075,31075,46500
Greeley,NE,31077,31077,47869
Hall,NE,31079,31079,57104
Hamilton,NE,31081,31081,64210
Harlan,NE,31083,31083,49835
Hayes,NE,31085,31085,51726
Hitchcock,NE,31087,31087,49962
Holt,NE,31089,31089,60387
Hooker,NE,31091,31091,41125
Howard,NE,31093,31093,59348
Jefferson,NE,31095,31095,44510
Johnson,NE,31097,31097,54712
Kearney,NE,31099,31099,60266
Keith,NE,31101,31101,50735
Keya Paha,NE,31103,31103,56500
Kimball,NE,31105,31105,53403
Knox,NE,31107,31107,52332
Lancaster,NE,31109,31109,60527
Lincoln,NE,31111,31111,59795
Logan,NE,31113,31113,52708
Loup,NE,31115,31115,51000
McPherson,NE,31117,31117,48125
Madison,NE,31119,31119,53188
Merrick,NE,31121,31121,55649
Morrill,NE,31123,31123,46194
Nance,NE,31125,31125,49032
Nemaha,NE,31127,31127,51828
Nuckolls,NE,31129,31129,43388
Otoe,NE,31131,31131,59167
Pawnee,NE,31133,31133,46452
Perkins,NE,31135,31135,65543
Phelps,NE,31137,31137,59040
Pierce,NE,31139,31139,64511
Platte,NE,31141,31141,62305
Polk,NE,31143,31143,67719
Red Willow,NE,31145,31145,48808
Richardson,NE,31147,31147,47917
Rock,NE,31149,31149,56250
Saline,NE,31151,31151,51502
Sarpy,NE,31153,31153,82032
Saunders,NE,31155,31155,68682
Scotts Bluff,NE,31157,31157,49745
Seward,NE,31159,31159,70389
Sheridan,NE,31161,31161,45371
Sherman,NE,31163,31163,50781
Sioux,NE,31165,31165,48269
Stanton,NE,31167,31167,63986
Thayer,NE,31169,31169,51821
Thomas,NE,31171,31171,59432
Thurston,NE,31173,31173,51034
Valley,NE,31175,31175,55324
Washington,NE,31177,31177,71430
Wayne,NE,31179,31179,56456
Webster,NE,31181,31181,46188
Wheeler,NE,31183,31183,51591
York,NE,31185,31185,60298
Churchill,NV,32001,32001,57824
Clark,NV,32003,32003,59340
Douglas,NV,32005,32005,66810
Elko,NV,32007,32007,81232
Esmeralda,NV,32009,32009,37375
Eureka,NV,32011,32011,67105
Humboldt,NV,32013,32013,67756
Lander,NV,32015,32015,88030
Lincoln,NV,32017,32017,58462
Lyon,NV,32019,32019,56875
Mineral,NV,32021,32021,35806
Nye,NV,32023,32023,47300
Pershing,NV,32027,32027,50491
Storey,NV,32029,32029,66292
Washoe,NV,32031,32031,64791
White Pine,NV,32033,32033,60827
Carson City,NV,32510,32510,55718
Belknap,NH,33001,33001,69447
Carroll,NH,33003,33003,63153
Cheshire,NH,33005,33005,64751
Coos,NH,33007,33007,47117
Grafton,NH,33009,33009,63389
Hillsborough,NH,33011,33011,81460
Merrimack,NH,33013,33013,75737
Rockingham,NH,33015,33015,93756
Strafford,NH,33017,33017,72960
Sullivan,NH,33019,33019,61312
Atlantic,NJ,34001,34001,62110
Bergen,NJ,34003,34003,101144
Burlington,NJ,34005,34005,87416
Camden,NJ,34007,34007,70451
Cape May,NJ,34009,34009,67074
Cumberland,NJ,34011,34011,54149
Essex,NJ,34013,34013,61510
Gloucester,NJ,34015,34015,87283
Hudson,NJ,34017,34017,71189
Hunterdon,NJ,34019,34019,115379
Mercer,NJ,34021,34021,81057
Middlesex,NJ,34023,34023,89533
Monmouth,NJ,34025,34025,99733
Morris,NJ,34027,34027,115527
Ocean,NJ,34029,34029,70909
Passaic,NJ,34031,34031,69688
Salem,NJ,34033,34033,66842
Somerset,NJ,34035,34035,113611
Sussex,NJ,34037,34037,94520
Union,NJ,34039,34039,80198
Warren,NJ,34041,34041,81307
Bernalillo,NM,35001,35001,53329
Catron,NM,35003,35003,41910
Chaves,NM,35005,35005,43359
Cibola,NM,35006,35006,39413
Colfax,NM,35007,35007,36302
Curry,NM,35009,35009,45092
De Baca,NM,35011,35011,31625
Doa Ana,NM,35013,35013,40973
Eddy,NM,35015,35015,65328
Grant,NM,35017,35017,37843
Guadalupe,NM,35019,35019,24798
Harding,NM,35021,35021,29375
Hidalgo,NM,35023,35023,42526
Lea,NM,35025,35025,60546
Lincoln,NM,35027,35027,46216
Los Alamos,NM,35028,35028,121324
Luna,NM,35029,35029,29360
McKinley,NM,35031,35031,33834
Mora,NM,35033,35033,28446
Otero,NM,35035,35035,41988
Quay,NM,35037,35037,29035
Rio Arriba,NM,35039,35039,39952
Roosevelt,NM,35041,35041,42702
Sandoval,NM,35043,35043,63802
San Juan,NM,35045,35045,50518
San Miguel,NM,35047,35047,30946
Santa Fe,NM,35049,35049,61200
Sierra,NM,35051,35051,29755
Socorro,NM,35053,35053,42083
Taos,NM,35055,35055,38329
Torrance,NM,35057,35057,36120
Union,NM,35059,35059,35884
Valencia,NM,35061,35061,48945
Albany,NY,36001,36001,66252
Allegany,NY,36003,36003,48412
Bronx,NY,36005,36005,40088
Broome,NY,36007,36007,52226
Cattaraugus,NY,36009,36009,48703
Cayuga,NY,36011,36011,58377
Chautauqua,NY,36013,36013,46820
Chemung,NY,36015,36015,54940
Chenango,NY,36017,36017,52002
Clinton,NY,36019,36019,56365
Columbia,NY,36021,36021,66787
Cortland,NY,36023,36023,56023
Delaware,NY,36025,36025,49544
Dutchess,NY,36027,36027,81219
Erie,NY,36029,36029,58121
Essex,NY,36031,36031,56763
Franklin,NY,36033,36033,50407
Fulton,NY,36035,36035,50482
Genesee,NY,36037,36037,60524
Greene,NY,36039,36039,53601
Hamilton,NY,36041,36041,58675
Herkimer,NY,36043,36043,54646
Jefferson,NY,36045,36045,52685
Kings,NY,36047,36047,60231
Lewis,NY,36049,36049,54524
Livingston,NY,36051,36051,59510
Madison,NY,36053,36053,61633
Monroe,NY,36055,36055,60075
Montgomery,NY,36057,36057,49462
Nassau,NY,36059,36059,116100
New York,NY,36061,36061,86553
Niagara,NY,36063,36063,55522
Oneida,NY,36065,36065,56027
Onondaga,NY,36067,36067,61359
Ontario,NY,36069,36069,64944
Orange,NY,36071,36071,79944
Orleans,NY,36073,36073,52620
Oswego,NY,36075,36075,55967
Otsego,NY,36077,36077,54028
Putnam,NY,36079,36079,104486
Queens,NY,36081,36081,68666
Rensselaer,NY,36083,36083,68991
Richmond,NY,36085,36085,82783
Rockland,NY,36087,36087,93024
St. Lawrence,NY,36089,36089,50940
Saratoga,NY,36091,36091,84291
Schenectady,NY,36093,36093,65499
Schoharie,NY,36095,36095,57714
Schuyler,NY,36097,36097,52327
Seneca,NY,36099,36099,54545
Steuben,NY,36101,36101,53663
Suffolk,NY,36103,36103,101031
Sullivan,NY,36105,36105,57426
Tioga,NY,36107,36107,62999
Tompkins,NY,36109,36109,60240
Ulster,NY,36111,36111,64304
Warren,NY,36113,36113,61024
Washington,NY,36115,36115,57258
Wayne,NY,36117,36117,59449
Westchester,NY,36119,36119,96610
Wyoming,NY,36121,36121,58052
Yates,NY,36123,36123,56563
Alamance,NC,37001,37001,49688
Alexander,NC,37003,37003,48756
Alleghany,NC,37005,37005,37830
Anson,NC,37007,37007,40213
Ashe,NC,37009,37009,40962
Avery,NC,37011,37011,40340
Beaufort,NC,37013,37013,45212
Bertie,NC,37015,37015,35527
Bladen,NC,37017,37017,36173
Brunswick,NC,37019,37019,58236
Buncombe,NC,37021,37021,52207
Burke,NC,37023,37023,44557
Cabarrus,NC,37025,37025,67328
Caldwell,NC,37027,37027,44511
Camden,NC,37029,37029,64572
Carteret,NC,37031,37031,57194
Caswell,NC,37033,37033,45733
Catawba,NC,37035,37035,52056
Chatham,NC,37037,37037,67031
Cherokee,NC,37039,37039,41438
Chowan,NC,37041,37041,46519
Clay,NC,37043,37043,42222
Cleveland,NC,37045,37045,42247
Columbus,NC,37047,37047,37628
Craven,NC,37049,37049,52687
Cumberland,NC,37051,37051,46875
Currituck,NC,37053,37053,69964
Dare,NC,37055,37055,59381
Davidson,NC,37057,37057,49546
Davie,NC,37059,37059,60434
Duplin,NC,37061,37061,41764
Durham,NC,37063,37063,60958
Edgecombe,NC,37065,37065,36866
Forsyth,NC,37067,37067,51569
Franklin,NC,37069,37069,55193
Gaston,NC,37071,37071,52835
Gates,NC,37073,37073,50750
Graham,NC,37075,37075,39571
Granville,NC,37077,37077,55856
Greene,NC,37079,37079,39837
Guilford,NC,37081,37081,53261
Halifax,NC,37083,37083,35502
Harnett,NC,37085,37085,53554
Haywood,NC,37087,37087,51659
Henderson,NC,37089,37089,55945
Hertford,NC,37091,37091,41028
Hoke,NC,37093,37093,48072
Hyde,NC,37095,37095,39663
Iredell,NC,37097,37097,60955
Jackson,NC,37099,37099,47252
Johnston,NC,37101,37101,59865
Jones,NC,37103,37103,38158
Lee,NC,37105,37105,49994
Lenoir,NC,37107,37107,39402
Lincoln,NC,37109,37109,57536
McDowell,NC,37111,37111,43646
Macon,NC,37113,37113,45507
Madison,NC,37115,37115,45873
Martin,NC,37117,37117,40090
Mecklenburg,NC,37119,37119,66641
Mitchell,NC,37121,37121,46103
Montgomery,NC,37123,37123,44146
Moore,NC,37125,37125,59963
Nash,NC,37127,37127,49537
New Hanover,NC,37129,37129,54891
Northampton,NC,37131,37131,37146
Onslow,NC,37133,37133,50278
Orange,NC,37135,37135,71723
Pamlico,NC,37137,37137,46728
Pasquotank,NC,37139,37139,50558
Pender,NC,37141,37141,57240
Perquimans,NC,37143,37143,47162
Person,NC,37145,37145,51020
Pitt,NC,37147,37147,47437
Polk,NC,37149,37149,48787
Randolph,NC,37151,37151,47288
Richmond,NC,37153,37153,36148
Robeson,NC,37155,37155,34976
Rockingham,NC,37157,37157,43579
Rowan,NC,37159,37159,49842
Rutherford,NC,37161,37161,42608
Sampson,NC,37163,37163,42151
Scotland,NC,37165,37165,37238
Stanly,NC,37167,37167,52623
Stokes,NC,37169,37169,48054
Surry,NC,37171,37171,43597
Swain,NC,37173,37173,39317
Transylvania,NC,37175,37175,50212
Tyrrell,NC,37177,37177,35300
Union,NC,37179,37179,80033
Vance,NC,37181,37181,40529
Wake,NC,37183,37183,80591
Warren,NC,37185,37185,36466
Washington,NC,37187,37187,35979
Watauga,NC,37189,37189,47526
Wayne,NC,37191,37191,44416
Wilkes,NC,37193,37193,44107
Wilson,NC,37195,37195,43877
Yadkin,NC,37197,37197,44682
Yancey,NC,37199,37199,42222
Adams,ND,38001,38001,56681
Barnes,ND,38003,38003,58365
Benson,ND,38005,38005,47667
Billings,ND,38007,38007,75208
Bottineau,ND,38009,38009,60381
Bowman,ND,38011,38011,62442
Burke,ND,38013,38013,77232
Burleigh,ND,38015,38015,71524
Cass,ND,38017,38017,64482
Cavalier,ND,38019,38019,64798
Dickey,ND,38021,38021,65492
Divide,ND,38023,38023,62865
Dunn,ND,38025,38025,76719
Eddy,ND,38027,38027,54868
Emmons,ND,38029,38029,55902
Foster,ND,38031,38031,61425
Golden Valley,ND,38033,38033,58690
Grand Forks,ND,38035,38035,54051
Grant,ND,38037,38037,50938
Griggs,ND,38039,38039,53565
Hettinger,ND,38041,38041,60164
Kidder,ND,38043,38043,54643
LaMoure,ND,38045,38045,60806
Logan,ND,38047,38047,59375
McHenry,ND,38049,38049,64179
McIntosh,ND,38051,38051,52587
McKenzie,ND,38053,38053,77845
McLean,ND,38055,38055,68529
Mercer,ND,38057,38057,82181
Morton,ND,38059,38059,70556
Mountrail,ND,38061,38061,72147
Nelson,ND,38063,38063,52039
Oliver,ND,38065,38065,78929
Pembina,ND,38067,38067,64549
Pierce,ND,38069,38069,55660
Ramsey,ND,38071,38071,58910
Ransom,ND,38073,38073,63903
Renville,ND,38075,38075,73182
Richland,ND,38077,38077,61371
Rolette,ND,38079,38079,43158
Sargent,ND,38081,38081,63073
Sheridan,ND,38083,38083,51055
Sioux,ND,38085,38085,38939
Slope,ND,38087,38087,63611
Stark,ND,38089,38089,72045
Steele,ND,38091,38091,70724
Stutsman,ND,38093,38093,57674
Towner,ND,38095,38095,52300
Traill,ND,38097,38097,64453
Walsh,ND,38099,38099,55700
Ward,ND,38101,38101,68871
Wells,ND,38103,38103,57582
Williams,ND,38105,38105,87161
Adams,OH,39001,39001,39079
Allen,OH,39003,39003,53131
Ashland,OH,39005,39005,52823
Ashtabula,OH,39007,39007,46700
Athens,OH,39009,39009,40905
Auglaize,OH,39011,39011,64074
Belmont,OH,39013,39013,50904
Brown,OH,39015,39015,54575
Butler,OH,39017,39017,66117
Carroll,OH,39019,39019,55267
Champaign,OH,39021,39021,60112
Clark,OH,39023,39023,50873
Clermont,OH,39025,39025,66968
Clinton,OH,39027,39027,52815
Columbiana,OH,39029,39029,48345
Coshocton,OH,39031,39031,46606
Crawford,OH,39033,39033,44971
Cuyahoga,OH,39035,39035,50366
Darke,OH,39037,39037,55620
Defiance,OH,39039,39039,59931
Delaware,OH,39041,39041,106908
Erie,OH,39043,39043,54226
Fairfield,OH,39045,39045,67609
Fayette,OH,39047,39047,47308
Franklin,OH,39049,39049,61305
Fulton,OH,39051,39051,63092
Gallia,OH,39053,39053,44858
Geauga,OH,39055,39055,82303
Greene,OH,39057,39057,68720
Guernsey,OH,39059,39059,45917
Hamilton,OH,39061,39061,57212
Hancock,OH,39063,39063,58450
Hardin,OH,39065,39065,50506
Harrison,OH,39067,39067,49689
Henry,OH,39069,39069,59695
Highland,OH,39071,39071,44169
Hocking,OH,39073,39073,52363
Holmes,OH,39075,39075,63753
Huron,OH,39077,39077,52560
Jackson,OH,39079,39079,47550
Jefferson,OH,39081,39081,46581
Knox,OH,39083,39083,57749
Lake,OH,39085,39085,64466
Lawrence,OH,39087,39087,45118
Licking,OH,39089,39089,64589
Logan,OH,39091,39091,56754
Lorain,OH,39093,39093,58427
Lucas,OH,39095,39095,48736
Madison,OH,39097,39097,68022
Mahoning,OH,39099,39099,46042
Marion,OH,39101,39101,47498
Medina,OH,39103,39103,76600
Meigs,OH,39105,39105,44899
Mercer,OH,39107,39107,62952
Miami,OH,39109,39109,61041
Monroe,OH,39111,39111,45289
Montgomery,OH,39113,39113,51542
Morgan,OH,39115,39115,42341
Morrow,OH,39117,39117,59452
Muskingum,OH,39119,39119,47254
Noble,OH,39121,39121,46897
Ottawa,OH,39123,39123,59099
Paulding,OH,39125,39125,55330
Perry,OH,39127,39127,50150
Pickaway,OH,39129,39129,63633
Pike,OH,39131,39131,42832
Portage,OH,39133,39133,57618
Preble,OH,39135,39135,58957
Putnam,OH,39137,39137,64822
Richland,OH,39139,39139,49547
Ross,OH,39141,39141,51092
Sandusky,OH,39143,39143,54089
Scioto,OH,39145,39145,41330
Seneca,OH,39147,39147,52500
Shelby,OH,39149,39149,63806
Stark,OH,39151,39151,53860
Summit,OH,39153,39153,57181
Trumbull,OH,39155,39155,47280
Tuscarawas,OH,39157,39157,53243
Union,OH,39159,39159,86715
Van Wert,OH,39161,39161,54254
Vinton,OH,39163,39163,45673
Warren,OH,39165,39165,87125
Washington,OH,39167,39167,50021
Wayne,OH,39169,39169,58300
Williams,OH,39171,39171,53183
Wood,OH,39173,39173,62390
Wyandot,OH,39175,39175,55767
Adair,OK,40001,40001,34695
Alfalfa,OK,40003,40003,61852
Atoka,OK,40005,40005,39316
Beaver,OK,40007,40007,52349
Beckham,OK,40009,40009,50721
Blaine,OK,40011,40011,45792
Bryan,OK,40013,40013,44212
Caddo,OK,40015,40015,46592
Canadian,OK,40017,40017,72056
Carter,OK,40019,40019,51419
Cherokee,OK,40021,40021,42774
Choctaw,OK,40023,40023,34489
Cimarron,OK,40025,40025,46328
Cleveland,OK,40027,40027,64016
Coal,OK,40029,40029,40938
Comanche,OK,40031,40031,52161
Cotton,OK,40033,40033,50885
Craig,OK,40035,40035,43329
Creek,OK,40037,40037,51318
Custer,OK,40039,40039,49900
Delaware,OK,40041,40041,41696
Dewey,OK,40043,40043,52428
Ellis,OK,40045,40045,53245
Garfield,OK,40047,40047,54006
Garvin,OK,40049,40049,47125
Grady,OK,40051,40051,60875
Grant,OK,40053,40053,57727
Greer,OK,40055,40055,41488
Harmon,OK,40057,40057,48344
Harper,OK,40059,40059,46154
Haskell,OK,40061,40061,42348
Hughes,OK,40063,40063,39365
Jackson,OK,40065,40065,49703
Jefferson,OK,40067,40067,39895
Johnston,OK,40069,40069,41332
Kay,OK,40071,40071,46809
Kingfisher,OK,40073,40073,57777
Kiowa,OK,40075,40075,38019
Latimer,OK,40077,40077,44214
Le Flore,OK,40079,40079,40677
Lincoln,OK,40081,40081,50671
Logan,OK,40083,40083,65357
Love,OK,40085,40085,49399
McClain,OK,40087,40087,67662
McCurtain,OK,40089,40089,37061
McIntosh,OK,40091,40091,39084
Major,OK,40093,40093,54332
Marshall,OK,40095,40095,45746
Mayes,OK,40097,40097,50345
Murray,OK,40099,40099,52478
Muskogee,OK,40101,40101,43078
Noble,OK,40103,40103,56117
Nowata,OK,40105,40105,43145
Okfuskee,OK,40107,40107,38411
Oklahoma,OK,40109,40109,54520
Okmulgee,OK,40111,40111,42998
Osage,OK,40113,40113,49103
Ottawa,OK,40115,40115,39872
Pawnee,OK,40117,40117,48009
Payne,OK,40119,40119,41603
Pittsburg,OK,40121,40121,46784
Pontotoc,OK,40123,40123,50392
Pottawatomie,OK,40125,40125,49250
Pushmataha,OK,40127,40127,37692
Roger Mills,OK,40129,40129,51302
Rogers,OK,40131,40131,65434
Seminole,OK,40133,40133,39373
Sequoyah,OK,40135,40135,40351
Stephens,OK,40137,40137,47214
Texas,OK,40139,40139,52282
Tillman,OK,40141,40141,42280
Tulsa,OK,40143,40143,55517
Wagoner,OK,40145,40145,62795
Washington,OK,40147,40147,54997
Washita,OK,40149,40149,53274
Woods,OK,40151,40151,54282
Woodward,OK,40153,40153,60147
Baker,OR,41001,41001,45998
Benton,OR,41003,41003,62077
Clackamas,OR,41005,41005,80484
Clatsop,OR,41007,41007,54886
Columbia,OR,41009,41009,62257
Coos,OR,41011,41011,45051
Crook,OR,41013,41013,49006
Curry,OR,41015,41015,48440
Deschutes,OR,41017,41017,67043
Douglas,OR,41019,41019,47267
Gilliam,OR,41021,41021,47500
Grant,OR,41023,41023,44712
Harney,OR,41025,41025,40735
Hood River,OR,41027,41027,65679
Jackson,OR,41029,41029,53412
Jefferson,OR,41031,41031,53277
Josephine,OR,41033,41033,45616
Klamath,OR,41035,41035,46491
Lake,OR,41037,41037,37898
Lane,OR,41039,41039,52426
Lincoln,OR,41041,41041,47882
Linn,OR,41043,41043,55893
Malheur,OR,41045,41045,43313
Marion,OR,41047,41047,59625
Morrow,OR,41049,41049,54269
Multnomah,OR,41051,41051,69176
Polk,OR,41053,41053,62691
Sherman,OR,41055,41055,51071
Tillamook,OR,41057,41057,49895
Umatilla,OR,41059,41059,54699
Union,OR,41061,41061,52171
Wallowa,OR,41063,41063,51224
Wasco,OR,41065,41065,53105
Washington,OR,41067,41067,82215
Wheeler,OR,41069,41069,40926
Yamhill,OR,41071,41071,63902
Adams,PA,42001,42001,67253
Allegheny,PA,42003,42003,61043
Armstrong,PA,42005,42005,51410
Beaver,PA,42007,42007,57807
Bedford,PA,42009,42009,50509
Berks,PA,42011,42011,63728
Blair,PA,42013,42013,49181
Bradford,PA,42015,42015,52358
Bucks,PA,42017,42017,89139
Butler,PA,42019,42019,70668
Cambria,PA,42021,42021,46659
Cameron,PA,42023,42023,41165
Carbon,PA,42025,42025,57006
Centre,PA,42027,42027,60403
Chester,PA,42029,42029,100214
Clarion,PA,42031,42031,46680
Clearfield,PA,42033,42033,49015
Clinton,PA,42035,42035,50923
Columbia,PA,42037,42037,50550
Crawford,PA,42039,42039,50304
Cumberland,PA,42041,42041,71269
Dauphin,PA,42043,42043,60715
Delaware,PA,42045,42045,74477
Elk,PA,42047,42047,53440
Erie,PA,42049,42049,51529
Fayette,PA,42051,42051,47364
Forest,PA,42053,42053,39717
Franklin,PA,42055,42055,63379
Fulton,PA,42057,42057,53476
Greene,PA,42059,42059,54776
Huntingdon,PA,42061,42061,51678
Indiana,PA,42063,42063,49320
Jefferson,PA,42065,42065,47603
Juniata,PA,42067,42067,53879
Lackawanna,PA,42069,42069,52821
Lancaster,PA,42071,42071,66056
Lawrence,PA,42073,42073,50204
Lebanon,PA,42075,42075,60281
Lehigh,PA,42077,42077,63897
Luzerne,PA,42079,42079,53473
Lycoming,PA,42081,42081,54241
McKean,PA,42083,42083,48647
Mercer,PA,42085,42085,50696
Mifflin,PA,42087,42087,50219
Monroe,PA,42089,42089,63934
Montgomery,PA,42091,42091,91546
Montour,PA,42093,42093,58333
Northampton,PA,42095,42095,70471
Northumberland,PA,42097,42097,48671
Perry,PA,42099,42099,63718
Philadelphia,PA,42101,42101,45927
Pike,PA,42103,42103,65928
Potter,PA,42105,42105,45419
Schuylkill,PA,42107,42107,52280
Snyder,PA,42109,42109,58997
Somerset,PA,42111,42111,49089
Sullivan,PA,42113,42113,47407
Susquehanna,PA,42115,42115,54966
Tioga,PA,42117,42117,51324
Union,PA,42119,42119,59399
Venango,PA,42121,42121,49945
Warren,PA,42123,42123,50250
Washington,PA,42125,42125,63543
Wayne,PA,42127,42127,56096
Westmoreland,PA,42129,42129,60471
Wyoming,PA,42131,42131,59415
York,PA,42133,42133,66457
Bristol,RI,44001,44001,83092
Kent,RI,44003,44003,73521
Newport,RI,44005,44005,79454
Providence,RI,44007,44007,58974
Washington,RI,44009,44009,85531
Abbeville,SC,45001,45001,38741
Aiken,SC,45003,45003,51399
Allendale,SC,45005,45005,27185
Anderson,SC,45007,45007,50865
Bamberg,SC,45009,45009,31422
Barnwell,SC,45011,45011,35803
Beaufort,SC,45013,45013,68377
Berkeley,SC,45015,45015,63309
Calhoun,SC,45017,45017,46339
Charleston,SC,45019,45019,64022
Cherokee,SC,45021,45021,36883
Chester,SC,45023,45023,42442
Chesterfield,SC,45025,45025,41505
Clarendon,SC,45027,45027,40900
Colleton,SC,45029,45029,36324
Darlington,SC,45031,45031,38448
Dillon,SC,45033,45033,30812
Dorchester,SC,45035,45035,63080
Edgefield,SC,45037,45037,49127
Fairfield,SC,45039,45039,38213
Florence,SC,45041,45041,47058
Georgetown,SC,45043,45043,48456
Greenville,SC,45045,45045,60351
Greenwood,SC,45047,45047,42336
Hampton,SC,45049,45049,33429
Horry,SC,45051,45051,50704
Jasper,SC,45053,45053,45601
Kershaw,SC,45055,45055,51479
Lancaster,SC,45057,45057,58849
Laurens,SC,45059,45059,43304
Lee,SC,45061,45061,32371
Lexington,SC,45063,45063,61173
McCormick,SC,45065,45065,43633
Marion,SC,45067,45067,32063
Marlboro,SC,45069,45069,33586
Newberry,SC,45071,45071,44226
Oconee,SC,45073,45073,49134
Orangeburg,SC,45075,45075,37955
Pickens,SC,45077,45077,49573
Richland,SC,45079,45079,54767
Saluda,SC,45081,45081,45714
Spartanburg,SC,45083,45083,52332
Sumter,SC,45085,45085,45661
Union,SC,45087,45087,41186
Williamsburg,SC,45089,45089,32485
York,SC,45091,45091,65361
Aurora,SD,46003,46003,64083
Beadle,SD,46005,46005,52313
Bennett,SD,46007,46007,47500
Bon Homme,SD,46009,46009,54737
Brookings,SD,46011,46011,58136
Brown,SD,46013,46013,58216
Brule,SD,46015,46015,57196
Buffalo,SD,46017,46017,34808
Butte,SD,46019,46019,46508
Campbell,SD,46021,46021,54449
Charles Mix,SD,46023,46023,50481
Clark,SD,46025,46025,48980
Clay,SD,46027,46027,50724
Codington,SD,46029,46029,56376
Corson,SD,46031,46031,35759
Custer,SD,46033,46033,58522
Davison,SD,46035,46035,50570
Day,SD,46037,46037,46679
Deuel,SD,46039,46039,65437
Dewey,SD,46041,46041,47475
Douglas,SD,46043,46043,58684
Edmunds,SD,46045,46045,71324
Fall River,SD,46047,46047,50588
Faulk,SD,46049,46049,55096
Grant,SD,46051,46051,58158
Gregory,SD,46053,46053,43438
Haakon,SD,46055,46055,42250
Hamlin,SD,46057,46057,67105
Hand,SD,46059,46059,54155
Hanson,SD,46061,46061,64696
Harding,SD,46063,46063,59655
Hughes,SD,46065,46065,64783
Hutchinson,SD,46067,46067,57089
Hyde,SD,46069,46069,57788
Jackson,SD,46071,46071,33295
Jerauld,SD,46073,46073,49632
Jones,SD,46075,46075,46149
Kingsbury,SD,46077,46077,61699
Lake,SD,46079,46079,61846
Lawrence,SD,46081,46081,52641
Lincoln,SD,46083,46083,82473
Lyman,SD,46085,46085,53862
McCook,SD,46087,46087,61507
McPherson,SD,46089,46089,44574
Marshall,SD,46091,46091,63723
Meade,SD,46093,46093,60578
Mellette,SD,46095,46095,30650
Miner,SD,46097,46097,52910
Minnehaha,SD,46099,46099,61772
Moody,SD,46101,46101,61538
Pennington,SD,46103,46103,57039
Perkins,SD,46105,46105,57981
Potter,SD,46107,46107,54583
Roberts,SD,46109,46109,50348
Sanborn,SD,46111,46111,56875
Shannon,SD,46113,46113,31997
Spink,SD,46115,46115,54423
Stanley,SD,46117,46117,71382
Sully,SD,46119,46119,62153
Todd,SD,46121,46121,24331
Tripp,SD,46123,46123,57720
Turner,SD,46125,46125,59242
Union,SD,46127,46127,70378
Walworth,SD,46129,46129,55583
Yankton,SD,46135,46135,58342
Ziebach,SD,46137,46137,37400
Anderson,TN,47001,47001,50392
Bedford,TN,47003,47003,50415
Benton,TN,47005,47005,37512
Bledsoe,TN,47007,47007,44122
Blount,TN,47009,47009,56667
Bradley,TN,47011,47011,51331
Campbell,TN,47013,47013,39803
Cannon,TN,47015,47015,55330
Carroll,TN,47017,47017,42637
Carter,TN,47019,47019,38092
Cheatham,TN,47021,47021,61913
Chester,TN,47023,47023,51946
Claiborne,TN,47025,47025,36835
Clay,TN,47027,47027,32167
Cocke,TN,47029,47029,36716
Coffee,TN,47031,47031,50351
Crockett,TN,47033,47033,44717
Cumberland,TN,47035,47035,45958
Davidson,TN,47037,47037,60388
Decatur,TN,47039,47039,42031
DeKalb,TN,47041,47041,45511
Dickson,TN,47043,47043,53076
Dyer,TN,47045,47045,44185
Fayette,TN,47047,47047,60711
Fentress,TN,47049,47049,36520
Franklin,TN,47051,47051,51585
Gibson,TN,47053,47053,43171
Giles,TN,47055,47055,49614
Grainger,TN,47057,47057,44064
Greene,TN,47059,47059,42595
Grundy,TN,47061,47061,40516
Hamblen,TN,47063,47063,43619
Hamilton,TN,47065,47065,55070
Hancock,TN,47067,47067,30136
Hardeman,TN,47069,47069,40304
Hardin,TN,47071,47071,40682
Hawkins,TN,47073,47073,41924
Haywood,TN,47075,47075,37905
Henderson,TN,47077,47077,43305
Henry,TN,47079,47079,40502
Hickman,TN,47081,47081,43596
Houston,TN,47083,47083,42711
Humphreys,TN,47085,47085,45667
Jackson,TN,47087,47087,35207
Jefferson,TN,47089,47089,49139
Johnson,TN,47091,47091,36004
Knox,TN,47093,47093,57470
Lake,TN,47095,47095,35191
Lauderdale,TN,47097,47097,39896
Lawrence,TN,47099,47099,43614
Lewis,TN,47101,47101,37277
Lincoln,TN,47103,47103,49485
Loudon,TN,47105,47105,58065
McMinn,TN,47107,47107,43285
McNairy,TN,47109,47109,39161
Macon,TN,47111,47111,37430
Madison,TN,47113,47113,48161
Marion,TN,47115,47115,49432
Marshall,TN,47117,47117,53197
Maury,TN,47119,47119,57170
Meigs,TN,47121,47121,49167
Monroe,TN,47123,47123,42429
Montgomery,TN,47125,47125,57541
Moore,TN,47127,47127,57708
Morgan,TN,47129,47129,41333
Obion,TN,47131,47131,39615
Overton,TN,47133,47133,37197
Perry,TN,47135,47135,41034
Pickett,TN,47137,47137,39554
Polk,TN,47139,47139,43306
Putnam,TN,47141,47141,44259
Rhea,TN,47143,47143,42206
Roane,TN,47145,47145,53367
Robertson,TN,47147,47147,63307
Rutherford,TN,47149,47149,67429
Scott,TN,47151,47151,38864
Sequatchie,TN,47153,47153,49370
Sevier,TN,47155,47155,49610
Shelby,TN,47157,47157,51657
Smith,TN,47159,47159,48068
Stewart,TN,47161,47161,45809
Sullivan,TN,47163,47163,46684
Sumner,TN,47165,47165,67204
Tipton,TN,47167,47167,61291
Trousdale,TN,47169,47169,56321
Unicoi,TN,47171,47171,41890
Union,TN,47173,47173,44671
Van Buren,TN,47175,47175,42724
Warren,TN,47177,47177,41125
Washington,TN,47179,47179,48334
Wayne,TN,47181,47181,41427
Weakley,TN,47183,47183,39937
White,TN,47185,47185,41998
Williamson,TN,47187,47187,112962
Wilson,TN,47189,47189,75991
Anderson,TX,48001,48001,43455
Andrews,TX,48003,48003,76158
Angelina,TX,48005,48005,50453
Aransas,TX,48007,48007,45137
Archer,TX,48009,48009,63835
Armstrong,TX,48011,48011,72500
Atascosa,TX,48013,48013,55366
Austin,TX,48015,48015,66206
Bailey,TX,48017,48017,52273
Bandera,TX,48019,48019,58661
Bastrop,TX,48021,48021,64597
Baylor,TX,48023,48023,40739
Bee,TX,48025,48025,44578
Bell,TX,48027,48027,54884
Bexar,TX,48029,48029,57157
Blanco,TX,48031,48031,66390
Borden,TX,48033,48033,72188
Bosque,TX,48035,48035,52148
Bowie,TX,48037,48037,50164
Brazoria,TX,48039,48039,81447
Brazos,TX,48041,48041,49181
Brewster,TX,48043,48043,47080
Briscoe,TX,48045,48045,40227
Brooks,TX,48047,48047,28333
Brown,TX,48049,48049,48365
Burleson,TX,48051,48051,57731
Burnet,TX,48053,48053,59492
Caldwell,TX,48055,48055,54152
Calhoun,TX,48057,48057,58776
Callahan,TX,48059,48059,48651
Cameron,TX,48061,48061,38758
Camp,TX,48063,48063,48207
Carson,TX,48065,48065,74872
Cass,TX,48067,48067,44848
Castro,TX,48069,48069,50142
Chambers,TX,48071,48071,91141
Cherokee,TX,48073,48073,48186
Childress,TX,48075,48075,43181
Clay,TX,48077,48077,55989
Cochran,TX,48079,48079,40962
Coke,TX,48081,48081,45000
Coleman,TX,48083,48083,46743
Collin,TX,48085,48085,96913
Collingsworth,TX,48087,48087,39120
Colorado,TX,48089,48089,52559
Comal,TX,48091,48091,79936
Comanche,TX,48093,48093,53516
Concho,TX,48095,48095,47500
Cooke,TX,48097,48097,60202
Coryell,TX,48099,48099,52893
Cottle,TX,48101,48101,32305
Crane,TX,48103,48103,65969
Crockett,TX,48105,48105,47386
Crosby,TX,48107,48107,40759
Culberson,TX,48109,48109,37900
Dallam,TX,48111,48111,58811
Dallas,TX,48113,48113,59607
Dawson,TX,48115,48115,43239
Deaf Smith,TX,48117,48117,49701
Delta,TX,48119,48119,51038
Denton,TX,48121,48121,86913
DeWitt,TX,48123,48123,55357
Dickens,TX,48125,48125,42540
Dimmit,TX,48127,48127,27161
Donley,TX,48129,48129,42961
Duval,TX,48131,48131,41186
Eastland,TX,48133,48133,37276
Ector,TX,48135,48135,62973
Edwards,TX,48137,48137,40766
Ellis,TX,48139,48139,76871
El Paso,TX,48141,48141,46871
Erath,TX,48143,48143,52742
Falls,TX,48145,48145,39497
Fannin,TX,48147,48147,54648
Fayette,TX,48149,48149,60189
Fisher,TX,48151,48151,46146
Floyd,TX,48153,48153,50580
Foard,TX,48155,48155,43625
Fort Bend,TX,48157,48157,97743
Franklin,TX,48159,48159,53783
Freestone,TX,48161,48161,49471
Frio,TX,48163,48163,46729
Gaines,TX,48165,48165,63054
Galveston,TX,48167,48167,73330
Garza,TX,48169,48169,49627
Gillespie,TX,48171,48171,59155
Glasscock,TX,48173,48173,78456
Goliad,TX,48175,48175,60690
Gonzales,TX,48177,48177,53577
Gray,TX,48179,48179,47952
Grayson,TX,48181,48181,54815
Gregg,TX,48183,48183,50180
Grimes,TX,48185,48185,52913
Guadalupe,TX,48187,48187,74496
Hale,TX,48189,48189,48384
Hall,TX,48191,48191,34673
Hamilton,TX,48193,48193,50825
Hansford,TX,48195,48195,38000
Hardeman,TX,48197,48197,41859
Hardin,TX,48199,48199,60339
Harris,TX,48201,48201,61705
Harrison,TX,48203,48203,52220
Hartley,TX,48205,48205,58298
Haskell,TX,48207,48207,40313
Hays,TX,48209,48209,68717
Hemphill,TX,48211,48211,70625
Henderson,TX,48213,48213,47355
Hidalgo,TX,48215,48215,40014
Hill,TX,48217,48217,53307
Hockley,TX,48219,48219,48248
Hood,TX,48221,48221,64041
Hopkins,TX,48223,48223,52078
Houston,TX,48225,48225,37904
Howard,TX,48227,48227,54208
Hudspeth,TX,48229,48229,31677
Hunt,TX,48231,48231,54959
Hutchinson,TX,48233,48233,52524
Irion,TX,48235,48235,47500
Jack,TX,48237,48237,52045
Jackson,TX,48239,48239,62806
Jasper,TX,48241,48241,44370
Jeff Davis,TX,48243,48243,53088
Jefferson,TX,48245,48245,51248
Jim Hogg,TX,48247,48247,33382
Jim Wells,TX,48249,48249,41505
Johnson,TX,48251,48251,64359
Jones,TX,48253,48253,50344
Karnes,TX,48255,48255,56127
Kaufman,TX,48257,48257,70107
Kendall,TX,48259,48259,84747
Kenedy,TX,48261,48261,38021
Kent,TX,48263,48263,44688
Kerr,TX,48265,48265,55990
Kimble,TX,48267,48267,43328
King,TX,48269,48269,52083
Kinney,TX,48271,48271,26738
Kleberg,TX,48273,48273,43730
Knox,TX,48275,48275,48798
Lamar,TX,48277,48277,45117
Lamb,TX,48279,48279,45111
Lampasas,TX,48281,48281,60772
La Salle,TX,48283,48283,50151
Lavaca,TX,48285,48285,54403
Lee,TX,48287,48287,54744
Leon,TX,48289,48289,43045
Liberty,TX,48291,48291,51494
Limestone,TX,48293,48293,44418
Lipscomb,TX,48295,48295,59091
Live Oak,TX,48297,48297,53848
Llano,TX,48299,48299,53411
Loving,TX,48301,48301,83750
Lubbock,TX,48303,48303,52429
Lynn,TX,48305,48305,43382
McCulloch,TX,48307,48307,47707
McLennan,TX,48309,48309,49778
McMullen,TX,48311,48311,62000
Madison,TX,48313,48313,52664
Marion,TX,48315,48315,37662
Martin,TX,48317,48317,66610
Mason,TX,48319,48319,42276
Matagorda,TX,48321,48321,48913
Maverick,TX,48323,48323,39625
Medina,TX,48325,48325,62599
Menard,TX,48327,48327,36395
Midland,TX,48329,48329,79421
Milam,TX,48331,48331,47902
Mills,TX,48333,48333,49306
Mitchell,TX,48335,48335,51492
Montague,TX,48337,48337,51765
Montgomery,TX,48339,48339,80902
Moore,TX,48341,48341,54871
Morris,TX,48343,48343,41359
Motley,TX,48345,48345,43859
Nacogdoches,TX,48347,48347,44847
Navarro,TX,48349,48349,48529
Newton,TX,48351,48351,40101
Nolan,TX,48353,48353,45537
Nueces,TX,48355,48355,55919
Ochiltree,TX,48357,48357,50464
Oldham,TX,48359,48359,64545
Orange,TX,48361,48361,59399
Palo Pinto,TX,48363,48363,50154
Panola,TX,48365,48365,52982
Parker,TX,48367,48367,77503
Parmer,TX,48369,48369,55359
Pecos,TX,48371,48371,52397
Polk,TX,48373,48373,49279
Potter,TX,48375,48375,42528
Presidio,TX,48377,48377,25098
Rains,TX,48379,48379,51579
Randall,TX,48381,48381,68261
Reagan,TX,48383,48383,74868
Real,TX,48385,48385,35862
Red River,TX,48387,48387,39142
Reeves,TX,48389,48389,53311
Refugio,TX,48391,48391,50076
Roberts,TX,48393,48393,68750
Robertson,TX,48395,48395,52928
Rockwall,TX,48397,48397,100920
Runnels,TX,48399,48399,44940
Rusk,TX,48401,48401,55234
Sabine,TX,48403,48403,34992
San Augustine,TX,48405,48405,40353
San Jacinto,TX,48407,48407,41614
San Patricio,TX,48409,48409,56556
San Saba,TX,48411,48411,45083
Schleicher,TX,48413,48413,53229
Scurry,TX,48415,48415,54326
Shackelford,TX,48417,48417,46935
Shelby,TX,48419,48419,42522
Sherman,TX,48421,48421,51926
Smith,TX,48423,48423,56810
Somervell,TX,48425,48425,60632
Starr,TX,48427,48427,30387
Stephens,TX,48429,48429,46232
Sterling,TX,48431,48431,59868
Stonewall,TX,48433,48433,51250
Sutton,TX,48435,48435,54306
Swisher,TX,48437,48437,39771
Tarrant,TX,48439,48439,67700
Taylor,TX,48441,48441,53143
Terrell,TX,48443,48443,43208
Terry,TX,48445,48445,44627
Throckmorton,TX,48447,48447,40000
Titus,TX,48449,48449,50196
Tom Green,TX,48451,48451,53903
Travis,TX,48453,48453,75887
Trinity,TX,48455,48455,41357
Tyler,TX,48457,48457,44497
Upshur,TX,48459,48459,52162
Upton,TX,48461,48461,52171
Uvalde,TX,48463,48463,41679
Val Verde,TX,48465,48465,46147
Van Zandt,TX,48467,48467,54654
Victoria,TX,48469,48469,56834
Walker,TX,48471,48471,43742
Waller,TX,48473,48473,59642
Ward,TX,48475,48475,62986
Washington,TX,48477,48477,54971
Webb,TX,48479,48479,46475
Wharton,TX,48481,48481,48310
Wheeler,TX,48483,48483,49315
Wichita,TX,48485,48485,48650
Wilbarger,TX,48487,48487,45302
Willacy,TX,48489,48489,35521
Williamson,TX,48491,48491,87337
Wilson,TX,48493,48493,76692
Winkler,TX,48495,48495,60366
Wise,TX,48497,48497,64536
Wood,TX,48499,48499,53394
Yoakum,TX,48501,48501,70005
Young,TX,48503,48503,50635
Zapata,TX,48505,48505,33952
Zavala,TX,48507,48507,34459
Beaver,UT,49001,49001,55221
Box Elder,UT,49003,49003,62233
Cache,UT,49005,49005,59038
Carbon,UT,49007,49007,51158
Daggett,UT,49009,49009,75417
Davis,UT,49011,49011,83310
Duchesne,UT,49013,49013,63224
Emery,UT,49015,49015,55554
Garfield,UT,49017,49017,54565
Grand,UT,49019,49019,51557
Iron,UT,49021,49021,51807
Juab,UT,49023,49023,61463
Kane,UT,49025,49025,47044
Millard,UT,49027,49027,62242
Morgan,UT,49029,49029,91341
Piute,UT,49031,49031,42813
Rich,UT,49033,49033,57902
Salt Lake,UT,49035,49035,74865
San Juan,UT,49037,49037,45394
Sanpete,UT,49039,49039,53838
Sevier,UT,49041,49041,54799
Summit,UT,49043,49043,102958
Tooele,UT,49045,49045,74562
Uintah,UT,49047,49047,65264
Utah,UT,49049,49049,74665
Wasatch,UT,49051,49051,85166
Washington,UT,49053,49053,59839
Wayne,UT,49055,49055,44245
Weber,UT,49057,49057,67244
Addison,VT,50001,50001,68825
Bennington,VT,50003,50003,56183
Caledonia,VT,50005,50005,50563
Chittenden,VT,50007,50007,73647
Essex,VT,50009,50009,44349
Franklin,VT,50011,50011,65485
Grand Isle,VT,50013,50013,71587
Lamoille,VT,50015,50015,64003
Orange,VT,50017,50017,60925
Orleans,VT,50019,50019,49168
Rutland,VT,50021,50021,56139
Washington,VT,50023,50023,62791
Windham,VT,50025,50025,51985
Windsor,VT,50027,50027,60987
Accomack,VA,51001,51001,46073
Albemarle,VA,51003,51003,79880
Alleghany,VA,51005,51005,47673
Amelia,VA,51007,51007,57946
Amherst,VA,51009,51009,52888
Appomattox,VA,51011,51011,58696
Arlington,VA,51013,51013,120071
Augusta,VA,51015,51015,62711
Bath,VA,51017,51017,49738
Bedford,VA,51019,51019,64199
Bland,VA,51021,51021,48531
Botetourt,VA,51023,51023,71110
Brunswick,VA,51025,51025,44434
Buchanan,VA,51027,51027,31956
Buckingham,VA,51029,51029,49025
Campbell,VA,51031,51031,49664
Caroline,VA,51033,51033,65103
Carroll,VA,51035,51035,44835
Charles City,VA,51036,51036,57198
Charlotte,VA,51037,51037,40573
Chesterfield,VA,51041,51041,82599
Clarke,VA,51043,51043,80026
Craig,VA,51045,51045,55708
Culpeper,VA,51047,51047,77935
Cumberland,VA,51049,51049,47469
Dickenson,VA,51051,51051,29932
Dinwiddie,VA,51053,51053,60346
Essex,VA,51057,51057,51954
Fairfax,VA,51059,51059,124831
Fauquier,VA,51061,51061,100783
Floyd,VA,51063,51063,51521
Fluvanna,VA,51065,51065,76873
Franklin,VA,51067,51067,56254
Frederick,VA,51069,51069,78002
Giles,VA,51071,51071,54520
Gloucester,VA,51073,51073,70537
Goochland,VA,51075,51075,93994
Grayson,VA,51077,51077,36544
Greene,VA,51079,51079,67398
Greensville,VA,51081,51081,50300
Halifax,VA,51083,51083,42669
Hanover,VA,51085,51085,89390
Henrico,VA,51087,51087,70307
Henry,VA,51089,51089,37952
Highland,VA,51091,51091,48587
Isle of Wight,VA,51093,51093,73991
James City,VA,51095,51095,87678
King and Queen,VA,51097,51097,63982
King George,VA,51099,51099,94274
King William,VA,51101,51101,66987
Lancaster,VA,51103,51103,53711
Lee,VA,51105,51105,32888
Loudoun,VA,51107,51107,142299
Louisa,VA,51109,51109,60975
Lunenburg,VA,51111,51111,44303
Madison,VA,51113,51113,57895
Mathews,VA,51115,51115,64237
Mecklenburg,VA,51117,51117,43207
Middlesex,VA,51119,51119,57438
Montgomery,VA,51121,51121,57977
Nelson,VA,51125,51125,64313
New Kent,VA,51127,51127,87904
Northampton,VA,51131,51131,47227
Northumberland,VA,51133,51133,62632
Nottoway,VA,51135,51135,45535
Orange,VA,51137,51137,71548
Page,VA,51139,51139,51792
Patrick,VA,51141,51141,43073
Pittsylvania,VA,51143,51143,47690
Powhatan,VA,51145,51145,89090
Prince Edward,VA,51147,51147,47202
Prince George,VA,51149,51149,71912
Prince William,VA,51153,51153,107132
Pulaski,VA,51155,51155,53866
Rappahannock,VA,51157,51157,74284
Richmond,VA,51159,51159,49517
Roanoke,VA,51161,51161,68948
Rockbridge,VA,51163,51163,54600
Rockingham,VA,51165,51165,61864
Russell,VA,51167,51167,39758
Scott,VA,51169,51169,39820
Shenandoah,VA,51171,51171,57252
Smyth,VA,51173,51173,40932
Southampton,VA,51175,51175,61348
Spotsylvania,VA,51177,51177,88628
Stafford,VA,51179,51179,111108
Surry,VA,51181,51181,57962
Sussex,VA,51183,51183,49487
Tazewell,VA,51185,51185,42099
Warren,VA,51187,51187,69116
Washington,VA,51191,51191,48495
Westmoreland,VA,51193,51193,53853
Wise,VA,51195,51195,38888
Wythe,VA,51197,51197,49364
York,VA,51199,51199,92069
Alexandria City,VA,51510,51510,100939
Bedford City,VA,51515,51515,N/A
Bristol City,VA,51520,51520,37500
Buena Vista City,VA,51530,51530,32455
Charlottesville City,VA,51540,51540,59471
Chesapeake City,VA,51550,51550,78640
Colonial Heights City,VA,51570,51570,54550
Covington City,VA,51580,51580,40655
Danville City,VA,51590,51590,37203
Emporia City,VA,51595,51595,27063
Fairfax City,VA,51600,51600,116979
Falls Church City,VA,51610,51610,127610
Franklin City,VA,51620,51620,40417
Fredericksburg City,VA,51630,51630,65641
Galax City,VA,51640,51640,33575
Hampton City,VA,51650,51650,56287
Harrisonburg City,VA,51660,51660,46679
Hopewell City,VA,51670,51670,39030
Lexington City,VA,51678,51678,42632
Lynchburg City,VA,51680,51680,46409
Manassas City,VA,51683,51683,81493
Manassas Park City,VA,51685,51685,88046
Martinsville City,VA,51690,51690,34371
Newport News City,VA,51700,51700,53215
Norfolk City,VA,51710,51710,51590
Norton City,VA,51720,51720,29000
Petersburg City,VA,51730,51730,38679
Poquoson City,VA,51735,51735,97118
Portsmouth City,VA,51740,51740,52175
Radford City,VA,51750,51750,36297
Richmond City,VA,51760,51760,47250
Roanoke City,VA,51770,51770,44230
Salem City,VA,51775,51775,57165
Staunton City,VA,51790,51790,52611
Suffolk City,VA,51800,51800,74884
Virginia Beach City,VA,51810,51810,76610
Waynesboro City,VA,51820,51820,45011
Williamsburg City,VA,51830,51830,57463
Winchester City,VA,51840,51840,58818
Adams,WA,53001,53001,48294
Asotin,WA,53003,53003,53715
Benton,WA,53005,53005,69023
Chelan,WA,53007,53007,58795
Clallam,WA,53009,53009,52192
Clark,WA,53011,53011,75253
Columbia,WA,53013,53013,53423
Cowlitz,WA,53015,53015,54506
Douglas,WA,53017,53017,62951
Ferry,WA,53019,53019,41939
Franklin,WA,53021,53021,63584
Garfield,WA,53023,53023,55900
Grant,WA,53025,53025,55556
Grays Harbor,WA,53027,53027,51240
Island,WA,53029,53029,68604
Jefferson,WA,53031,53031,55127
King,WA,53033,53033,94974
Kitsap,WA,53035,53035,75411
Kittitas,WA,53037,53037,56004
Klickitat,WA,53039,53039,55773
Lewis,WA,53041,53041,53484
Lincoln,WA,53043,53043,54631
Mason,WA,53045,53045,57634
Okanogan,WA,53047,53047,47240
Pacific,WA,53049,53049,46733
Pend Oreille,WA,53051,53051,50591
Pierce,WA,53053,53053,72113
San Juan,WA,53055,53055,63622
Skagit,WA,53057,53057,67028
Skamania,WA,53059,53059,65181
Snohomish,WA,53061,53061,86691
Spokane,WA,53063,53063,56904
Stevens,WA,53065,53065,51775
Thurston,WA,53067,53067,72003
Wahkiakum,WA,53069,53069,53227
Walla Walla,WA,53071,53071,57858
Whatcom,WA,53073,53073,62984
Whitman,WA,53075,53075,42745
Yakima,WA,53077,53077,51637
Barbour,WV,54001,54001,38459
Berkeley,WV,54003,54003,62515
Boone,WV,54005,54005,40739
Braxton,WV,54007,54007,41466
Brooke,WV,54009,54009,51496
Cabell,WV,54011,54011,40028
Calhoun,WV,54013,54013,38382
Clay,WV,54015,54015,35024
Doddridge,WV,54017,54017,45545
Fayette,WV,54019,54019,41394
Gilmer,WV,54021,54021,42636
Grant,WV,54023,54023,42216
Greenbrier,WV,54025,54025,40200
Hampshire,WV,54027,54027,47857
Hancock,WV,54029,54029,45763
Hardy,WV,54031,54031,47438
Harrison,WV,54033,54033,53022
Jackson,WV,54035,54035,47837
Jefferson,WV,54037,54037,80430
Kanawha,WV,54039,54039,46639
Lewis,WV,54041,54041,39908
Lincoln,WV,54043,54043,42345
Logan,WV,54045,54045,36168
McDowell,WV,54047,54047,27682
Marion,WV,54049,54049,50305
Marshall,WV,54051,54051,48557
Mason,WV,54053,54053,46078
Mercer,WV,54055,54055,40784
Mineral,WV,54057,54057,49936
Mingo,WV,54059,54059,32764
Monongalia,WV,54061,54061,52455
Monroe,WV,54063,54063,38540
Morgan,WV,54065,54065,51745
Nicholas,WV,54067,54067,40086
Ohio,WV,54069,54069,50584
Pendleton,WV,54071,54071,42312
Pleasants,WV,54073,54073,56838
Pocahontas,WV,54075,54075,41882
Preston,WV,54077,54077,51888
Putnam,WV,54079,54079,60097
Raleigh,WV,54081,54081,43748
Randolph,WV,54083,54083,43320
Ritchie,WV,54085,54085,43577
Roane,WV,54087,54087,37373
Summers,WV,54089,54089,38187
Taylor,WV,54091,54091,48578
Tucker,WV,54093,54093,49118
Tyler,WV,54095,54095,43087
Upshur,WV,54097,54097,40322
Wayne,WV,54099,54099,37988
Webster,WV,54101,54101,34927
Wetzel,WV,54103,54103,43107
Wirt,WV,54105,54105,46048
Wood,WV,54107,54107,47321
Wyoming,WV,54109,54109,42332
Adams,WI,55001,55001,46369
Ashland,WI,55003,55003,42510
Barron,WI,55005,55005,52703
Bayfield,WI,55007,55007,56096
Brown,WI,55009,55009,62340
Buffalo,WI,55011,55011,57829
Burnett,WI,55013,55013,52672
Calumet,WI,55015,55015,75814
Chippewa,WI,55017,55017,59742
Clark,WI,55019,55019,54012
Columbia,WI,55021,55021,68005
Crawford,WI,55023,55023,50595
Dane,WI,55025,55025,73893
Dodge,WI,55027,55027,60652
Door,WI,55029,55029,61560
Douglas,WI,55031,55031,53986
Dunn,WI,55033,55033,58783
Eau Claire,WI,55035,55035,59476
Florence,WI,55037,55037,52181
Fond du Lac,WI,55039,55039,62391
Forest,WI,55041,55041,45536
Grant,WI,55043,55043,54800
Green,WI,55045,55045,64502
Green Lake,WI,55047,55047,55075
Iowa,WI,55049,55049,64124
Iron,WI,55051,55051,43798
Jackson,WI,55053,55053,53650
Jefferson,WI,55055,55055,66291
Juneau,WI,55057,55057,53490
Kenosha,WI,55059,55059,63733
Kewaunee,WI,55061,55061,66192
La Crosse,WI,55063,55063,57882
Lafayette,WI,55065,55065,60691
Langlade,WI,55067,55067,49491
Lincoln,WI,55069,55069,58541
Manitowoc,WI,55071,55071,56612
Marathon,WI,55073,55073,62633
Marinette,WI,55075,55075,50330
Marquette,WI,55077,55077,52288
Menominee,WI,55078,55078,40921
Milwaukee,WI,55079,55079,50606
Monroe,WI,55081,55081,59587
Oconto,WI,55083,55083,60908
Oneida,WI,55085,55085,56852
Outagamie,WI,55087,55087,65572
Ozaukee,WI,55089,55089,85215
Pepin,WI,55091,55091,54583
Pierce,WI,55093,55093,72323
Polk,WI,55095,55095,59994
Portage,WI,55097,55097,58853
Price,WI,55099,55099,47956
Racine,WI,55101,55101,61336
Richland,WI,55103,55103,51947
Rock,WI,55105,55105,57875
Rusk,WI,55107,55107,47532
St. Croix,WI,55109,55109,84756
Sauk,WI,55111,55111,59943
Sawyer,WI,55113,55113,47714
Shawano,WI,55115,55115,56531
Sheboygan,WI,55117,55117,60696
Taylor,WI,55119,55119,53020
Trempealeau,WI,55121,55121,58548
Vernon,WI,55123,55123,52459
Vilas,WI,55125,55125,47072
Walworth,WI,55127,55127,63776
Washburn,WI,55129,55129,50280
Washington,WI,55131,55131,77663
Waukesha,WI,55133,55133,87277
Waupaca,WI,55135,55135,58693
Waushara,WI,55137,55137,52810
Winnebago,WI,55139,55139,58543
Wood,WI,55141,55141,54913
Albany,WY,56001,56001,49322
Big Horn,WY,56003,56003,52804
Campbell,WY,56005,56005,82659
Carbon,WY,56007,56007,60161
Converse,WY,56009,56009,69647
Crook,WY,56011,56011,65132
Fremont,WY,56013,56013,55896
Goshen,WY,56015,56015,54289
Hot Springs,WY,56017,56017,51413
Johnson,WY,56019,56019,58132
Laramie,WY,56021,56021,66910
Lincoln,WY,56023,56023,66964
Natrona,WY,56025,56025,62772
Niobrara,WY,56027,56027,39150
Park,WY,56029,56029,63582
Platte,WY,56031,56031,50903
Sheridan,WY,56033,56033,60807
Sublette,WY,56035,56035,77403
Sweetwater,WY,56037,56037,74843
Teton,WY,56039,56039,84678
Uinta,WY,56041,56041,63403
Washakie,WY,56043,56043,54158
Weston,WY,56045,56045,57031
Eastern,AS,60010,60010,N/A
Manu'a,AS,60020,60020,N/A
Rose Island,AS,60030,60030,N/A
Swains Island,AS,60040,60040,N/A
Western,AS,60050,60050,N/A
Guam,GU,66010,66010,N/A
Northern Islands,MP,69085,69085,N/A
Rota,MP,69100,69100,N/A
Saipan,MP,69110,69110,N/A
Tinian,MP,69120,69120,N/A
Adjuntas,PR,72001,72001,14012
Aguada,PR,72003,72003,16738
Aguadilla,PR,72005,72005,16269
Aguas Buenas,PR,72007,72007,19279
Aibonito,PR,72009,72009,20521
Aasco,PR,72011,72011,19919
Arecibo,PR,72013,72013,18647
Arroyo,PR,72015,72015,17570
Barceloneta,PR,72017,72017,17154
Barranquitas,PR,72019,72019,17036
Bayamn,PR,72021,72021,26420
Cabo Rojo,PR,72023,72023,16708
Caguas,PR,72025,72025,25136
Camuy,PR,72027,72027,17000
Canvanas,PR,72029,72029,21267
Carolina,PR,72031,72031,29059
Catao,PR,72033,72033,17448
Cayey,PR,72035,72035,22518
Ceiba,PR,72037,72037,18309
Ciales,PR,72039,72039,16867
Cidra,PR,72041,72041,19726
Coamo,PR,72043,72043,19692
Comero,PR,72045,72045,13733
Corozal,PR,72047,72047,15140
Culebra,PR,72049,72049,23333
Dorado,PR,72051,72051,30732
Fajardo,PR,72053,72053,19430
Florida,PR,72054,72054,20442
Gunica,PR,72055,72055,12995
Guayama,PR,72057,72057,17261
Guayanilla,PR,72059,72059,17379
Guaynabo,PR,72061,72061,35928
Gurabo,PR,72063,72063,35018
Hatillo,PR,72065,72065,17715
Hormigueros,PR,72067,72067,19030
Humacao,PR,72069,72069,20434
Isabela,PR,72071,72071,16540
Jayuya,PR,72073,72073,14808
Juana Daz,PR,72075,72075,20657
Juncos,PR,72077,72077,19605
Lajas,PR,72079,72079,13992
Lares,PR,72081,72081,16532
Las Maras,PR,72083,72083,14135
Las Piedras,PR,72085,72085,21667
Loza,PR,72087,72087,17852
Luquillo,PR,72089,72089,21850
Manat,PR,72091,72091,18502
Maricao,PR,72093,72093,12441
Maunabo,PR,72095,72095,20844
Mayagez,PR,72097,72097,14236
Moca,PR,72099,72099,15037
Morovis,PR,72101,72101,20941
Naguabo,PR,72103,72103,19432
Naranjito,PR,72105,72105,18883
Orocovis,PR,72107,72107,15099
Patillas,PR,72109,72109,16007
Peuelas,PR,72111,72111,16718
Ponce,PR,72113,72113,17069
Quebradillas,PR,72115,72115,17473
Rincn,PR,72117,72117,19907
Ro Grande,PR,72119,72119,22669
Sabana Grande,PR,72121,72121,17319
Salinas,PR,72123,72123,18189
San Germn,PR,72125,72125,16486
San Juan,PR,72127,72127,22710
San Lorenzo,PR,72129,72129,19380
San Sebastin,PR,72131,72131,15331
Santa Isabel,PR,72133,72133,19827
Toa Alta,PR,72135,72135,28834
Toa Baja,PR,72137,72137,25105
Trujillo Alto,PR,72139,72139,32545
Utuado,PR,72141,72141,15399
Vega Alta,PR,72143,72143,20048
Vega Baja,PR,72145,72145,19617
Vieques,PR,72147,72147,14936
Villalba,PR,72149,72149,19877
Yabucoa,PR,72151,72151,16295
Yauco,PR,72153,72153,14743
St. Croix,VI,78010,78010,N/A
St. John,VI,78020,78020,N/A
St. Thomas,VI,78030,78030,N/A