County,State,FIPS Code,Formatted FIPS,"Estimated median value of an owner-occupied home, between 2015-2"
Autauga,AL,1001,01001,154500
Baldwin,AL,1003,01003,197900
Barbour,AL,1005,01005,90700
Bibb,AL,1007,01007,92800
Blount,AL,1009,01009,127800
Bullock,AL,1011,01011,70300
Butler,AL,1013,01013,95900
Calhoun,AL,1015,01015,118000
Chambers,AL,1017,01017,97100
Cherokee,AL,1019,01019,123400
Chilton,AL,1021,01021,107300
Choctaw,AL,1023,01023,74100
Clarke,AL,1025,01025,112500
Clay,AL,1027,01027,107800
Cleburne,AL,1029,01029,116500
Coffee,AL,1031,01031,147400
Colbert,AL,1033,01033,120800
Conecuh,AL,1035,01035,81000
Coosa,AL,1037,01037,84000
Covington,AL,1039,01039,97600
Crenshaw,AL,1041,01041,81000
Cullman,AL,1043,01043,128600
Dale,AL,1045,01045,112000
Dallas,AL,1047,01047,83300
DeKalb,AL,1049,01049,106100
Elmore,AL,1051,01051,166600
Escambia,AL,1053,01053,99400
Etowah,AL,1055,01055,113700
Fayette,AL,1057,01057,88500
Franklin,AL,1059,01059,95000
Geneva,AL,1061,01061,100900
Greene,AL,1063,01063,80400
Hale,AL,1065,01065,89300
Henry,AL,1067,01067,118800
Houston,AL,1069,01069,137600
Jackson,AL,1071,01071,104900
Jefferson,AL,1073,01073,159100
Lamar,AL,1075,01075,80900
Lauderdale,AL,1077,01077,145000
Lawrence,AL,1079,01079,110500
Lee,AL,1081,01081,169300
Limestone,AL,1083,01083,158800
Lowndes,AL,1085,01085,70000
Macon,AL,1087,01087,80800
Madison,AL,1089,01089,186100
Marengo,AL,1091,01091,84400
Marion,AL,1093,01093,92800
Marshall,AL,1095,01095,128800
Mobile,AL,1097,01097,130200
Monroe,AL,1099,01099,102200
Montgomery,AL,1101,01101,129800
Morgan,AL,1103,01103,137000
Perry,AL,1105,01105,65000
Pickens,AL,1107,01107,96000
Pike,AL,1109,01109,120000
Randolph,AL,1111,01111,96100
Russell,AL,1113,01113,122000
St. Clair,AL,1115,01115,154900
Shelby,AL,1117,01117,211900
Sumter,AL,1119,01119,74400
Talladega,AL,1121,01121,105300
Tallapoosa,AL,1123,01123,109300
Tuscaloosa,AL,1125,01125,170400
Walker,AL,1127,01127,104300
Washington,AL,1129,01129,89100
Wilcox,AL,1131,01131,79400
Winston,AL,1133,01133,86100
Aleutians East,AK,2013,02013,119900
Aleutians West,AK,2016,02016,279200
Anchorage,AK,2020,02020,314800
Bethel,AK,2050,02050,83600
Bristol Bay,AK,2060,02060,188800
Denali,AK,2068,02068,223000
Dillingham,AK,2070,02070,183500
Fairbanks North Star,AK,2090,02090,240000
Haines,AK,2100,02100,254000
Hoonah-Angoon,AK,2105,02105,223600
Juneau,AK,2110,02110,345900
Kenai Peninsula,AK,2122,02122,242200
Ketchikan Gateway,AK,2130,02130,289900
Kodiak Island,AK,2150,02150,282100
Lake and Peninsula,AK,2164,02164,114900
Matanuska-Susitna,AK,2170,02170,249000
Nome,AK,2180,02180,154600
North Slope,AK,2185,02185,152500
Northwest Arctic,AK,2188,02188,141400
Petersburg,AK,2195,02195,227400
Prince of Wales-Hyder,AK,2198,02198,174900
Sitka,AK,2220,02220,358600
Skagway,AK,2230,02230,338500
Southeast Fairbanks,AK,2240,02240,170900
Valdez-Cordova,AK,2261,02261,222200
Wade Hampton,AK,2270,02270,71500
Wrangell,AK,2275,02275,216200
Yakutat,AK,2282,02282,202300
Yukon-Koyukuk,AK,2290,02290,76500
Apache,AZ,4001,04001,59900
Cochise,AZ,4003,04003,146800
Coconino,AZ,4005,04005,280900
Gila,AZ,4007,04007,165800
Graham,AZ,4009,04009,138700
Greenlee,AZ,4011,04011,83800
La Paz,AZ,4012,04012,79200
Maricopa,AZ,4013,04013,260200
Mohave,AZ,4015,04015,160500
Navajo,AZ,4017,04017,126100
Pima,AZ,4019,04019,184100
Pinal,AZ,4021,04021,183100
Santa Cruz,AZ,4023,04023,151200
Yavapai,AZ,4025,04025,252000
Yuma,AZ,4027,04027,127900
Arkansas,AR,5001,05001,88600
Ashley,AR,5003,05003,76400
Baxter,AR,5005,05005,133400
Benton,AR,5007,05007,183400
Boone,AR,5009,05009,124300
Bradley,AR,5011,05011,89800
Calhoun,AR,5013,05013,70000
Carroll,AR,5015,05015,136900
Chicot,AR,5017,05017,69700
Clark,AR,5019,05019,111600
Clay,AR,5021,05021,77400
Cleburne,AR,5023,05023,129900
Cleveland,AR,5025,05025,97100
Columbia,AR,5027,05027,81900
Conway,AR,5029,05029,107600
Craighead,AR,5031,05031,140700
Crawford,AR,5033,05033,115200
Crittenden,AR,5035,05035,114600
Cross,AR,5037,05037,86100
Dallas,AR,5039,05039,70400
Desha,AR,5041,05041,70300
Drew,AR,5043,05043,99800
Faulkner,AR,5045,05045,161500
Franklin,AR,5047,05047,100900
Fulton,AR,5049,05049,86400
Garland,AR,5051,05051,139900
Grant,AR,5053,05053,124600
Greene,AR,5055,05055,118800
Hempstead,AR,5057,05057,81100
Hot Spring,AR,5059,05059,96700
Howard,AR,5061,05061,95900
Independence,AR,5063,05063,98900
Izard,AR,5065,05065,82700
Jackson,AR,5067,05067,66600
Jefferson,AR,5069,05069,83500
Johnson,AR,5071,05071,103500
Lafayette,AR,5073,05073,64600
Lawrence,AR,5075,05075,76800
Lee,AR,5077,05077,74000
Lincoln,AR,5079,05079,76300
Little River,AR,5081,05081,77900
Logan,AR,5083,05083,99000
Lonoke,AR,5085,05085,142500
Madison,AR,5087,05087,120400
Marion,AR,5089,05089,120700
Miller,AR,5091,05091,109100
Mississippi,AR,5093,05093,84500
Monroe,AR,5095,05095,61400
Montgomery,AR,5097,05097,102800
Nevada,AR,5099,05099,66300
Newton,AR,5101,05101,114700
Ouachita,AR,5103,05103,75300
Perry,AR,5105,05105,106300
Phillips,AR,5107,05107,70700
Pike,AR,5109,05109,84900
Poinsett,AR,5111,05111,78800
Polk,AR,5113,05113,99300
Pope,AR,5115,05115,126400
Prairie,AR,5117,05117,67400
Pulaski,AR,5119,05119,157200
Randolph,AR,5121,05121,87200
St. Francis,AR,5123,05123,64600
Saline,AR,5125,05125,156800
Scott,AR,5127,05127,76300
Searcy,AR,5129,05129,103500
Sebastian,AR,5131,05131,123100
Sevier,AR,5133,05133,84300
Sharp,AR,5135,05135,80700
Stone,AR,5137,05137,121100
Union,AR,5139,05139,86500
Van Buren,AR,5141,05141,101700
Washington,AR,5143,05143,173400
White,AR,5145,05145,120100
Woodruff,AR,5147,05147,66400
Yell,AR,5149,05149,109400
Alameda,CA,6001,06001,769300
Alpine,CA,6003,06003,365300
Amador,CA,6005,06005,313700
Butte,CA,6007,06007,271700
Calaveras,CA,6009,06009,319500
Colusa,CA,6011,06011,265200
Contra Costa,CA,6013,06013,625800
Del Norte,CA,6015,06015,218800
El Dorado,CA,6017,06017,460900
Fresno,CA,6019,06019,255000
Glenn,CA,6021,06021,233200
Humboldt,CA,6023,06023,313200
Imperial,CA,6025,06025,195800
Inyo,CA,6027,06027,269100
Kern,CA,6029,06029,213900
Kings,CA,6031,06031,215900
Lake,CA,6033,06033,219400
Lassen,CA,6035,06035,203000
Los Angeles,CA,6037,06037,583200
Madera,CA,6039,06039,251200
Marin,CA,6041,06041,995800
Mariposa,CA,6043,06043,275700
Mendocino,CA,6045,06045,377500
Merced,CA,6047,06047,252700
Modoc,CA,6049,06049,140600
Mono,CA,6051,06051,312500
Monterey,CA,6053,06053,516600
Napa,CA,6055,06055,635900
Nevada,CA,6057,06057,431000
Orange,CA,6059,06059,679300
Placer,CA,6061,06061,471500
Plumas,CA,6063,06063,242300
Riverside,CA,6065,06065,350100
Sacramento,CA,6067,06067,351900
San Benito,CA,6069,06069,551500
San Bernardino,CA,6071,06071,328200
San Diego,CA,6073,06073,563700
San Francisco,CA,6075,06075,1097800
San Joaquin,CA,6077,06077,342100
San Luis Obispo,CA,6079,06079,574000
San Mateo,CA,6081,06081,1089400
Santa Barbara,CA,6083,06083,577400
Santa Clara,CA,6085,06085,984000
Santa Cruz,CA,6087,06087,756600
Shasta,CA,6089,06089,252300
Sierra,CA,6091,06091,231400
Siskiyou,CA,6093,06093,198900
Solano,CA,6095,06095,406900
Sonoma,CA,6097,06097,609600
Stanislaus,CA,6099,06099,291600
Sutter,CA,6101,06101,279400
Tehama,CA,6103,06103,215900
Trinity,CA,6105,06105,287700
Tulare,CA,6107,06107,205000
Tuolumne,CA,6109,06109,289200
Ventura,CA,6111,06111,588400
Yolo,CA,6113,06113,424900
Yuba,CA,6115,06115,257100
Adams,CO,8001,08001,307600
Alamosa,CO,8003,08003,157500
Arapahoe,CO,8005,08005,358200
Archuleta,CO,8007,08007,314400
Baca,CO,8009,08009,83500
Bent,CO,8011,08011,81000
Boulder,CO,8013,08013,497300
Broomfield,CO,8014,08014,413500
Chaffee,CO,8015,08015,357800
Cheyenne,CO,8017,08017,108000
Clear Creek,CO,8019,08019,378300
Conejos,CO,8021,08021,120500
Costilla,CO,8023,08023,113000
Crowley,CO,8025,08025,79400
Custer,CO,8027,08027,281900
Delta,CO,8029,08029,241500
Denver,CO,8031,08031,390600
Dolores,CO,8033,08033,116600
Douglas,CO,8035,08035,468700
Eagle,CO,8037,08037,562300
Elbert,CO,8039,08039,463600
El Paso,CO,8041,08041,275000
Fremont,CO,8043,08043,174000
Garfield,CO,8045,08045,360600
Gilpin,CO,8047,08047,353400
Grand,CO,8049,08049,308200
Gunnison,CO,8051,08051,367300
Hinsdale,CO,8053,08053,350000
Huerfano,CO,8055,08055,161600
Jackson,CO,8057,08057,196700
Jefferson,CO,8059,08059,397700
Kiowa,CO,8061,08061,86500
Kit Carson,CO,8063,08063,122400
Lake,CO,8065,08065,232100
La Plata,CO,8067,08067,395600
Larimer,CO,8069,08069,363800
Las Animas,CO,8071,08071,151100
Lincoln,CO,8073,08073,147100
Logan,CO,8075,08075,157900
Mesa,CO,8077,08077,227000
Mineral,CO,8079,08079,308600
Moffat,CO,8081,08081,182300
Montezuma,CO,8083,08083,222800
Montrose,CO,8085,08085,224400
Morgan,CO,8087,08087,201200
Otero,CO,8089,08089,94900
Ouray,CO,8091,08091,449000
Park,CO,8093,08093,327200
Phillips,CO,8095,08095,158500
Pitkin,CO,8097,08097,615900
Prowers,CO,8099,08099,106100
Pueblo,CO,8101,08101,164600
Rio Blanco,CO,8103,08103,197100
Rio Grande,CO,8105,08105,172000
Routt,CO,8107,08107,535300
Saguache,CO,8109,08109,152700
San Juan,CO,8111,08111,322400
San Miguel,CO,8113,08113,479300
Sedgwick,CO,8115,08115,97100
Summit,CO,8117,08117,579600
Teller,CO,8119,08119,292700
Washington,CO,8121,08121,151300
Weld,CO,8123,08123,299000
Yuma,CO,8125,08125,191800
Fairfield,CT,9001,09001,428500
Hartford,CT,9003,09003,240600
Litchfield,CT,9005,09005,251000
Middlesex,CT,9007,09007,286800
New Haven,CT,9009,09009,248600
New London,CT,9011,09011,241700
Tolland,CT,9013,09013,253100
Windham,CT,9015,09015,204400
Kent,DE,10001,10001,220600
New Castle,DE,10003,10003,260800
Sussex,DE,10005,10005,258600
District of Columbia,DC,11001,11001,601500
Alachua,FL,12001,12001,186700
Baker,FL,12003,12003,138900
Bay,FL,12005,12005,178400
Bradford,FL,12007,12007,110800
Brevard,FL,12009,12009,196400
Broward,FL,12011,12011,265000
Calhoun,FL,12013,12013,85000
Charlotte,FL,12015,12015,195400
Citrus,FL,12017,12017,131500
Clay,FL,12019,12019,185400
Collier,FL,12021,12021,360800
Columbia,FL,12023,12023,124200
DeSoto,FL,12027,12027,87700
Dixie,FL,12029,12029,78500
Duval,FL,12031,12031,180700
Escambia,FL,12033,12033,146200
Flagler,FL,12035,12035,217500
Franklin,FL,12037,12037,166000
Gadsden,FL,12039,12039,96800
Gilchrist,FL,12041,12041,104800
Glades,FL,12043,12043,76700
Gulf,FL,12045,12045,160700
Hamilton,FL,12047,12047,80100
Hardee,FL,12049,12049,83400
Hendry,FL,12051,12051,94500
Hernando,FL,12053,12053,142500
Highlands,FL,12055,12055,108100
Hillsborough,FL,12057,12057,216300
Holmes,FL,12059,12059,92700
Indian River,FL,12061,12061,202300
Jackson,FL,12063,12063,99000
Jefferson,FL,12065,12065,133500
Lafayette,FL,12067,12067,104700
Lake,FL,12069,12069,181400
Lee,FL,12071,12071,224800
Leon,FL,12073,12073,203100
Levy,FL,12075,12075,105700
Liberty,FL,12077,12077,75100
Madison,FL,12079,12079,89100
Manatee,FL,12081,12081,238500
Marion,FL,12083,12083,139900
Martin,FL,12085,12085,273700
Miami-Dade,FL,12086,12086,289600
Monroe,FL,12087,12087,494100
Nassau,FL,12089,12089,230900
Okaloosa,FL,12091,12091,219100
Okeechobee,FL,12093,12093,106000
Orange,FL,12095,12095,235800
Osceola,FL,12097,12097,201000
Palm Beach,FL,12099,12099,283600
Pasco,FL,12101,12101,162100
Pinellas,FL,12103,12103,201200
Polk,FL,12105,12105,150800
Putnam,FL,12107,12107,89100
St. Johns,FL,12109,12109,304700
St. Lucie,FL,12111,12111,186900
Santa Rosa,FL,12113,12113,199200
Sarasota,FL,12115,12115,251600
Seminole,FL,12117,12117,242600
Sumter,FL,12119,12119,258600
Suwannee,FL,12121,12121,101300
Taylor,FL,12123,12123,85100
Union,FL,12125,12125,118400
Volusia,FL,12127,12127,175000
Wakulla,FL,12129,12129,144000
Walton,FL,12131,12131,229500
Washington,FL,12133,12133,113200
Appling,GA,13001,13001,80200
Atkinson,GA,13003,13003,62700
Bacon,GA,13005,13005,81100
Baker,GA,13007,13007,81800
Baldwin,GA,13009,13009,120300
Banks,GA,13011,13011,151100
Barrow,GA,13013,13013,159700
Bartow,GA,13015,13015,163900
Ben Hill,GA,13017,13017,83400
Berrien,GA,13019,13019,88000
Bibb,GA,13021,13021,120200
Bleckley,GA,13023,13023,102300
Brantley,GA,13025,13025,72300
Brooks,GA,13027,13027,107800
Bryan,GA,13029,13029,223900
Bulloch,GA,13031,13031,140700
Burke,GA,13033,13033,88700
Butts,GA,13035,13035,132600
Calhoun,GA,13037,13037,51500
Camden,GA,13039,13039,165700
Candler,GA,13043,13043,96100
Carroll,GA,13045,13045,137800
Catoosa,GA,13047,13047,144300
Charlton,GA,13049,13049,83300
Chatham,GA,13051,13051,194500
Chattahoochee,GA,13053,13053,71300
Chattooga,GA,13055,13055,72200
Cherokee,GA,13057,13057,253500
Clarke,GA,13059,13059,170700
Clay,GA,13061,13061,71400
Clayton,GA,13063,13063,108500
Clinch,GA,13065,13065,61000
Cobb,GA,13067,13067,253900
Coffee,GA,13069,13069,100600
Colquitt,GA,13071,13071,85600
Columbia,GA,13073,13073,203400
Cook,GA,13075,13075,87500
Coweta,GA,13077,13077,211600
Crawford,GA,13079,13079,93400
Crisp,GA,13081,13081,83100
Dade,GA,13083,13083,123500
Dawson,GA,13085,13085,230300
Decatur,GA,13087,13087,110900
DeKalb,GA,13089,13089,215600
Dodge,GA,13091,13091,76300
Dooly,GA,13093,13093,83300
Dougherty,GA,13095,13095,103500
Douglas,GA,13097,13097,161600
Early,GA,13099,13099,86900
Echols,GA,13101,13101,59100
Effingham,GA,13103,13103,163600
Elbert,GA,13105,13105,84700
Emanuel,GA,13107,13107,73100
Evans,GA,13109,13109,87900
Fannin,GA,13111,13111,197800
Fayette,GA,13113,13113,281400
Floyd,GA,13115,13115,132400
Forsyth,GA,13117,13117,339700
Franklin,GA,13119,13119,108700
Fulton,GA,13121,13121,313300
Gilmer,GA,13123,13123,177500
Glascock,GA,13125,13125,81700
Glynn,GA,13127,13127,179000
Gordon,GA,13129,13129,136000
Grady,GA,13131,13131,119800
Greene,GA,13133,13133,210300
Gwinnett,GA,13135,13135,217900
Habersham,GA,13137,13137,150500
Hall,GA,13139,13139,201300
Hancock,GA,13141,13141,85000
Haralson,GA,13143,13143,124200
Harris,GA,13145,13145,217000
Hart,GA,13147,13147,137700
Heard,GA,13149,13149,109000
Henry,GA,13151,13151,175300
Houston,GA,13153,13153,142600
Irwin,GA,13155,13155,79800
Jackson,GA,13157,13157,189700
Jasper,GA,13159,13159,139400
Jeff Davis,GA,13161,13161,79800
Jefferson,GA,13163,13163,72500
Jenkins,GA,13165,13165,74500
Johnson,GA,13167,13167,64100
Jones,GA,13169,13169,124100
Lamar,GA,13171,13171,145600
Lanier,GA,13173,13173,114900
Laurens,GA,13175,13175,94600
Lee,GA,13177,13177,152800
Liberty,GA,13179,13179,124500
Lincoln,GA,13181,13181,127700
Long,GA,13183,13183,122100
Lowndes,GA,13185,13185,140600
Lumpkin,GA,13187,13187,185800
McDuffie,GA,13189,13189,109500
McIntosh,GA,13191,13191,128000
Macon,GA,13193,13193,63800
Madison,GA,13195,13195,131300
Marion,GA,13197,13197,90000
Meriwether,GA,13199,13199,103300
Miller,GA,13201,13201,89400
Mitchell,GA,13205,13205,85400
Monroe,GA,13207,13207,166900
Montgomery,GA,13209,13209,84000
Morgan,GA,13211,13211,229000
Murray,GA,13213,13213,108300
Muscogee,GA,13215,13215,141300
Newton,GA,13217,13217,151800
Oconee,GA,13219,13219,286600
Oglethorpe,GA,13221,13221,118500
Paulding,GA,13223,13223,173600
Peach,GA,13225,13225,135100
Pickens,GA,13227,13227,200200
Pierce,GA,13229,13229,104400
Pike,GA,13231,13231,173000
Polk,GA,13233,13233,110700
Pulaski,GA,13235,13235,120100
Putnam,GA,13237,13237,160400
Quitman,GA,13239,13239,59900
Rabun,GA,13241,13241,174500
Randolph,GA,13243,13243,71900
Richmond,GA,13245,13245,108000
Rockdale,GA,13247,13247,163900
Schley,GA,13249,13249,125300
Screven,GA,13251,13251,81200
Seminole,GA,13253,13253,81100
Spalding,GA,13255,13255,122800
Stephens,GA,13257,13257,105300
Stewart,GA,13259,13259,49200
Sumter,GA,13261,13261,95700
Talbot,GA,13263,13263,86400
Taliaferro,GA,13265,13265,80200
Tattnall,GA,13267,13267,89200
Taylor,GA,13269,13269,83600
Telfair,GA,13271,13271,64600
Terrell,GA,13273,13273,92100
Thomas,GA,13275,13275,146800
Tift,GA,13277,13277,118100
Toombs,GA,13279,13279,95300
Towns,GA,13281,13281,230500
Treutlen,GA,13283,13283,69400
Troup,GA,13285,13285,136700
Turner,GA,13287,13287,79700
Twiggs,GA,13289,13289,65100
Union,GA,13291,13291,196500
Upson,GA,13293,13293,93300
Walker,GA,13295,13295,120600
Walton,GA,13297,13297,190300
Ware,GA,13299,13299,83100
Warren,GA,13301,13301,66200
Washington,GA,13303,13303,84800
Wayne,GA,13305,13305,105400
Webster,GA,13307,13307,65700
Wheeler,GA,13309,13309,58800
White,GA,13311,13311,176300
Whitfield,GA,13313,13313,133400
Wilcox,GA,13315,13315,61800
Wilkes,GA,13317,13317,87200
Wilkinson,GA,13319,13319,70700
Worth,GA,13321,13321,98700
Hawaii,HI,15001,15001,350000
Honolulu,HI,15003,15003,678200
Kalawao,HI,15005,15005,N/A
Kauai,HI,15007,15007,570700
Maui,HI,15009,15009,633500
Ada,ID,16001,16001,270800
Adams,ID,16003,16003,215500
Bannock,ID,16005,16005,160000
Bear Lake,ID,16007,16007,149800
Benewah,ID,16009,16009,167000
Bingham,ID,16011,16011,160100
Blaine,ID,16013,16013,428900
Boise,ID,16015,16015,232300
Bonner,ID,16017,16017,254200
Bonneville,ID,16019,16019,181200
Boundary,ID,16021,16021,205000
Butte,ID,16023,16023,128900
Camas,ID,16025,16025,183300
Canyon,ID,16027,16027,178300
Caribou,ID,16029,16029,145900
Cassia,ID,16031,16031,162100
Clark,ID,16033,16033,98100
Clearwater,ID,16035,16035,155900
Custer,ID,16037,16037,191600
Elmore,ID,16039,16039,153800
Franklin,ID,16041,16041,211900
Fremont,ID,16043,16043,169900
Gem,ID,16045,16045,168700
Gooding,ID,16047,16047,157800
Idaho,ID,16049,16049,173200
Jefferson,ID,16051,16051,203700
Jerome,ID,16053,16053,164600
Kootenai,ID,16055,16055,260300
Latah,ID,16057,16057,228200
Lemhi,ID,16059,16059,177000
Lewis,ID,16061,16061,132300
Lincoln,ID,16063,16063,145600
Madison,ID,16065,16065,219100
Minidoka,ID,16067,16067,149600
Nez Perce,ID,16069,16069,191500
Oneida,ID,16071,16071,167100
Owyhee,ID,16073,16073,147800
Payette,ID,16075,16075,165600
Power,ID,16077,16077,151300
Shoshone,ID,16079,16079,127900
Teton,ID,16081,16081,346600
Twin Falls,ID,16083,16083,166800
Valley,ID,16085,16085,314800
Washington,ID,16087,16087,148900
Adams,IL,17001,17001,127800
Alexander,IL,17003,17003,56000
Bond,IL,17005,17005,119700
Boone,IL,17007,17007,153400
Brown,IL,17009,17009,96200
Bureau,IL,17011,17011,111700
Calhoun,IL,17013,17013,121000
Carroll,IL,17015,17015,106100
Cass,IL,17017,17017,80800
Champaign,IL,17019,17019,162100
Christian,IL,17021,17021,90900
Clark,IL,17023,17023,92500
Clay,IL,17025,17025,84500
Clinton,IL,17027,17027,146200
Coles,IL,17029,17029,100500
Cook,IL,17031,17031,246600
Crawford,IL,17033,17033,87800
Cumberland,IL,17035,17035,105800
DeKalb,IL,17037,17037,173100
De Witt,IL,17039,17039,99500
Douglas,IL,17041,17041,111400
DuPage,IL,17043,17043,308500
Edgar,IL,17045,17045,82800
Edwards,IL,17047,17047,79300
Effingham,IL,17049,17049,143600
Fayette,IL,17051,17051,88300
Ford,IL,17053,17053,98300
Franklin,IL,17055,17055,76100
Fulton,IL,17057,17057,88600
Gallatin,IL,17059,17059,73900
Greene,IL,17061,17061,81000
Grundy,IL,17063,17063,199300
Hamilton,IL,17065,17065,93500
Hancock,IL,17067,17067,85600
Hardin,IL,17069,17069,80500
Henderson,IL,17071,17071,92000
Henry,IL,17073,17073,119200
Iroquois,IL,17075,17075,102800
Jackson,IL,17077,17077,108600
Jasper,IL,17079,17079,99500
Jefferson,IL,17081,17081,96700
Jersey,IL,17083,17083,147900
Jo Daviess,IL,17085,17085,149100
Johnson,IL,17087,17087,109500
Kane,IL,17089,17089,238300
Kankakee,IL,17091,17091,147900
Kendall,IL,17093,17093,235600
Knox,IL,17095,17095,83000
Lake,IL,17097,17097,265100
LaSalle,IL,17099,17099,127200
Lawrence,IL,17101,17101,78400
Lee,IL,17103,17103,119900
Livingston,IL,17105,17105,109400
Logan,IL,17107,17107,103200
McDonough,IL,17109,17109,91800
McHenry,IL,17111,17111,224500
McLean,IL,17113,17113,167000
Macon,IL,17115,17115,98400
Macoupin,IL,17117,17117,100600
Madison,IL,17119,17119,135600
Marion,IL,17121,17121,77900
Marshall,IL,17123,17123,104900
Mason,IL,17125,17125,83000
Massac,IL,17127,17127,83600
Menard,IL,17129,17129,146900
Mercer,IL,17131,17131,107600
Monroe,IL,17133,17133,211300
Montgomery,IL,17135,17135,84100
Morgan,IL,17137,17137,110100
Moultrie,IL,17139,17139,107400
Ogle,IL,17141,17141,146900
Peoria,IL,17143,17143,129800
Perry,IL,17145,17145,86500
Piatt,IL,17147,17147,138600
Pike,IL,17149,17149,85400
Pope,IL,17151,17151,93000
Pulaski,IL,17153,17153,61300
Putnam,IL,17155,17155,126800
Randolph,IL,17157,17157,110200
Richland,IL,17159,17159,89600
Rock Island,IL,17161,17161,119400
St. Clair,IL,17163,17163,128000
Saline,IL,17165,17165,73800
Sangamon,IL,17167,17167,141200
Schuyler,IL,17169,17169,86600
Scott,IL,17171,17171,89200
Shelby,IL,17173,17173,96500
Stark,IL,17175,17175,87700
Stephenson,IL,17177,17177,97800
Tazewell,IL,17179,17179,142000
Union,IL,17181,17181,109900
Vermilion,IL,17183,17183,79900
Wabash,IL,17185,17185,82800
Warren,IL,17187,17187,83900
Washington,IL,17189,17189,113500
Wayne,IL,17191,17191,86400
White,IL,17193,17193,71500
Whiteside,IL,17195,17195,106700
Will,IL,17197,17197,232000
Williamson,IL,17199,17199,114900
Winnebago,IL,17201,17201,120400
Woodford,IL,17203,17203,168700
Adams,IN,18001,18001,129300
Allen,IN,18003,18003,129300
Bartholomew,IN,18005,18005,153500
Benton,IN,18007,18007,92500
Blackford,IN,18009,18009,70600
Boone,IN,18011,18011,233700
Brown,IN,18013,18013,191700
Carroll,IN,18015,18015,131700
Cass,IN,18017,18017,89300
Clark,IN,18019,18019,142800
Clay,IN,18021,18021,101400
Clinton,IN,18023,18023,111500
Crawford,IN,18025,18025,91900
Daviess,IN,18027,18027,130000
Dearborn,IN,18029,18029,170400
Decatur,IN,18031,18031,134400
DeKalb,IN,18033,18033,124300
Delaware,IN,18035,18035,93600
Dubois,IN,18037,18037,156500
Elkhart,IN,18039,18039,144300
Fayette,IN,18041,18041,81900
Floyd,IN,18043,18043,171400
Fountain,IN,18045,18045,103000
Franklin,IN,18047,18047,160200
Fulton,IN,18049,18049,103600
Gibson,IN,18051,18051,116100
Grant,IN,18053,18053,92700
Greene,IN,18055,18055,97600
Hamilton,IN,18057,18057,263300
Hancock,IN,18059,18059,169300
Harrison,IN,18061,18061,151900
Hendricks,IN,18063,18063,191700
Henry,IN,18065,18065,100400
Howard,IN,18067,18067,109500
Huntington,IN,18069,18069,107200
Jackson,IN,18071,18071,125300
Jasper,IN,18073,18073,159700
Jay,IN,18075,18075,91400
Jefferson,IN,18077,18077,132900
Jennings,IN,18079,18079,109800
Johnson,IN,18081,18081,164600
Knox,IN,18083,18083,96800
Kosciusko,IN,18085,18085,150000
LaGrange,IN,18087,18087,195900
Lake,IN,18089,18089,149500
LaPorte,IN,18091,18091,132600
Lawrence,IN,18093,18093,117400
Madison,IN,18095,18095,97300
Marion,IN,18097,18097,136700
Marshall,IN,18099,18099,138700
Martin,IN,18101,18101,117100
Miami,IN,18103,18103,88700
Monroe,IN,18105,18105,175600
Montgomery,IN,18107,18107,125700
Morgan,IN,18109,18109,160700
Newton,IN,18111,18111,118400
Noble,IN,18113,18113,125800
Ohio,IN,18115,18115,151200
Orange,IN,18117,18117,94700
Owen,IN,18119,18119,117600
Parke,IN,18121,18121,88900
Perry,IN,18123,18123,111500
Pike,IN,18125,18125,93400
Porter,IN,18127,18127,185400
Posey,IN,18129,18129,144200
Pulaski,IN,18131,18131,102700
Putnam,IN,18133,18133,128800
Randolph,IN,18135,18135,81200
Ripley,IN,18137,18137,152100
Rush,IN,18139,18139,112600
St. Joseph,IN,18141,18141,129000
Scott,IN,18143,18143,103000
Shelby,IN,18145,18145,133200
Spencer,IN,18147,18147,127700
Starke,IN,18149,18149,115500
Steuben,IN,18151,18151,148800
Sullivan,IN,18153,18153,86000
Switzerland,IN,18155,18155,116400
Tippecanoe,IN,18157,18157,153000
Tipton,IN,18159,18159,116000
Union,IN,18161,18161,116300
Vanderburgh,IN,18163,18163,129000
Vermillion,IN,18165,18165,79700
Vigo,IN,18167,18167,97500
Wabash,IN,18169,18169,100500
Warren,IN,18171,18171,122100
Warrick,IN,18173,18173,168200
Washington,IN,18175,18175,118100
Wayne,IN,18177,18177,100500
Wells,IN,18179,18179,127600
White,IN,18181,18181,113500
Whitley,IN,18183,18183,143100
Adair,IA,19001,19001,104600
Adams,IA,19003,19003,87500
Allamakee,IA,19005,19005,130400
Appanoose,IA,19007,19007,81400
Audubon,IA,19009,19009,79500
Benton,IA,19011,19011,157200
Black Hawk,IA,19013,19013,147500
Boone,IA,19015,19015,132700
Bremer,IA,19017,19017,165700
Buchanan,IA,19019,19019,142500
Buena Vista,IA,19021,19021,115600
Butler,IA,19023,19023,116700
Calhoun,IA,19025,19025,82000
Carroll,IA,19027,19027,138900
Cass,IA,19029,19029,102100
Cedar,IA,19031,19031,156000
Cerro Gordo,IA,19033,19033,128600
Cherokee,IA,19035,19035,106700
Chickasaw,IA,19037,19037,119100
Clarke,IA,19039,19039,110300
Clay,IA,19041,19041,124100
Clayton,IA,19043,19043,121700
Clinton,IA,19045,19045,118100
Crawford,IA,19047,19047,93400
Dallas,IA,19049,19049,248100
Davis,IA,19051,19051,115000
Decatur,IA,19053,19053,83200
Delaware,IA,19055,19055,136100
Des Moines,IA,19057,19057,108500
Dickinson,IA,19059,19059,194300
Dubuque,IA,19061,19061,166800
Emmet,IA,19063,19063,89300
Fayette,IA,19065,19065,104100
Floyd,IA,19067,19067,106200
Franklin,IA,19069,19069,94100
Fremont,IA,19071,19071,109300
Greene,IA,19073,19073,94700
Grundy,IA,19075,19075,130200
Guthrie,IA,19077,19077,117900
Hamilton,IA,19079,19079,106100
Hancock,IA,19081,19081,102200
Hardin,IA,19083,19083,94300
Harrison,IA,19085,19085,120600
Henry,IA,19087,19087,115500
Howard,IA,19089,19089,107100
Humboldt,IA,19091,19091,103800
Ida,IA,19093,19093,100900
Iowa,IA,19095,19095,152500
Jackson,IA,19097,19097,128200
Jasper,IA,19099,19099,134200
Jefferson,IA,19101,19101,118300
Johnson,IA,19103,19103,227600
Jones,IA,19105,19105,138400
Keokuk,IA,19107,19107,90400
Kossuth,IA,19109,19109,102100
Lee,IA,19111,19111,94500
Linn,IA,19113,19113,157000
Louisa,IA,19115,19115,108800
Lucas,IA,19117,19117,96400
Lyon,IA,19119,19119,146900
Madison,IA,19121,19121,177500
Mahaska,IA,19123,19123,115300
Marion,IA,19125,19125,157300
Marshall,IA,19127,19127,106000
Mills,IA,19129,19129,168900
Mitchell,IA,19131,19131,119400
Monona,IA,19133,19133,86900
Monroe,IA,19135,19135,100200
Montgomery,IA,19137,19137,85700
Muscatine,IA,19139,19139,130500
O'Brien,IA,19141,19141,107000
Osceola,IA,19143,19143,93700
Page,IA,19145,19145,94400
Palo Alto,IA,19147,19147,102200
Plymouth,IA,19149,19149,163500
Pocahontas,IA,19151,19151,76000
Polk,IA,19153,19153,179900
Pottawattamie,IA,19155,19155,139800
Poweshiek,IA,19157,19157,141100
Ringgold,IA,19159,19159,98700
Sac,IA,19161,19161,95800
Scott,IA,19163,19163,163200
Shelby,IA,19165,19165,121200
Sioux,IA,19167,19167,167500
Story,IA,19169,19169,185800
Tama,IA,19171,19171,110400
Taylor,IA,19173,19173,80600
Union,IA,19175,19175,104000
Van Buren,IA,19177,19177,92800
Wapello,IA,19179,19179,82100
Warren,IA,19181,19181,187200
Washington,IA,19183,19183,151600
Wayne,IA,19185,19185,81100
Webster,IA,19187,19187,99100
Winnebago,IA,19189,19189,94800
Winneshiek,IA,19191,19191,177300
Woodbury,IA,19193,19193,123300
Worth,IA,19195,19195,106700
Wright,IA,19197,19197,85500
Allen,KS,20001,20001,79300
Anderson,KS,20003,20003,95700
Atchison,KS,20005,20005,110400
Barber,KS,20007,20007,72300
Barton,KS,20009,20009,93300
Bourbon,KS,20011,20011,82700
Brown,KS,20013,20013,88500
Butler,KS,20015,20015,148600
Chase,KS,20017,20017,103600
Chautauqua,KS,20019,20019,49500
Cherokee,KS,20021,20021,82500
Cheyenne,KS,20023,20023,78700
Clark,KS,20025,20025,75900
Clay,KS,20027,20027,98000
Cloud,KS,20029,20029,75800
Coffey,KS,20031,20031,119100
Comanche,KS,20033,20033,70300
Cowley,KS,20035,20035,89000
Crawford,KS,20037,20037,93900
Decatur,KS,20039,20039,67900
Dickinson,KS,20041,20041,114700
Doniphan,KS,20043,20043,100600
Douglas,KS,20045,20045,199400
Edwards,KS,20047,20047,61400
Elk,KS,20049,20049,54700
Ellis,KS,20051,20051,169100
Ellsworth,KS,20053,20053,99400
Finney,KS,20055,20055,152500
Ford,KS,20057,20057,112500
Franklin,KS,20059,20059,128000
Geary,KS,20061,20061,148800
Gove,KS,20063,20063,89600
Graham,KS,20065,20065,72500
Grant,KS,20067,20067,116100
Gray,KS,20069,20069,135500
Greeley,KS,20071,20071,111200
Greenwood,KS,20073,20073,66700
Hamilton,KS,20075,20075,81800
Harper,KS,20077,20077,74300
Harvey,KS,20079,20079,126100
Haskell,KS,20081,20081,107000
Hodgeman,KS,20083,20083,84800
Jackson,KS,20085,20085,134700
Jefferson,KS,20087,20087,150600
Jewell,KS,20089,20089,56100
Johnson,KS,20091,20091,259600
Kearny,KS,20093,20093,116700
Kingman,KS,20095,20095,91500
Kiowa,KS,20097,20097,113900
Labette,KS,20099,20099,76400
Lane,KS,20101,20101,90800
Leavenworth,KS,20103,20103,182900
Lincoln,KS,20105,20105,72700
Linn,KS,20107,20107,110100
Logan,KS,20109,20109,86600
Lyon,KS,20111,20111,106800
McPherson,KS,20113,20113,151800
Marion,KS,20115,20115,90800
Marshall,KS,20117,20117,98900
Meade,KS,20119,20119,96800
Miami,KS,20121,20121,201400
Mitchell,KS,20123,20123,88900
Montgomery,KS,20125,20125,76200
Morris,KS,20127,20127,103000
Morton,KS,20129,20129,88500
Nemaha,KS,20131,20131,130500
Neosho,KS,20133,20133,82000
Ness,KS,20135,20135,73300
Norton,KS,20137,20137,82900
Osage,KS,20139,20139,115700
Osborne,KS,20141,20141,69000
Ottawa,KS,20143,20143,105700
Pawnee,KS,20145,20145,82400
Phillips,KS,20147,20147,79600
Pottawatomie,KS,20149,20149,183100
Pratt,KS,20151,20151,91900
Rawlins,KS,20153,20153,101600
Reno,KS,20155,20155,101300
Republic,KS,20157,20157,66000
Rice,KS,20159,20159,74700
Riley,KS,20161,20161,201000
Rooks,KS,20163,20163,78800
Rush,KS,20165,20165,70800
Russell,KS,20167,20167,93400
Saline,KS,20169,20169,136800
Scott,KS,20171,20171,136200
Sedgwick,KS,20173,20173,140700
Seward,KS,20175,20175,105300
Shawnee,KS,20177,20177,132500
Sheridan,KS,20179,20179,113900
Sherman,KS,20181,20181,111400
Smith,KS,20183,20183,70200
Stafford,KS,20185,20185,65900
Stanton,KS,20187,20187,92600
Stevens,KS,20189,20189,114900
Sumner,KS,20191,20191,89800
Thomas,KS,20193,20193,129700
Trego,KS,20195,20195,99300
Wabaunsee,KS,20197,20197,146700
Wallace,KS,20199,20199,89400
Washington,KS,20201,20201,82000
Wichita,KS,20203,20203,88900
Wilson,KS,20205,20205,73500
Woodson,KS,20207,20207,73600
Wyandotte,KS,20209,20209,100300
Adair,KY,21001,21001,96400
Allen,KY,21003,21003,120600
Anderson,KY,21005,21005,149800
Ballard,KY,21007,21007,102900
Barren,KY,21009,21009,125400
Bath,KY,21011,21011,89700
Bell,KY,21013,21013,59800
Boone,KY,21015,21015,189800
Bourbon,KY,21017,21017,146700
Boyd,KY,21019,21019,111200
Boyle,KY,21021,21021,146400
Bracken,KY,21023,21023,103100
Breathitt,KY,21025,21025,54000
Breckinridge,KY,21027,21027,102900
Bullitt,KY,21029,21029,165500
Butler,KY,21031,21031,92100
Caldwell,KY,21033,21033,87900
Calloway,KY,21035,21035,137300
Campbell,KY,21037,21037,172000
Carlisle,KY,21039,21039,89300
Carroll,KY,21041,21041,115900
Carter,KY,21043,21043,95000
Casey,KY,21045,21045,87600
Christian,KY,21047,21047,117400
Clark,KY,21049,21049,145400
Clay,KY,21051,21051,54100
Clinton,KY,21053,21053,72800
Crittenden,KY,21055,21055,89900
Cumberland,KY,21057,21057,89400
Daviess,KY,21059,21059,133600
Edmonson,KY,21061,21061,87300
Elliott,KY,21063,21063,82700
Estill,KY,21065,21065,76800
Fayette,KY,21067,21067,189800
Fleming,KY,21069,21069,89900
Floyd,KY,21071,21071,74400
Franklin,KY,21073,21073,142900
Fulton,KY,21075,21075,66100
Gallatin,KY,21077,21077,128100
Garrard,KY,21079,21079,140500
Grant,KY,21081,21081,130200
Graves,KY,21083,21083,104300
Grayson,KY,21085,21085,113900
Green,KY,21087,21087,79500
Greenup,KY,21089,21089,116700
Hancock,KY,21091,21091,112300
Hardin,KY,21093,21093,156600
Harlan,KY,21095,21095,60300
Harrison,KY,21097,21097,140000
Hart,KY,21099,21099,94400
Henderson,KY,21101,21101,128400
Henry,KY,21103,21103,128700
Hickman,KY,21105,21105,80600
Hopkins,KY,21107,21107,108700
Jackson,KY,21109,21109,87200
Jefferson,KY,21111,21111,170100
Jessamine,KY,21113,21113,172100
Johnson,KY,21115,21115,101300
Kenton,KY,21117,21117,161100
Knott,KY,21119,21119,51500
Knox,KY,21121,21121,86800
Larue,KY,21123,21123,115600
Laurel,KY,21125,21125,112000
Lawrence,KY,21127,21127,79400
Lee,KY,21129,21129,63000
Leslie,KY,21131,21131,64100
Letcher,KY,21133,21133,58600
Lewis,KY,21135,21135,65500
Lincoln,KY,21137,21137,106400
Livingston,KY,21139,21139,102400
Logan,KY,21141,21141,111000
Lyon,KY,21143,21143,141500
McCracken,KY,21145,21145,143400
McCreary,KY,21147,21147,69700
McLean,KY,21149,21149,104700
Madison,KY,21151,21151,159300
Magoffin,KY,21153,21153,66800
Marion,KY,21155,21155,105400
Marshall,KY,21157,21157,131100
Martin,KY,21159,21159,84300
Mason,KY,21161,21161,132800
Meade,KY,21163,21163,153500
Menifee,KY,21165,21165,76800
Mercer,KY,21167,21167,147300
Metcalfe,KY,21169,21169,77200
Monroe,KY,21171,21171,80500
Montgomery,KY,21173,21173,116700
Morgan,KY,21175,21175,73100
Muhlenberg,KY,21177,21177,93900
Nelson,KY,21179,21179,154700
Nicholas,KY,21181,21181,85600
Ohio,KY,21183,21183,92500
Oldham,KY,21185,21185,282100
Owen,KY,21187,21187,116100
Owsley,KY,21189,21189,70200
Pendleton,KY,21191,21191,116400
Perry,KY,21193,21193,75400
Pike,KY,21195,21195,78600
Powell,KY,21197,21197,89800
Pulaski,KY,21199,21199,116200
Robertson,KY,21201,21201,114700
Rockcastle,KY,21203,21203,81900
Rowan,KY,21205,21205,124200
Russell,KY,21207,21207,95000
Scott,KY,21209,21209,189500
Shelby,KY,21211,21211,197300
Simpson,KY,21213,21213,135200
Spencer,KY,21215,21215,213300
Taylor,KY,21217,21217,120200
Todd,KY,21219,21219,106300
Trigg,KY,21221,21221,129400
Trimble,KY,21223,21223,124000
Union,KY,21225,21225,92100
Warren,KY,21227,21227,167600
Washington,KY,21229,21229,128300
Wayne,KY,21231,21231,88800
Webster,KY,21233,21233,75600
Whitley,KY,21235,21235,92500
Wolfe,KY,21237,21237,64400
Woodford,KY,21239,21239,203000
Acadia,LA,22001,22001,118000
Allen,LA,22003,22003,97500
Ascension,LA,22005,22005,207400
Assumption,LA,22007,22007,118600
Avoyelles,LA,22009,22009,104200
Beauregard,LA,22011,22011,127500
Bienville,LA,22013,22013,75900
Bossier,LA,22015,22015,172400
Caddo,LA,22017,22017,149200
Calcasieu,LA,22019,22019,156800
Caldwell,LA,22021,22021,77300
Cameron,LA,22023,22023,119500
Catahoula,LA,22025,22025,89000
Claiborne,LA,22027,22027,78100
Concordia,LA,22029,22029,80600
De Soto,LA,22031,22031,117300
East Baton Rouge,LA,22033,22033,194000
East Carroll,LA,22035,22035,76800
East Feliciana,LA,22037,22037,139300
Evangeline,LA,22039,22039,96600
Franklin,LA,22041,22041,88000
Grant,LA,22043,22043,103400
Iberia,LA,22045,22045,115600
Iberville,LA,22047,22047,143700
Jackson,LA,22049,22049,89500
Jefferson,LA,22051,22051,188200
Jefferson Davis,LA,22053,22053,114000
Lafayette,LA,22055,22055,185300
Lafourche,LA,22057,22057,158000
La Salle,LA,22059,22059,93000
Lincoln,LA,22061,22061,154500
Livingston,LA,22063,22063,167100
Madison,LA,22065,22065,78100
Morehouse,LA,22067,22067,91100
Natchitoches,LA,22069,22069,137400
Orleans,LA,22071,22071,231500
Ouachita,LA,22073,22073,146700
Plaquemines,LA,22075,22075,190600
Pointe Coupee,LA,22077,22077,142600
Rapides,LA,22079,22079,143100
Red River,LA,22081,22081,78700
Richland,LA,22083,22083,91900
Sabine,LA,22085,22085,94300
St. Bernard,LA,22087,22087,151300
St. Charles,LA,22089,22089,201700
St. Helena,LA,22091,22091,100100
St. James,LA,22093,22093,158500
St. John the Baptist,LA,22095,22095,153900
St. Landry,LA,22097,22097,108400
St. Martin,LA,22099,22099,124900
St. Mary,LA,22101,22101,106900
St. Tammany,LA,22103,22103,218500
Tangipahoa,LA,22105,22105,162800
Tensas,LA,22107,22107,66400
Terrebonne,LA,22109,22109,152500
Union,LA,22111,22111,89200
Vermilion,LA,22113,22113,122200
Vernon,LA,22115,22115,119300
Washington,LA,22117,22117,101000
Webster,LA,22119,22119,81500
West Baton Rouge,LA,22121,22121,200000
West Carroll,LA,22123,22123,90300
West Feliciana,LA,22125,22125,229500
Winn,LA,22127,22127,77700
Androscoggin,ME,23001,23001,158200
Aroostook,ME,23003,23003,99600
Cumberland,ME,23005,23005,278100
Franklin,ME,23007,23007,139800
Hancock,ME,23009,23009,212700
Kennebec,ME,23011,23011,159400
Knox,ME,23013,23013,213400
Lincoln,ME,23015,23015,215400
Oxford,ME,23017,23017,144100
Penobscot,ME,23019,23019,144700
Piscataquis,ME,23021,23021,109500
Sagadahoc,ME,23023,23023,213400
Somerset,ME,23025,23025,115700
Waldo,ME,23027,23027,163000
Washington,ME,23029,23029,112400
York,ME,23031,23031,252300
Allegany,MD,24001,24001,120700
Anne Arundel,MD,24003,24003,361200
Baltimore,MD,24005,24005,261500
Calvert,MD,24009,24009,358800
Caroline,MD,24011,24011,202500
Carroll,MD,24013,24013,339600
Cecil,MD,24015,24015,242700
Charles,MD,24017,24017,313300
Dorchester,MD,24019,24019,183300
Frederick,MD,24021,24021,331600
Garrett,MD,24023,24023,173900
Harford,MD,24025,24025,293400
Howard,MD,24027,24027,455700
Kent,MD,24029,24029,249900
Montgomery,MD,24031,24031,484900
Prince George's,MD,24033,24033,302800
Queen Anne's,MD,24035,24035,353100
St. Mary's,MD,24037,24037,301300
Somerset,MD,24039,24039,139100
Talbot,MD,24041,24041,336800
Washington,MD,24043,24043,210300
Wicomico,MD,24045,24045,175700
Worcester,MD,24047,24047,262200
Baltimore City,MD,24510,24510,160100
Barnstable,MA,25001,25001,393500
Berkshire,MA,25003,25003,216100
Bristol,MA,25005,25005,299800
Dukes,MA,25007,25007,699500
Essex,MA,25009,25009,409900
Franklin,MA,25011,25011,232100
Hampden,MA,25013,25013,207800
Hampshire,MA,25015,25015,283100
Middlesex,MA,25017,25017,500700
Nantucket,MA,25019,25019,1084700
Norfolk,MA,25021,25021,470800
Plymouth,MA,25023,25023,370300
Suffolk,MA,25025,25025,496500
Worcester,MA,25027,25027,280600
Alcona,MI,26001,26001,112000
Alger,MI,26003,26003,136200
Allegan,MI,26005,26005,165400
Alpena,MI,26007,26007,96500
Antrim,MI,26009,26009,160500
Arenac,MI,26011,26011,94400
Baraga,MI,26013,26013,102200
Barry,MI,26015,26015,158400
Bay,MI,26017,26017,102000
Benzie,MI,26019,26019,185500
Berrien,MI,26021,26021,150700
Branch,MI,26023,26023,109800
Calhoun,MI,26025,26025,110000
Cass,MI,26027,26027,142800
Charlevoix,MI,26029,26029,166300
Cheboygan,MI,26031,26031,130900
Chippewa,MI,26033,26033,119100
Clare,MI,26035,26035,91100
Clinton,MI,26037,26037,172800
Crawford,MI,26039,26039,105000
Delta,MI,26041,26041,114300
Dickinson,MI,26043,26043,101800
Eaton,MI,26045,26045,155000
Emmet,MI,26047,26047,186900
Genesee,MI,26049,26049,111100
Gladwin,MI,26051,26051,110000
Gogebic,MI,26053,26053,67100
Grand Traverse,MI,26055,26055,212500
Gratiot,MI,26057,26057,95400
Hillsdale,MI,26059,26059,120100
Houghton,MI,26061,26061,108700
Huron,MI,26063,26063,103900
Ingham,MI,26065,26065,135600
Ionia,MI,26067,26067,131800
Iosco,MI,26069,26069,92600
Iron,MI,26071,26071,77700
Isabella,MI,26073,26073,134900
Jackson,MI,26075,26075,131600
Kalamazoo,MI,26077,26077,159300
Kalkaska,MI,26079,26079,115900
Kent,MI,26081,26081,173700
Keweenaw,MI,26083,26083,121100
Lake,MI,26085,26085,88000
Lapeer,MI,26087,26087,168800
Leelanau,MI,26089,26089,268400
Lenawee,MI,26091,26091,139400
Livingston,MI,26093,26093,247100
Luce,MI,26095,26095,87200
Mackinac,MI,26097,26097,136600
Macomb,MI,26099,26099,166800
Manistee,MI,26101,26101,125400
Marquette,MI,26103,26103,153400
Mason,MI,26105,26105,141400
Mecosta,MI,26107,26107,121400
Menominee,MI,26109,26109,101600
Midland,MI,26111,26111,141700
Missaukee,MI,26113,26113,118700
Monroe,MI,26115,26115,161700
Montcalm,MI,26117,26117,113900
Montmorency,MI,26119,26119,102700
Muskegon,MI,26121,26121,117900
Newaygo,MI,26123,26123,121300
Oakland,MI,26125,26125,242700
Oceana,MI,26127,26127,118800
Ogemaw,MI,26129,26129,98200
Ontonagon,MI,26131,26131,70000
Osceola,MI,26133,26133,98500
Oscoda,MI,26135,26135,90500
Otsego,MI,26137,26137,139500
Ottawa,MI,26139,26139,191800
Presque Isle,MI,26141,26141,105400
Roscommon,MI,26143,26143,108200
Saginaw,MI,26145,26145,101300
St. Clair,MI,26147,26147,154300
St. Joseph,MI,26149,26149,122300
Sanilac,MI,26151,26151,111200
Schoolcraft,MI,26153,26153,109900
Shiawassee,MI,26155,26155,122300
Tuscola,MI,26157,26157,104000
Van Buren,MI,26159,26159,139400
Washtenaw,MI,26161,26161,263600
Wayne,MI,26163,26163,113000
Wexford,MI,26165,26165,108300
Aitkin,MN,27001,27001,183200
Anoka,MN,27003,27003,232400
Becker,MN,27005,27005,198400
Beltrami,MN,27007,27007,162600
Benton,MN,27009,27009,174900
Big Stone,MN,27011,27011,97900
Blue Earth,MN,27013,27013,184800
Brown,MN,27015,27015,141900
Carlton,MN,27017,27017,171400
Carver,MN,27019,27019,313200
Cass,MN,27021,27021,194200
Chippewa,MN,27023,27023,119700
Chisago,MN,27025,27025,231500
Clay,MN,27027,27027,197100
Clearwater,MN,27029,27029,137200
Cook,MN,27031,27031,240100
Cottonwood,MN,27033,27033,94200
Crow Wing,MN,27035,27035,198300
Dakota,MN,27037,27037,266000
Dodge,MN,27039,27039,183900
Douglas,MN,27041,27041,214800
Faribault,MN,27043,27043,89500
Fillmore,MN,27045,27045,153800
Freeborn,MN,27047,27047,113800
Goodhue,MN,27049,27049,204100
Grant,MN,27051,27051,118700
Hennepin,MN,27053,27053,276900
Houston,MN,27055,27055,173700
Hubbard,MN,27057,27057,193600
Isanti,MN,27059,27059,196800
Itasca,MN,27061,27061,164100
Jackson,MN,27063,27063,124900
Kanabec,MN,27065,27065,163900
Kandiyohi,MN,27067,27067,168900
Kittson,MN,27069,27069,84200
Koochiching,MN,27071,27071,108400
Lac qui Parle,MN,27073,27073,88600
Lake,MN,27075,27075,174700
Lake of the Woods,MN,27077,27077,161900
Le Sueur,MN,27079,27079,207400
Lincoln,MN,27081,27081,103100
Lyon,MN,27083,27083,148900
McLeod,MN,27085,27085,164700
Mahnomen,MN,27087,27087,104800
Marshall,MN,27089,27089,117000
Martin,MN,27091,27091,118300
Meeker,MN,27093,27093,170200
Mille Lacs,MN,27095,27095,163300
Morrison,MN,27097,27097,170100
Mower,MN,27099,27099,123900
Murray,MN,27101,27101,120100
Nicollet,MN,27103,27103,191900
Nobles,MN,27105,27105,127100
Norman,MN,27107,27107,100700
Olmsted,MN,27109,27109,214600
Otter Tail,MN,27111,27111,189100
Pennington,MN,27113,27113,155100
Pine,MN,27115,27115,164500
Pipestone,MN,27117,27117,97500
Polk,MN,27119,27119,165000
Pope,MN,27121,27121,174300
Ramsey,MN,27123,27123,229600
Red Lake,MN,27125,27125,116000
Redwood,MN,27127,27127,106300
Renville,MN,27129,27129,106300
Rice,MN,27131,27131,208600
Rock,MN,27133,27133,153000
Roseau,MN,27135,27135,132800
St. Louis,MN,27137,27137,157900
Scott,MN,27139,27139,299700
Sherburne,MN,27141,27141,230500
Sibley,MN,27143,27143,159200
Stearns,MN,27145,27145,184900
Steele,MN,27147,27147,169300
Stevens,MN,27149,27149,160100
Swift,MN,27151,27151,104100
Todd,MN,27153,27153,153400
Traverse,MN,27155,27155,81400
Wabasha,MN,27157,27157,183900
Wadena,MN,27159,27159,132000
Waseca,MN,27161,27161,158900
Washington,MN,27163,27163,289400
Watonwan,MN,27165,27165,96900
Wilkin,MN,27167,27167,140000
Winona,MN,27169,27169,167300
Wright,MN,27171,27171,238500
Yellow Medicine,MN,27173,27173,110000
Adams,MS,28001,28001,92100
Alcorn,MS,28003,28003,102700
Amite,MS,28005,28005,83600
Attala,MS,28007,28007,80700
Benton,MS,28009,28009,78000
Bolivar,MS,28011,28011,96100
Calhoun,MS,28013,28013,70500
Carroll,MS,28015,28015,99000
Chickasaw,MS,28017,28017,66500
Choctaw,MS,28019,28019,81400
Claiborne,MS,28021,28021,67500
Clarke,MS,28023,28023,84900
Clay,MS,28025,28025,89900
Coahoma,MS,28027,28027,68300
Copiah,MS,28029,28029,95200
Covington,MS,28031,28031,77100
DeSoto,MS,28033,28033,168500
Forrest,MS,28035,28035,122700
Franklin,MS,28037,28037,76600
George,MS,28039,28039,110800
Greene,MS,28041,28041,77700
Grenada,MS,28043,28043,105000
Hancock,MS,28045,28045,147500
Harrison,MS,28047,28047,150500
Hinds,MS,28049,28049,118600
Holmes,MS,28051,28051,60400
Humphreys,MS,28053,28053,69100
Issaquena,MS,28055,28055,79200
Itawamba,MS,28057,28057,87600
Jackson,MS,28059,28059,135900
Jasper,MS,28061,28061,79000
Jefferson,MS,28063,28063,63400
Jefferson Davis,MS,28065,28065,94600
Jones,MS,28067,28067,98600
Kemper,MS,28069,28069,73600
Lafayette,MS,28071,28071,199700
Lamar,MS,28073,28073,177700
Lauderdale,MS,28075,28075,96300
Lawrence,MS,28077,28077,94800
Leake,MS,28079,28079,83300
Lee,MS,28081,28081,133700
Leflore,MS,28083,28083,81200
Lincoln,MS,28085,28085,99500
Lowndes,MS,28087,28087,134200
Madison,MS,28089,28089,219700
Marion,MS,28091,28091,89000
Marshall,MS,28093,28093,107900
Monroe,MS,28095,28095,91700
Montgomery,MS,28097,28097,84800
Neshoba,MS,28099,28099,83000
Newton,MS,28101,28101,85600
Noxubee,MS,28103,28103,59700
Oktibbeha,MS,28105,28105,162900
Panola,MS,28107,28107,83300
Pearl River,MS,28109,28109,138200
Perry,MS,28111,28111,86700
Pike,MS,28113,28113,95500
Pontotoc,MS,28115,28115,106500
Prentiss,MS,28117,28117,92700
Quitman,MS,28119,28119,50900
Rankin,MS,28121,28121,162500
Scott,MS,28123,28123,71300
Sharkey,MS,28125,28125,64400
Simpson,MS,28127,28127,87900
Smith,MS,28129,28129,102600
Stone,MS,28131,28131,112800
Sunflower,MS,28133,28133,78400
Tallahatchie,MS,28135,28135,66400
Tate,MS,28137,28137,119200
Tippah,MS,28139,28139,86900
Tishomingo,MS,28141,28141,88100
Tunica,MS,28143,28143,107100
Union,MS,28145,28145,100600
Walthall,MS,28147,28147,95800
Warren,MS,28149,28149,128400
Washington,MS,28151,28151,75600
Wayne,MS,28153,28153,85800
Webster,MS,28155,28155,84000
Wilkinson,MS,28157,28157,70300
Winston,MS,28159,28159,84900
Yalobusha,MS,28161,28161,79700
Yazoo,MS,28163,28163,88900
Adair,MO,29001,29001,126800
Andrew,MO,29003,29003,147900
Atchison,MO,29005,29005,84900
Audrain,MO,29007,29007,97900
Barry,MO,29009,29009,120600
Barton,MO,29011,29011,97500
Bates,MO,29013,29013,114600
Benton,MO,29015,29015,117500
Bollinger,MO,29017,29017,110800
Boone,MO,29019,29019,185700
Buchanan,MO,29021,29021,122200
Butler,MO,29023,29023,113500
Caldwell,MO,29025,29025,109300
Callaway,MO,29027,29027,157400
Camden,MO,29029,29029,200800
Cape Girardeau,MO,29031,29031,160500
Carroll,MO,29033,29033,88200
Carter,MO,29035,29035,101500
Cass,MO,29037,29037,181000
Cedar,MO,29039,29039,98900
Chariton,MO,29041,29041,87900
Christian,MO,29043,29043,169000
Clark,MO,29045,29045,90000
Clay,MO,29047,29047,174900
Clinton,MO,29049,29049,159700
Cole,MO,29051,29051,162300
Cooper,MO,29053,29053,132900
Crawford,MO,29055,29055,124700
Dade,MO,29057,29057,83500
Dallas,MO,29059,29059,115000
Daviess,MO,29061,29061,110400
DeKalb,MO,29063,29063,120100
Dent,MO,29065,29065,102600
Douglas,MO,29067,29067,123100
Dunklin,MO,29069,29069,76500
Franklin,MO,29071,29071,165700
Gasconade,MO,29073,29073,134200
Gentry,MO,29075,29075,88200
Greene,MO,29077,29077,146000
Grundy,MO,29079,29079,98400
Harrison,MO,29081,29081,76000
Henry,MO,29083,29083,110500
Hickory,MO,29085,29085,83400
Holt,MO,29087,29087,88600
Howard,MO,29089,29089,130100
Howell,MO,29091,29091,112200
Iron,MO,29093,29093,83600
Jackson,MO,29095,29095,147400
Jasper,MO,29097,29097,118400
Jefferson,MO,29099,29099,161800
Johnson,MO,29101,29101,156500
Knox,MO,29103,29103,75500
Laclede,MO,29105,29105,113900
Lafayette,MO,29107,29107,143500
Lawrence,MO,29109,29109,109600
Lewis,MO,29111,29111,87900
Lincoln,MO,29113,29113,163300
Linn,MO,29115,29115,87200
Livingston,MO,29117,29117,111500
McDonald,MO,29119,29119,110500
Macon,MO,29121,29121,97200
Madison,MO,29123,29123,106100
Maries,MO,29125,29125,133200
Marion,MO,29127,29127,123400
Mercer,MO,29129,29129,88900
Miller,MO,29131,29131,136800
Mississippi,MO,29133,29133,80200
Moniteau,MO,29135,29135,124500
Monroe,MO,29137,29137,105300
Montgomery,MO,29139,29139,108100
Morgan,MO,29141,29141,125000
New Madrid,MO,29143,29143,74500
Newton,MO,29145,29145,131300
Nodaway,MO,29147,29147,126400
Oregon,MO,29149,29149,93600
Osage,MO,29151,29151,151900
Ozark,MO,29153,29153,97600
Pemiscot,MO,29155,29155,82100
Perry,MO,29157,29157,147700
Pettis,MO,29159,29159,119100
Phelps,MO,29161,29161,135000
Pike,MO,29163,29163,97800
Platte,MO,29165,29165,226500
Polk,MO,29167,29167,132300
Pulaski,MO,29169,29169,159200
Putnam,MO,29171,29171,96600
Ralls,MO,29173,29173,136200
Randolph,MO,29175,29175,105000
Ray,MO,29177,29177,133700
Reynolds,MO,29179,29179,96000
Ripley,MO,29181,29181,83800
St. Charles,MO,29183,29183,219100
St. Clair,MO,29185,29185,91900
Ste. Genevieve,MO,29186,29186,166200
St. Francois,MO,29187,29187,121000
St. Louis,MO,29189,29189,198800
Saline,MO,29195,29195,106600
Schuyler,MO,29197,29197,71200
Scotland,MO,29199,29199,113000
Scott,MO,29201,29201,109200
Shannon,MO,29203,29203,124900
Shelby,MO,29205,29205,72200
Stoddard,MO,29207,29207,104200
Stone,MO,29209,29209,172600
Sullivan,MO,29211,29211,77000
Taney,MO,29213,29213,139800
Texas,MO,29215,29215,111700
Vernon,MO,29217,29217,98300
Warren,MO,29219,29219,180000
Washington,MO,29221,29221,94400
Wayne,MO,29223,29223,85100
Webster,MO,29225,29225,136200
Worth,MO,29227,29227,63800
Wright,MO,29229,29229,103600
St. Louis City,MO,29510,29510,138700
Beaverhead,MT,30001,30001,215400
Big Horn,MT,30003,30003,126100
Blaine,MT,30005,30005,94300
Broadwater,MT,30007,30007,222200
Carbon,MT,30009,30009,247600
Carter,MT,30011,30011,110900
Cascade,MT,30013,30013,179900
Chouteau,MT,30015,30015,143200
Custer,MT,30017,30017,170400
Daniels,MT,30019,30019,126500
Dawson,MT,30021,30021,160600
Deer Lodge,MT,30023,30023,131300
Fallon,MT,30025,30025,169800
Fergus,MT,30027,30027,143000
Flathead,MT,30029,30029,273600
Gallatin,MT,30031,30031,357100
Garfield,MT,30033,30033,124100
Glacier,MT,30035,30035,107700
Golden Valley,MT,30037,30037,106100
Granite,MT,30039,30039,224000
Hill,MT,30041,30041,143600
Jefferson,MT,30043,30043,282700
Judith Basin,MT,30045,30045,138200
Lake,MT,30047,30047,253100
Lewis and Clark,MT,30049,30049,243000
Liberty,MT,30051,30051,101100
Lincoln,MT,30053,30053,198200
McCone,MT,30055,30055,114800
Madison,MT,30057,30057,276500
Meagher,MT,30059,30059,154100
Mineral,MT,30061,30061,169200
Missoula,MT,30063,30063,284000
Musselshell,MT,30065,30065,172700
Park,MT,30067,30067,271300
Petroleum,MT,30069,30069,181300
Phillips,MT,30071,30071,129200
Pondera,MT,30073,30073,131900
Powder River,MT,30075,30075,142600
Powell,MT,30077,30077,143100
Prairie,MT,30079,30079,112900
Ravalli,MT,30081,30081,279300
Richland,MT,30083,30083,230100
Roosevelt,MT,30085,30085,112400
Rosebud,MT,30087,30087,114900
Sanders,MT,30089,30089,228200
Sheridan,MT,30091,30091,127500
Silver Bow,MT,30093,30093,149800
Stillwater,MT,30095,30095,255500
Sweet Grass,MT,30097,30097,255100
Teton,MT,30099,30099,172700
Toole,MT,30101,30101,137900
Treasure,MT,30103,30103,118200
Valley,MT,30105,30105,151400
Wheatland,MT,30107,30107,95400
Wibaux,MT,30109,30109,113500
Yellowstone,MT,30111,30111,226000
Adams,NE,31001,31001,128500
Antelope,NE,31003,31003,82000
Arthur,NE,31005,31005,111300
Banner,NE,31007,31007,139900
Blaine,NE,31009,31009,75700
Boone,NE,31011,31011,118400
Box Butte,NE,31013,31013,113600
Boyd,NE,31015,31015,73000
Brown,NE,31017,31017,79700
Buffalo,NE,31019,31019,174800
Burt,NE,31021,31021,100400
Butler,NE,31023,31023,117300
Cass,NE,31025,31025,173800
Cedar,NE,31027,31027,121300
Chase,NE,31029,31029,133300
Cherry,NE,31031,31031,116000
Cheyenne,NE,31033,31033,103000
Clay,NE,31035,31035,91300
Colfax,NE,31037,31037,101100
Cuming,NE,31039,31039,122200
Custer,NE,31041,31041,108100
Dakota,NE,31043,31043,119600
Dawes,NE,31045,31045,125200
Dawson,NE,31047,31047,102600
Deuel,NE,31049,31049,87300
Dixon,NE,31051,31051,94700
Dodge,NE,31053,31053,130200
Douglas,NE,31055,31055,169800
Dundy,NE,31057,31057,75900
Fillmore,NE,31059,31059,80100
Franklin,NE,31061,31061,71300
Frontier,NE,31063,31063,101200
Furnas,NE,31065,31065,73000
Gage,NE,31067,31067,116200
Garden,NE,31069,31069,81800
Garfield,NE,31071,31071,105100
Gosper,NE,31073,31073,127000
Grant,NE,31075,31075,58300
Greeley,NE,31077,31077,72700
Hall,NE,31079,31079,146000
Hamilton,NE,31081,31081,154300
Harlan,NE,31083,31083,102700
Hayes,NE,31085,31085,80900
Hitchcock,NE,31087,31087,66700
Holt,NE,31089,31089,114100
Hooker,NE,31091,31091,92200
Howard,NE,31093,31093,148800
Jefferson,NE,31095,31095,84000
Johnson,NE,31097,31097,94400
Kearney,NE,31099,31099,149700
Keith,NE,31101,31101,128300
Keya Paha,NE,31103,31103,78100
Kimball,NE,31105,31105,82600
Knox,NE,31107,31107,95900
Lancaster,NE,31109,31109,177400
Lincoln,NE,31111,31111,139400
Logan,NE,31113,31113,110300
Loup,NE,31115,31115,112500
McPherson,NE,31117,31117,102700
Madison,NE,31119,31119,146400
Merrick,NE,31121,31121,115400
Morrill,NE,31123,31123,95600
Nance,NE,31125,31125,78300
Nemaha,NE,31127,31127,106300
Nuckolls,NE,31129,31129,68300
Otoe,NE,31131,31131,143900
Pawnee,NE,31133,31133,71100
Perkins,NE,31135,31135,118400
Phelps,NE,31137,31137,134000
Pierce,NE,31139,31139,132700
Platte,NE,31141,31141,149700
Polk,NE,31143,31143,107300
Red Willow,NE,31145,31145,109000
Richardson,NE,31147,31147,69200
Rock,NE,31149,31149,96200
Saline,NE,31151,31151,99300
Sarpy,NE,31153,31153,195300
Saunders,NE,31155,31155,165600
Scotts Bluff,NE,31157,31157,128100
Seward,NE,31159,31159,168200
Sheridan,NE,31161,31161,72300
Sherman,NE,31163,31163,88700
Sioux,NE,31165,31165,117700
Stanton,NE,31167,31167,119500
Thayer,NE,31169,31169,71400
Thomas,NE,31171,31171,119300
Thurston,NE,31173,31173,79800
Valley,NE,31175,31175,110400
Washington,NE,31177,31177,196100
Wayne,NE,31179,31179,137200
Webster,NE,31181,31181,78400
Wheeler,NE,31183,31183,97800
York,NE,31185,31185,135200
Churchill,NV,32001,32001,191500
Clark,NV,32003,32003,262700
Douglas,NV,32005,32005,378800
Elko,NV,32007,32007,212500
Esmeralda,NV,32009,32009,65000
Eureka,NV,32011,32011,120100
Humboldt,NV,32013,32013,180600
Lander,NV,32015,32015,179900
Lincoln,NV,32017,32017,140900
Lyon,NV,32019,32019,214900
Mineral,NV,32021,32021,98900
Nye,NV,32023,32023,163300
Pershing,NV,32027,32027,113000
Storey,NV,32029,32029,240700
Washoe,NV,32031,32031,334100
White Pine,NV,32033,32033,154100
Carson City,NV,32510,32510,273800
Belknap,NH,33001,33001,226500
Carroll,NH,33003,33003,242800
Cheshire,NH,33005,33005,195300
Coos,NH,33007,33007,128000
Grafton,NH,33009,33009,220300
Hillsborough,NH,33011,33011,274800
Merrimack,NH,33013,33013,237600
Rockingham,NH,33015,33015,326300
Strafford,NH,33017,33017,235900
Sullivan,NH,33019,33019,173600
Atlantic,NJ,34001,34001,217900
Bergen,NJ,34003,34003,469500
Burlington,NJ,34005,34005,251200
Camden,NJ,34007,34007,197800
Cape May,NJ,34009,34009,300500
Cumberland,NJ,34011,34011,162500
Essex,NJ,34013,34013,386000
Gloucester,NJ,34015,34015,219700
Hudson,NJ,34017,34017,378000
Hunterdon,NJ,34019,34019,415100
Mercer,NJ,34021,34021,291100
Middlesex,NJ,34023,34023,344100
Monmouth,NJ,34025,34025,421900
Morris,NJ,34027,34027,456200
Ocean,NJ,34029,34029,279000
Passaic,NJ,34031,34031,342600
Salem,NJ,34033,34033,184600
Somerset,NJ,34035,34035,430700
Sussex,NJ,34037,34037,267500
Union,NJ,34039,34039,367200
Warren,NJ,34041,34041,264200
Bernalillo,NM,35001,35001,199300
Catron,NM,35003,35003,175400
Chaves,NM,35005,35005,108700
Cibola,NM,35006,35006,84400
Colfax,NM,35007,35007,104800
Curry,NM,35009,35009,125000
De Baca,NM,35011,35011,106300
Doa Ana,NM,35013,35013,147400
Eddy,NM,35015,35015,155900
Grant,NM,35017,35017,125100
Guadalupe,NM,35019,35019,85000
Harding,NM,35021,35021,102400
Hidalgo,NM,35023,35023,86000
Lea,NM,35025,35025,133100
Lincoln,NM,35027,35027,193900
Los Alamos,NM,35028,35028,302800
Luna,NM,35029,35029,86900
McKinley,NM,35031,35031,64800
Mora,NM,35033,35033,112300
Otero,NM,35035,35035,112400
Quay,NM,35037,35037,72700
Rio Arriba,NM,35039,35039,167300
Roosevelt,NM,35041,35041,118200
Sandoval,NM,35043,35043,200900
San Juan,NM,35045,35045,151200
San Miguel,NM,35047,35047,135000
Santa Fe,NM,35049,35049,291800
Sierra,NM,35051,35051,117400
Socorro,NM,35053,35053,124100
Taos,NM,35055,35055,239500
Torrance,NM,35057,35057,114300
Union,NM,35059,35059,88000
Valencia,NM,35061,35061,142600
Albany,NY,36001,36001,222500
Allegany,NY,36003,36003,76400
Bronx,NY,36005,36005,404700
Broome,NY,36007,36007,117000
Cattaraugus,NY,36009,36009,88100
Cayuga,NY,36011,36011,128000
Chautauqua,NY,36013,36013,88000
Chemung,NY,36015,36015,105800
Chenango,NY,36017,36017,98400
Clinton,NY,36019,36019,134100
Columbia,NY,36021,36021,233600
Cortland,NY,36023,36023,123800
Delaware,NY,36025,36025,139300
Dutchess,NY,36027,36027,282000
Erie,NY,36029,36029,153400
Essex,NY,36031,36031,153600
Franklin,NY,36033,36033,108700
Fulton,NY,36035,36035,109600
Genesee,NY,36037,36037,119800
Greene,NY,36039,36039,176300
Hamilton,NY,36041,36041,166000
Herkimer,NY,36043,36043,100000
Jefferson,NY,36045,36045,149900
Kings,NY,36047,36047,706000
Lewis,NY,36049,36049,120200
Livingston,NY,36051,36051,129400
Madison,NY,36053,36053,136800
Monroe,NY,36055,36055,148400
Montgomery,NY,36057,36057,105400
Nassau,NY,36059,36059,493500
New York,NY,36061,36061,987700
Niagara,NY,36063,36063,125600
Oneida,NY,36065,36065,127700
Onondaga,NY,36067,36067,145400
Ontario,NY,36069,36069,161800
Orange,NY,36071,36071,271200
Orleans,NY,36073,36073,98400
Oswego,NY,36075,36075,104600
Otsego,NY,36077,36077,146400
Putnam,NY,36079,36079,358500
Queens,NY,36081,36081,543800
Rensselaer,NY,36083,36083,188700
Richmond,NY,36085,36085,504800
Rockland,NY,36087,36087,443400
St. Lawrence,NY,36089,36089,93600
Saratoga,NY,36091,36091,258300
Schenectady,NY,36093,36093,169600
Schoharie,NY,36095,36095,144800
Schuyler,NY,36097,36097,133100
Seneca,NY,36099,36099,107100
Steuben,NY,36101,36101,99600
Suffolk,NY,36103,36103,397400
Sullivan,NY,36105,36105,172800
Tioga,NY,36107,36107,119700
Tompkins,NY,36109,36109,204600
Ulster,NY,36111,36111,230500
Warren,NY,36113,36113,196500
Washington,NY,36115,36115,149000
Wayne,NY,36117,36117,123800
Westchester,NY,36119,36119,540600
Wyoming,NY,36121,36121,115900
Yates,NY,36123,36123,136300
Alamance,NC,37001,37001,154800
Alexander,NC,37003,37003,136500
Alleghany,NC,37005,37005,139800
Anson,NC,37007,37007,91200
Ashe,NC,37009,37009,153200
Avery,NC,37011,37011,144000
Beaufort,NC,37013,37013,132800
Bertie,NC,37015,37015,82200
Bladen,NC,37017,37017,95300
Brunswick,NC,37019,37019,212200
Buncombe,NC,37021,37021,238200
Burke,NC,37023,37023,120700
Cabarrus,NC,37025,37025,203100
Caldwell,NC,37027,37027,118100
Camden,NC,37029,37029,208800
Carteret,NC,37031,37031,214100
Caswell,NC,37033,37033,112800
Catawba,NC,37035,37035,143600
Chatham,NC,37037,37037,281700
Cherokee,NC,37039,37039,159100
Chowan,NC,37041,37041,131100
Clay,NC,37043,37043,180300
Cleveland,NC,37045,37045,120100
Columbus,NC,37047,37047,88900
Craven,NC,37049,37049,157900
Cumberland,NC,37051,37051,135300
Currituck,NC,37053,37053,257200
Dare,NC,37055,37055,289000
Davidson,NC,37057,37057,142100
Davie,NC,37059,37059,172600
Duplin,NC,37061,37061,90200
Durham,NC,37063,37063,223000
Edgecombe,NC,37065,37065,85700
Forsyth,NC,37067,37067,159300
Franklin,NC,37069,37069,150400
Gaston,NC,37071,37071,144200
Gates,NC,37073,37073,147700
Graham,NC,37075,37075,122300
Granville,NC,37077,37077,156000
Greene,NC,37079,37079,88600
Guilford,NC,37081,37081,167000
Halifax,NC,37083,37083,86300
Harnett,NC,37085,37085,154000
Haywood,NC,37087,37087,179700
Henderson,NC,37089,37089,214000
Hertford,NC,37091,37091,88600
Hoke,NC,37093,37093,139300
Hyde,NC,37095,37095,141500
Iredell,NC,37097,37097,190300
Jackson,NC,37099,37099,196100
Johnston,NC,37101,37101,165100
Jones,NC,37103,37103,89000
Lee,NC,37105,37105,144200
Lenoir,NC,37107,37107,95500
Lincoln,NC,37109,37109,172000
McDowell,NC,37111,37111,119200
Macon,NC,37113,37113,165600
Madison,NC,37115,37115,194500
Martin,NC,37117,37117,92500
Mecklenburg,NC,37119,37119,238000
Mitchell,NC,37121,37121,157400
Montgomery,NC,37123,37123,117700
Moore,NC,37125,37125,216500
Nash,NC,37127,37127,128200
New Hanover,NC,37129,37129,243600
Northampton,NC,37131,37131,83300
Onslow,NC,37133,37133,156900
Orange,NC,37135,37135,308800
Pamlico,NC,37137,37137,156000
Pasquotank,NC,37139,37139,163100
Pender,NC,37141,37141,198700
Perquimans,NC,37143,37143,172300
Person,NC,37145,37145,123100
Pitt,NC,37147,37147,148600
Polk,NC,37149,37149,225700
Randolph,NC,37151,37151,124100
Richmond,NC,37153,37153,83200
Robeson,NC,37155,37155,75600
Rockingham,NC,37157,37157,112800
Rowan,NC,37159,37159,136400
Rutherford,NC,37161,37161,118300
Sampson,NC,37163,37163,89300
Scotland,NC,37165,37165,85500
Stanly,NC,37167,37167,138900
Stokes,NC,37169,37169,137000
Surry,NC,37171,37171,126900
Swain,NC,37173,37173,139100
Transylvania,NC,37175,37175,221900
Tyrrell,NC,37177,37177,114800
Union,NC,37179,37179,241400
Vance,NC,37181,37181,101400
Wake,NC,37183,37183,281700
Warren,NC,37185,37185,94600
Washington,NC,37187,37187,85400
Watauga,NC,37189,37189,238000
Wayne,NC,37191,37191,123500
Wilkes,NC,37193,37193,126300
Wilson,NC,37195,37195,123600
Yadkin,NC,37197,37197,133100
Yancey,NC,37199,37199,157100
Adams,ND,38001,38001,121200
Barnes,ND,38003,38003,141400
Benson,ND,38005,38005,78100
Billings,ND,38007,38007,199400
Bottineau,ND,38009,38009,150100
Bowman,ND,38011,38011,148600
Burke,ND,38013,38013,114400
Burleigh,ND,38015,38015,263600
Cass,ND,38017,38017,223800
Cavalier,ND,38019,38019,104500
Dickey,ND,38021,38021,118100
Divide,ND,38023,38023,151200
Dunn,ND,38025,38025,192500
Eddy,ND,38027,38027,87700
Emmons,ND,38029,38029,97000
Foster,ND,38031,38031,143500
Golden Valley,ND,38033,38033,116200
Grand Forks,ND,38035,38035,206500
Grant,ND,38037,38037,81800
Griggs,ND,38039,38039,97600
Hettinger,ND,38041,38041,111200
Kidder,ND,38043,38043,114400
LaMoure,ND,38045,38045,107700
Logan,ND,38047,38047,86800
McHenry,ND,38049,38049,117100
McIntosh,ND,38051,38051,77100
McKenzie,ND,38053,38053,238600
McLean,ND,38055,38055,174400
Mercer,ND,38057,38057,177800
Morton,ND,38059,38059,208600
Mountrail,ND,38061,38061,165700
Nelson,ND,38063,38063,84300
Oliver,ND,38065,38065,190600
Pembina,ND,38067,38067,93300
Pierce,ND,38069,38069,128600
Ramsey,ND,38071,38071,164700
Ransom,ND,38073,38073,121700
Renville,ND,38075,38075,134700
Richland,ND,38077,38077,127900
Rolette,ND,38079,38079,84000
Sargent,ND,38081,38081,110200
Sheridan,ND,38083,38083,84400
Sioux,ND,38085,38085,83800
Slope,ND,38087,38087,101800
Stark,ND,38089,38089,239000
Steele,ND,38091,38091,85300
Stutsman,ND,38093,38093,155500
Towner,ND,38095,38095,70200
Traill,ND,38097,38097,150600
Walsh,ND,38099,38099,91100
Ward,ND,38101,38101,213100
Wells,ND,38103,38103,94800
Williams,ND,38105,38105,247400
Adams,OH,39001,39001,105300
Allen,OH,39003,39003,118100
Ashland,OH,39005,39005,128400
Ashtabula,OH,39007,39007,112700
Athens,OH,39009,39009,129600
Auglaize,OH,39011,39011,147300
Belmont,OH,39013,39013,100500
Brown,OH,39015,39015,132400
Butler,OH,39017,39017,172900
Carroll,OH,39019,39019,126500
Champaign,OH,39021,39021,132800
Clark,OH,39023,39023,115500
Clermont,OH,39025,39025,170800
Clinton,OH,39027,39027,128400
Columbiana,OH,39029,39029,109400
Coshocton,OH,39031,39031,99200
Crawford,OH,39033,39033,88400
Cuyahoga,OH,39035,39035,132800
Darke,OH,39037,39037,123300
Defiance,OH,39039,39039,119900
Delaware,OH,39041,39041,308800
Erie,OH,39043,39043,139900
Fairfield,OH,39045,39045,185300
Fayette,OH,39047,39047,113500
Franklin,OH,39049,39049,175100
Fulton,OH,39051,39051,138200
Gallia,OH,39053,39053,110200
Geauga,OH,39055,39055,240900
Greene,OH,39057,39057,173000
Guernsey,OH,39059,39059,114700
Hamilton,OH,39061,39061,155400
Hancock,OH,39063,39063,147600
Hardin,OH,39065,39065,105300
Harrison,OH,39067,39067,92700
Henry,OH,39069,39069,125200
Highland,OH,39071,39071,117400
Hocking,OH,39073,39073,132800
Holmes,OH,39075,39075,208700
Huron,OH,39077,39077,124600
Jackson,OH,39079,39079,97400
Jefferson,OH,39081,39081,93000
Knox,OH,39083,39083,155500
Lake,OH,39085,39085,156200
Lawrence,OH,39087,39087,106500
Licking,OH,39089,39089,170200
Logan,OH,39091,39091,131900
Lorain,OH,39093,39093,150500
Lucas,OH,39095,39095,116600
Madison,OH,39097,39097,166500
Mahoning,OH,39099,39099,105400
Marion,OH,39101,39101,100800
Medina,OH,39103,39103,196300
Meigs,OH,39105,39105,95000
Mercer,OH,39107,39107,153800
Miami,OH,39109,39109,151400
Monroe,OH,39111,39111,110000
Montgomery,OH,39113,39113,119800
Morgan,OH,39115,39115,99900
Morrow,OH,39117,39117,152800
Muskingum,OH,39119,39119,120200
Noble,OH,39121,39121,100500
Ottawa,OH,39123,39123,152000
Paulding,OH,39125,39125,97000
Perry,OH,39127,39127,114100
Pickaway,OH,39129,39129,163300
Pike,OH,39131,39131,117100
Portage,OH,39133,39133,159200
Preble,OH,39135,39135,125100
Putnam,OH,39137,39137,155800
Richland,OH,39139,39139,110600
Ross,OH,39141,39141,123800
Sandusky,OH,39143,39143,115400
Scioto,OH,39145,39145,97800
Seneca,OH,39147,39147,106500
Shelby,OH,39149,39149,145600
Stark,OH,39151,39151,134300
Summit,OH,39153,39153,146800
Trumbull,OH,39155,39155,102600
Tuscarawas,OH,39157,39157,132100
Union,OH,39159,39159,203800
Van Wert,OH,39161,39161,104900
Vinton,OH,39163,39163,91500
Warren,OH,39165,39165,222500
Washington,OH,39167,39167,132400
Wayne,OH,39169,39169,148900
Williams,OH,39171,39171,105400
Wood,OH,39173,39173,163600
Wyandot,OH,39175,39175,122200
Adair,OK,40001,40001,87600
Alfalfa,OK,40003,40003,85700
Atoka,OK,40005,40005,102900
Beaver,OK,40007,40007,101200
Beckham,OK,40009,40009,128400
Blaine,OK,40011,40011,85100
Bryan,OK,40013,40013,117400
Caddo,OK,40015,40015,84900
Canadian,OK,40017,40017,165500
Carter,OK,40019,40019,113000
Cherokee,OK,40021,40021,118000
Choctaw,OK,40023,40023,96800
Cimarron,OK,40025,40025,56500
Cleveland,OK,40027,40027,165600
Coal,OK,40029,40029,83800
Comanche,OK,40031,40031,124600
Cotton,OK,40033,40033,76700
Craig,OK,40035,40035,109000
Creek,OK,40037,40037,122700
Custer,OK,40039,40039,142500
Delaware,OK,40041,40041,117900
Dewey,OK,40043,40043,97700
Ellis,OK,40045,40045,89800
Garfield,OK,40047,40047,112600
Garvin,OK,40049,40049,98500
Grady,OK,40051,40051,134300
Grant,OK,40053,40053,81000
Greer,OK,40055,40055,76500
Harmon,OK,40057,40057,66500
Harper,OK,40059,40059,77200
Haskell,OK,40061,40061,96100
Hughes,OK,40063,40063,73100
Jackson,OK,40065,40065,106500
Jefferson,OK,40067,40067,66400
Johnston,OK,40069,40069,80800
Kay,OK,40071,40071,92100
Kingfisher,OK,40073,40073,144700
Kiowa,OK,40075,40075,62900
Latimer,OK,40077,40077,87000
Le Flore,OK,40079,40079,90300
Lincoln,OK,40081,40081,110800
Logan,OK,40083,40083,169500
Love,OK,40085,40085,111700
McClain,OK,40087,40087,177500
McCurtain,OK,40089,40089,83300
McIntosh,OK,40091,40091,100900
Major,OK,40093,40093,101800
Marshall,OK,40095,40095,89700
Mayes,OK,40097,40097,112800
Murray,OK,40099,40099,127000
Muskogee,OK,40101,40101,104200
Noble,OK,40103,40103,103500
Nowata,OK,40105,40105,87700
Okfuskee,OK,40107,40107,81400
Oklahoma,OK,40109,40109,153300
Okmulgee,OK,40111,40111,85400
Osage,OK,40113,40113,118600
Ottawa,OK,40115,40115,86300
Pawnee,OK,40117,40117,92900
Payne,OK,40119,40119,161700
Pittsburg,OK,40121,40121,106800
Pontotoc,OK,40123,40123,129300
Pottawatomie,OK,40125,40125,120500
Pushmataha,OK,40127,40127,80500
Roger Mills,OK,40129,40129,109600
Rogers,OK,40131,40131,162300
Seminole,OK,40133,40133,74400
Sequoyah,OK,40135,40135,97800
Stephens,OK,40137,40137,107700
Texas,OK,40139,40139,115100
Tillman,OK,40141,40141,56800
Tulsa,OK,40143,40143,156400
Wagoner,OK,40145,40145,159000
Washington,OK,40147,40147,120600
Washita,OK,40149,40149,84700
Woods,OK,40151,40151,107000
Woodward,OK,40153,40153,124800
Baker,OR,41001,41001,173100
Benton,OR,41003,41003,331300
Clackamas,OR,41005,41005,395100
Clatsop,OR,41007,41007,283900
Columbia,OR,41009,41009,264900
Coos,OR,41011,41011,198100
Crook,OR,41013,41013,246100
Curry,OR,41015,41015,265400
Deschutes,OR,41017,41017,364600
Douglas,OR,41019,41019,199200
Gilliam,OR,41021,41021,115900
Grant,OR,41023,41023,144800
Harney,OR,41025,41025,121300
Hood River,OR,41027,41027,373600
Jackson,OR,41029,41029,280300
Jefferson,OR,41031,41031,224600
Josephine,OR,41033,41033,265500
Klamath,OR,41035,41035,170600
Lake,OR,41037,41037,146800
Lane,OR,41039,41039,263200
Lincoln,OR,41041,41041,251200
Linn,OR,41043,41043,221600
Malheur,OR,41045,41045,135900
Marion,OR,41047,41047,247100
Morrow,OR,41049,41049,138100
Multnomah,OR,41051,41051,386200
Polk,OR,41053,41053,265200
Sherman,OR,41055,41055,159800
Tillamook,OR,41057,41057,254300
Umatilla,OR,41059,41059,170900
Union,OR,41061,41061,185400
Wallowa,OR,41063,41063,239100
Wasco,OR,41065,41065,212900
Washington,OR,41067,41067,386600
Wheeler,OR,41069,41069,155300
Yamhill,OR,41071,41071,295900
Adams,PA,42001,42001,205800
Allegheny,PA,42003,42003,154700
Armstrong,PA,42005,42005,109400
Beaver,PA,42007,42007,141100
Bedford,PA,42009,42009,136700
Berks,PA,42011,42011,178700
Blair,PA,42013,42013,123600
Bradford,PA,42015,42015,150600
Bucks,PA,42017,42017,330600
Butler,PA,42019,42019,205600
Cambria,PA,42021,42021,91900
Cameron,PA,42023,42023,78500
Carbon,PA,42025,42025,146400
Centre,PA,42027,42027,234900
Chester,PA,42029,42029,357100
Clarion,PA,42031,42031,116900
Clearfield,PA,42033,42033,96100
Clinton,PA,42035,42035,136600
Columbia,PA,42037,42037,151700
Crawford,PA,42039,42039,113200
Cumberland,PA,42041,42041,202900
Dauphin,PA,42043,42043,167900
Delaware,PA,42045,42045,244400
Elk,PA,42047,42047,103200
Erie,PA,42049,42049,134100
Fayette,PA,42051,42051,101500
Forest,PA,42053,42053,95900
Franklin,PA,42055,42055,180400
Fulton,PA,42057,42057,161000
Greene,PA,42059,42059,122900
Huntingdon,PA,42061,42061,136400
Indiana,PA,42063,42063,121100
Jefferson,PA,42065,42065,103900
Juniata,PA,42067,42067,148900
Lackawanna,PA,42069,42069,152400
Lancaster,PA,42071,42071,209400
Lawrence,PA,42073,42073,111300
Lebanon,PA,42075,42075,171300
Lehigh,PA,42077,42077,208200
Luzerne,PA,42079,42079,127000
Lycoming,PA,42081,42081,155800
McKean,PA,42083,42083,80400
Mercer,PA,42085,42085,121100
Mifflin,PA,42087,42087,117900
Monroe,PA,42089,42089,168000
Montgomery,PA,42091,42091,316100
Montour,PA,42093,42093,185100
Northampton,PA,42095,42095,219800
Northumberland,PA,42097,42097,117400
Perry,PA,42099,42099,169300
Philadelphia,PA,42101,42101,163000
Pike,PA,42103,42103,185700
Potter,PA,42105,42105,109600
Schuylkill,PA,42107,42107,102100
Snyder,PA,42109,42109,166100
Somerset,PA,42111,42111,107000
Sullivan,PA,42113,42113,154400
Susquehanna,PA,42115,42115,167700
Tioga,PA,42117,42117,142100
Union,PA,42119,42119,189500
Venango,PA,42121,42121,89400
Warren,PA,42123,42123,98000
Washington,PA,42125,42125,167900
Wayne,PA,42127,42127,181300
Westmoreland,PA,42129,42129,153100
Wyoming,PA,42131,42131,167900
York,PA,42133,42133,177100
Bristol,RI,44001,44001,358100
Kent,RI,44003,44003,236300
Newport,RI,44005,44005,387900
Providence,RI,44007,44007,233500
Washington,RI,44009,44009,343000
Abbeville,SC,45001,45001,90800
Aiken,SC,45003,45003,147300
Allendale,SC,45005,45005,49200
Anderson,SC,45007,45007,145800
Bamberg,SC,45009,45009,75400
Barnwell,SC,45011,45011,81900
Beaufort,SC,45013,45013,298100
Berkeley,SC,45015,45015,185500
Calhoun,SC,45017,45017,107200
Charleston,SC,45019,45019,315600
Cherokee,SC,45021,45021,101500
Chester,SC,45023,45023,95600
Chesterfield,SC,45025,45025,81500
Clarendon,SC,45027,45027,102000
Colleton,SC,45029,45029,90400
Darlington,SC,45031,45031,92600
Dillon,SC,45033,45033,79300
Dorchester,SC,45035,45035,198800
Edgefield,SC,45037,45037,129300
Fairfield,SC,45039,45039,103000
Florence,SC,45041,45041,131900
Georgetown,SC,45043,45043,188800
Greenville,SC,45045,45045,183800
Greenwood,SC,45047,45047,122800
Hampton,SC,45049,45049,72300
Horry,SC,45051,45051,181500
Jasper,SC,45053,45053,166200
Kershaw,SC,45055,45055,131100
Lancaster,SC,45057,45057,199800
Laurens,SC,45059,45059,101200
Lee,SC,45061,45061,78800
Lexington,SC,45063,45063,157000
McCormick,SC,45065,45065,116500
Marion,SC,45067,45067,76700
Marlboro,SC,45069,45069,67500
Newberry,SC,45071,45071,116300
Oconee,SC,45073,45073,159800
Orangeburg,SC,45075,45075,92700
Pickens,SC,45077,45077,147700
Richland,SC,45079,45079,163100
Saluda,SC,45081,45081,108600
Spartanburg,SC,45083,45083,141400
Sumter,SC,45085,45085,115700
Union,SC,45087,45087,80000
Williamsburg,SC,45089,45089,68300
York,SC,45091,45091,201100
Aurora,SD,46003,46003,85800
Beadle,SD,46005,46005,109700
Bennett,SD,46007,46007,75900
Bon Homme,SD,46009,46009,89600
Brookings,SD,46011,46011,179000
Brown,SD,46013,46013,166800
Brule,SD,46015,46015,152600
Buffalo,SD,46017,46017,49000
Butte,SD,46019,46019,139000
Campbell,SD,46021,46021,68800
Charles Mix,SD,46023,46023,116700
Clark,SD,46025,46025,102400
Clay,SD,46027,46027,168300
Codington,SD,46029,46029,174500
Corson,SD,46031,46031,58500
Custer,SD,46033,46033,214400
Davison,SD,46035,46035,154700
Day,SD,46037,46037,100500
Deuel,SD,46039,46039,133500
Dewey,SD,46041,46041,64400
Douglas,SD,46043,46043,94400
Edmunds,SD,46045,46045,118400
Fall River,SD,46047,46047,129400
Faulk,SD,46049,46049,85100
Grant,SD,46051,46051,133700
Gregory,SD,46053,46053,83400
Haakon,SD,46055,46055,105400
Hamlin,SD,46057,46057,157100
Hand,SD,46059,46059,128400
Hanson,SD,46061,46061,130800
Harding,SD,46063,46063,101100
Hughes,SD,46065,46065,177500
Hutchinson,SD,46067,46067,94100
Hyde,SD,46069,46069,88800
Jackson,SD,46071,46071,52500
Jerauld,SD,46073,46073,81900
Jones,SD,46075,46075,77100
Kingsbury,SD,46077,46077,109900
Lake,SD,46079,46079,168400
Lawrence,SD,46081,46081,207900
Lincoln,SD,46083,46083,228800
Lyman,SD,46085,46085,102800
McCook,SD,46087,46087,137800
McPherson,SD,46089,46089,58900
Marshall,SD,46091,46091,118900
Meade,SD,46093,46093,190500
Mellette,SD,46095,46095,32100
Miner,SD,46097,46097,77000
Minnehaha,SD,46099,46099,186800
Moody,SD,46101,46101,133700
Pennington,SD,46103,46103,187800
Perkins,SD,46105,46105,102000
Potter,SD,46107,46107,102300
Roberts,SD,46109,46109,103600
Sanborn,SD,46111,46111,87600
Shannon,SD,46113,46113,27400
Spink,SD,46115,46115,82800
Stanley,SD,46117,46117,163300
Sully,SD,46119,46119,144100
Todd,SD,46121,46121,26000
Tripp,SD,46123,46123,101200
Turner,SD,46125,46125,122400
Union,SD,46127,46127,179300
Walworth,SD,46129,46129,88200
Yankton,SD,46135,46135,148300
Ziebach,SD,46137,46137,57700
Anderson,TN,47001,47001,146200
Bedford,TN,47003,47003,151100
Benton,TN,47005,47005,85600
Bledsoe,TN,47007,47007,134600
Blount,TN,47009,47009,182100
Bradley,TN,47011,47011,161000
Campbell,TN,47013,47013,104400
Cannon,TN,47015,47015,164600
Carroll,TN,47017,47017,88300
Carter,TN,47019,47019,122600
Cheatham,TN,47021,47021,187400
Chester,TN,47023,47023,121900
Claiborne,TN,47025,47025,110000
Clay,TN,47027,47027,98200
Cocke,TN,47029,47029,112900
Coffee,TN,47031,47031,141900
Crockett,TN,47033,47033,99600
Cumberland,TN,47035,47035,153200
Davidson,TN,47037,47037,241700
Decatur,TN,47039,47039,98800
DeKalb,TN,47041,47041,148600
Dickson,TN,47043,47043,164700
Dyer,TN,47045,47045,103800
Fayette,TN,47047,47047,206700
Fentress,TN,47049,47049,110400
Franklin,TN,47051,47051,139200
Gibson,TN,47053,47053,98600
Giles,TN,47055,47055,129700
Grainger,TN,47057,47057,119100
Greene,TN,47059,47059,122400
Grundy,TN,47061,47061,87200
Hamblen,TN,47063,47063,137900
Hamilton,TN,47065,47065,180900
Hancock,TN,47067,47067,102600
Hardeman,TN,47069,47069,90200
Hardin,TN,47071,47071,124300
Hawkins,TN,47073,47073,124100
Haywood,TN,47075,47075,100700
Henderson,TN,47077,47077,102000
Henry,TN,47079,47079,103300
Hickman,TN,47081,47081,116200
Houston,TN,47083,47083,103700
Humphreys,TN,47085,47085,113800
Jackson,TN,47087,47087,126100
Jefferson,TN,47089,47089,146300
Johnson,TN,47091,47091,133100
Knox,TN,47093,47093,183200
Lake,TN,47095,47095,81300
Lauderdale,TN,47097,47097,84100
Lawrence,TN,47099,47099,112500
Lewis,TN,47101,47101,95600
Lincoln,TN,47103,47103,135700
Loudon,TN,47105,47105,222500
McMinn,TN,47107,47107,133200
McNairy,TN,47109,47109,98100
Macon,TN,47111,47111,115000
Madison,TN,47113,47113,131500
Marion,TN,47115,47115,125700
Marshall,TN,47117,47117,136400
Maury,TN,47119,47119,184800
Meigs,TN,47121,47121,136600
Monroe,TN,47123,47123,133700
Montgomery,TN,47125,47125,165800
Moore,TN,47127,47127,187100
Morgan,TN,47129,47129,102000
Obion,TN,47131,47131,91500
Overton,TN,47133,47133,124900
Perry,TN,47135,47135,88100
Pickett,TN,47137,47137,144400
Polk,TN,47139,47139,112700
Putnam,TN,47141,47141,159600
Rhea,TN,47143,47143,122600
Roane,TN,47145,47145,150300
Robertson,TN,47147,47147,194800
Rutherford,TN,47149,47149,213200
Scott,TN,47151,47151,99000
Sequatchie,TN,47153,47153,142500
Sevier,TN,47155,47155,175500
Shelby,TN,47157,47157,150400
Smith,TN,47159,47159,146900
Stewart,TN,47161,47161,123100
Sullivan,TN,47163,47163,141300
Sumner,TN,47165,47165,234200
Tipton,TN,47167,47167,150000
Trousdale,TN,47169,47169,155700
Unicoi,TN,47171,47171,129500
Union,TN,47173,47173,124700
Van Buren,TN,47175,47175,98000
Warren,TN,47177,47177,112500
Washington,TN,47179,47179,163000
Wayne,TN,47181,47181,95200
Weakley,TN,47183,47183,97800
White,TN,47185,47185,117000
Williamson,TN,47187,47187,449000
Wilson,TN,47189,47189,264600
Anderson,TX,48001,48001,101900
Andrews,TX,48003,48003,143900
Angelina,TX,48005,48005,107600
Aransas,TX,48007,48007,156800
Archer,TX,48009,48009,146200
Armstrong,TX,48011,48011,139700
Atascosa,TX,48013,48013,97900
Austin,TX,48015,48015,196300
Bailey,TX,48017,48017,69700
Bandera,TX,48019,48019,174200
Bastrop,TX,48021,48021,172000
Baylor,TX,48023,48023,62000
Bee,TX,48025,48025,90600
Bell,TX,48027,48027,147700
Bexar,TX,48029,48029,161800
Blanco,TX,48031,48031,246400
Borden,TX,48033,48033,153300
Bosque,TX,48035,48035,121700
Bowie,TX,48037,48037,119400
Brazoria,TX,48039,48039,197700
Brazos,TX,48041,48041,201800
Brewster,TX,48043,48043,151400
Briscoe,TX,48045,48045,66000
Brooks,TX,48047,48047,67800
Brown,TX,48049,48049,102500
Burleson,TX,48051,48051,121900
Burnet,TX,48053,48053,192000
Caldwell,TX,48055,48055,144800
Calhoun,TX,48057,48057,120200
Callahan,TX,48059,48059,94900
Cameron,TX,48061,48061,85800
Camp,TX,48063,48063,101600
Carson,TX,48065,48065,114300
Cass,TX,48067,48067,87100
Castro,TX,48069,48069,81900
Chambers,TX,48071,48071,200400
Cherokee,TX,48073,48073,102900
Childress,TX,48075,48075,85500
Clay,TX,48077,48077,101000
Cochran,TX,48079,48079,38800
Coke,TX,48081,48081,69100
Coleman,TX,48083,48083,76500
Collin,TX,48085,48085,315300
Collingsworth,TX,48087,48087,52200
Colorado,TX,48089,48089,124400
Comal,TX,48091,48091,282300
Comanche,TX,48093,48093,105000
Concho,TX,48095,48095,101500
Cooke,TX,48097,48097,161100
Coryell,TX,48099,48099,114300
Cottle,TX,48101,48101,46600
Crane,TX,48103,48103,100400
Crockett,TX,48105,48105,89600
Crosby,TX,48107,48107,60800
Culberson,TX,48109,48109,62400
Dallam,TX,48111,48111,89200
Dallas,TX,48113,48113,174900
Dawson,TX,48115,48115,73400
Deaf Smith,TX,48117,48117,91100
Delta,TX,48119,48119,87700
Denton,TX,48121,48121,277800
DeWitt,TX,48123,48123,117100
Dickens,TX,48125,48125,51100
Dimmit,TX,48127,48127,72800
Donley,TX,48129,48129,68700
Duval,TX,48131,48131,49400
Eastland,TX,48133,48133,73900
Ector,TX,48135,48135,140500
Edwards,TX,48137,48137,69200
Ellis,TX,48139,48139,191400
El Paso,TX,48141,48141,121500
Erath,TX,48143,48143,159900
Falls,TX,48145,48145,75300
Fannin,TX,48147,48147,123100
Fayette,TX,48149,48149,182100
Fisher,TX,48151,48151,66900
Floyd,TX,48153,48153,64300
Foard,TX,48155,48155,46400
Fort Bend,TX,48157,48157,265900
Franklin,TX,48159,48159,126200
Freestone,TX,48161,48161,111800
Frio,TX,48163,48163,82200
Gaines,TX,48165,48165,150900
Galveston,TX,48167,48167,199200
Garza,TX,48169,48169,78800
Gillespie,TX,48171,48171,286900
Glasscock,TX,48173,48173,229200
Goliad,TX,48175,48175,137800
Gonzales,TX,48177,48177,121300
Gray,TX,48179,48179,77600
Grayson,TX,48181,48181,137400
Gregg,TX,48183,48183,136700
Grimes,TX,48185,48185,148500
Guadalupe,TX,48187,48187,196000
Hale,TX,48189,48189,82700
Hall,TX,48191,48191,52800
Hamilton,TX,48193,48193,130800
Hansford,TX,48195,48195,95300
Hardeman,TX,48197,48197,43100
Hardin,TX,48199,48199,124100
Harris,TX,48201,48201,175700
Harrison,TX,48203,48203,130900
Hartley,TX,48205,48205,167200
Haskell,TX,48207,48207,53900
Hays,TX,48209,48209,238700
Hemphill,TX,48211,48211,151700
Henderson,TX,48213,48213,108500
Hidalgo,TX,48215,48215,87100
Hill,TX,48217,48217,103800
Hockley,TX,48219,48219,93600
Hood,TX,48221,48221,193500
Hopkins,TX,48223,48223,114900
Houston,TX,48225,48225,100700
Howard,TX,48227,48227,99000
Hudspeth,TX,48229,48229,50900
Hunt,TX,48231,48231,123300
Hutchinson,TX,48233,48233,78800
Irion,TX,48235,48235,118300
Jack,TX,48237,48237,86300
Jackson,TX,48239,48239,114000
Jasper,TX,48241,48241,100900
Jeff Davis,TX,48243,48243,111900
Jefferson,TX,48245,48245,112800
Jim Hogg,TX,48247,48247,65000
Jim Wells,TX,48249,48249,76200
Johnson,TX,48251,48251,155400
Jones,TX,48253,48253,82400
Karnes,TX,48255,48255,102300
Kaufman,TX,48257,48257,178300
Kendall,TX,48259,48259,348500
Kenedy,TX,48261,48261,24400
Kent,TX,48263,48263,35000
Kerr,TX,48265,48265,180600
Kimble,TX,48267,48267,149700
King,TX,48269,48269,36700
Kinney,TX,48271,48271,68800
Kleberg,TX,48273,48273,91900
Knox,TX,48275,48275,45000
Lamar,TX,48277,48277,99100
Lamb,TX,48279,48279,65500
Lampasas,TX,48281,48281,161600
La Salle,TX,48283,48283,82300
Lavaca,TX,48285,48285,162400
Lee,TX,48287,48287,138700
Leon,TX,48289,48289,111000
Liberty,TX,48291,48291,111600
Limestone,TX,48293,48293,95400
Lipscomb,TX,48295,48295,100900
Live Oak,TX,48297,48297,104100
Llano,TX,48299,48299,194800
Loving,TX,48301,48301,N/A
Lubbock,TX,48303,48303,140600
Lynn,TX,48305,48305,84000
McCulloch,TX,48307,48307,93700
McLennan,TX,48309,48309,142800
McMullen,TX,48311,48311,110900
Madison,TX,48313,48313,113100
Marion,TX,48315,48315,96500
Martin,TX,48317,48317,148000
Mason,TX,48319,48319,172800
Matagorda,TX,48321,48321,114800
Maverick,TX,48323,48323,97900
Medina,TX,48325,48325,137800
Menard,TX,48327,48327,59300
Midland,TX,48329,48329,213100
Milam,TX,48331,48331,107400
Mills,TX,48333,48333,140200
Mitchell,TX,48335,48335,69000
Montague,TX,48337,48337,115400
Montgomery,TX,48339,48339,235800
Moore,TX,48341,48341,121900
Morris,TX,48343,48343,90400
Motley,TX,48345,48345,56500
Nacogdoches,TX,48347,48347,130100
Navarro,TX,48349,48349,97600
Newton,TX,48351,48351,81200
Nolan,TX,48353,48353,75500
Nueces,TX,48355,48355,138700
Ochiltree,TX,48357,48357,102700
Oldham,TX,48359,48359,91400
Orange,TX,48361,48361,113500
Palo Pinto,TX,48363,48363,107000
Panola,TX,48365,48365,102200
Parker,TX,48367,48367,214200
Parmer,TX,48369,48369,97600
Pecos,TX,48371,48371,87300
Polk,TX,48373,48373,110200
Potter,TX,48375,48375,92500
Presidio,TX,48377,48377,75100
Rains,TX,48379,48379,127900
Randall,TX,48381,48381,167800
Reagan,TX,48383,48383,98800
Real,TX,48385,48385,113200
Red River,TX,48387,48387,71100
Reeves,TX,48389,48389,64800
Refugio,TX,48391,48391,85600
Roberts,TX,48393,48393,133000
Robertson,TX,48395,48395,108600
Rockwall,TX,48397,48397,266200
Runnels,TX,48399,48399,81400
Rusk,TX,48401,48401,124900
Sabine,TX,48403,48403,116300
San Augustine,TX,48405,48405,88000
San Jacinto,TX,48407,48407,114100
San Patricio,TX,48409,48409,122100
San Saba,TX,48411,48411,109400
Schleicher,TX,48413,48413,77800
Scurry,TX,48415,48415,85500
Shackelford,TX,48417,48417,91400
Shelby,TX,48419,48419,78100
Sherman,TX,48421,48421,99800
Smith,TX,48423,48423,158600
Somervell,TX,48425,48425,219000
Starr,TX,48427,48427,71900
Stephens,TX,48429,48429,74300
Sterling,TX,48431,48431,59000
Stonewall,TX,48433,48433,55600
Sutton,TX,48435,48435,91800
Swisher,TX,48437,48437,80600
Tarrant,TX,48439,48439,188500
Taylor,TX,48441,48441,124500
Terrell,TX,48443,48443,76400
Terry,TX,48445,48445,76500
Throckmorton,TX,48447,48447,56300
Titus,TX,48449,48449,105100
Tom Green,TX,48451,48451,141500
Travis,TX,48453,48453,324800
Trinity,TX,48455,48455,83700
Tyler,TX,48457,48457,88100
Upshur,TX,48459,48459,141200
Upton,TX,48461,48461,66900
Uvalde,TX,48463,48463,89000
Val Verde,TX,48465,48465,103400
Van Zandt,TX,48467,48467,132300
Victoria,TX,48469,48469,142800
Walker,TX,48471,48471,152300
Waller,TX,48473,48473,197400
Ward,TX,48475,48475,86800
Washington,TX,48477,48477,179100
Webb,TX,48479,48479,125900
Wharton,TX,48481,48481,128100
Wheeler,TX,48483,48483,84000
Wichita,TX,48485,48485,100000
Wilbarger,TX,48487,48487,68300
Willacy,TX,48489,48489,55300
Williamson,TX,48491,48491,262300
Wilson,TX,48493,48493,199600
Winkler,TX,48495,48495,62700
Wise,TX,48497,48497,170300
Wood,TX,48499,48499,137500
Yoakum,TX,48501,48501,116400
Young,TX,48503,48503,96800
Zapata,TX,48505,48505,77800
Zavala,TX,48507,48507,50000
Beaver,UT,49001,49001,177600
Box Elder,UT,49003,49003,203600
Cache,UT,49005,49005,236500
Carbon,UT,49007,49007,140800
Daggett,UT,49009,49009,170800
Davis,UT,49011,49011,290300
Duchesne,UT,49013,49013,185800
Emery,UT,49015,49015,140200
Garfield,UT,49017,49017,188900
Grand,UT,49019,49019,247800
Iron,UT,49021,49021,213600
Juab,UT,49023,49023,223000
Kane,UT,49025,49025,204900
Millard,UT,49027,49027,155000
Morgan,UT,49029,49029,374800
Piute,UT,49031,49031,179500
Rich,UT,49033,49033,202500
Salt Lake,UT,49035,49035,305700
San Juan,UT,49037,49037,129700
Sanpete,UT,49039,49039,189000
Sevier,UT,49041,49041,164800
Summit,UT,49043,49043,641900
Tooele,UT,49045,49045,223400
Uintah,UT,49047,49047,197000
Utah,UT,49049,49049,305500
Wasatch,UT,49051,49051,419900
Washington,UT,49053,49053,283800
Wayne,UT,49055,49055,205700
Weber,UT,49057,49057,220600
Addison,VT,50001,50001,249700
Bennington,VT,50003,50003,207600
Caledonia,VT,50005,50005,169500
Chittenden,VT,50007,50007,297900
Essex,VT,50009,50009,136600
Franklin,VT,50011,50011,216200
Grand Isle,VT,50013,50013,274800
Lamoille,VT,50015,50015,225600
Orange,VT,50017,50017,192700
Orleans,VT,50019,50019,162000
Rutland,VT,50021,50021,177400
Washington,VT,50023,50023,226900
Windham,VT,50025,50025,214200
Windsor,VT,50027,50027,224500
Accomack,VA,51001,51001,171800
Albemarle,VA,51003,51003,356100
Alleghany,VA,51005,51005,119700
Amelia,VA,51007,51007,201400
Amherst,VA,51009,51009,155600
Appomattox,VA,51011,51011,158800
Arlington,VA,51013,51013,705400
Augusta,VA,51015,51015,214000
Bath,VA,51017,51017,165300
Bedford,VA,51019,51019,201900
Bland,VA,51021,51021,113200
Botetourt,VA,51023,51023,227700
Brunswick,VA,51025,51025,112200
Buchanan,VA,51027,51027,72300
Buckingham,VA,51029,51029,130300
Campbell,VA,51031,51031,157000
Caroline,VA,51033,51033,206000
Carroll,VA,51035,51035,112900
Charles City,VA,51036,51036,167900
Charlotte,VA,51037,51037,111900
Chesterfield,VA,51041,51041,241200
Clarke,VA,51043,51043,347200
Craig,VA,51045,51045,165800
Culpeper,VA,51047,51047,298900
Cumberland,VA,51049,51049,146000
Dickenson,VA,51051,51051,81000
Dinwiddie,VA,51053,51053,168300
Essex,VA,51057,51057,202800
Fairfax,VA,51059,51059,563100
Fauquier,VA,51061,51061,395500
Floyd,VA,51063,51063,170700
Fluvanna,VA,51065,51065,234700
Franklin,VA,51067,51067,178100
Frederick,VA,51069,51069,251200
Giles,VA,51071,51071,123200
Gloucester,VA,51073,51073,230000
Goochland,VA,51075,51075,375200
Grayson,VA,51077,51077,102900
Greene,VA,51079,51079,236400
Greensville,VA,51081,51081,117700
Halifax,VA,51083,51083,116100
Hanover,VA,51085,51085,282900
Henrico,VA,51087,51087,242600
Henry,VA,51089,51089,93900
Highland,VA,51091,51091,173900
Isle of Wight,VA,51093,51093,266800
James City,VA,51095,51095,340500
King and Queen,VA,51097,51097,183200
King George,VA,51099,51099,307900
King William,VA,51101,51101,204300
Lancaster,VA,51103,51103,257200
Lee,VA,51105,51105,88100
Loudoun,VA,51107,51107,508100
Louisa,VA,51109,51109,223100
Lunenburg,VA,51111,51111,119500
Madison,VA,51113,51113,257900
Mathews,VA,51115,51115,226300
Mecklenburg,VA,51117,51117,132600
Middlesex,VA,51119,51119,261900
Montgomery,VA,51121,51121,227100
Nelson,VA,51125,51125,235000
New Kent,VA,51127,51127,281100
Northampton,VA,51131,51131,176800
Northumberland,VA,51133,51133,292600
Nottoway,VA,51135,51135,151400
Orange,VA,51137,51137,244400
Page,VA,51139,51139,169200
Patrick,VA,51141,51141,120000
Pittsylvania,VA,51143,51143,123900
Powhatan,VA,51145,51145,279200
Prince Edward,VA,51147,51147,159700
Prince George,VA,51149,51149,213300
Prince William,VA,51153,51153,382400
Pulaski,VA,51155,51155,149500
Rappahannock,VA,51157,51157,377700
Richmond,VA,51159,51159,180300
Roanoke,VA,51161,51161,199800
Rockbridge,VA,51163,51163,199600
Rockingham,VA,51165,51165,211500
Russell,VA,51167,51167,98000
Scott,VA,51169,51169,94800
Shenandoah,VA,51171,51171,213200
Smyth,VA,51173,51173,95800
Southampton,VA,51175,51175,178500
Spotsylvania,VA,51177,51177,284000
Stafford,VA,51179,51179,346100
Surry,VA,51181,51181,197800
Sussex,VA,51183,51183,125800
Tazewell,VA,51185,51185,99700
Warren,VA,51187,51187,244800
Washington,VA,51191,51191,151800
Westmoreland,VA,51193,51193,199100
Wise,VA,51195,51195,85500
Wythe,VA,51197,51197,128400
York,VA,51199,51199,327100
Alexandria City,VA,51510,51510,572900
Bedford City,VA,51515,51515,N/A
Bristol City,VA,51520,51520,111700
Buena Vista City,VA,51530,51530,126600
Charlottesville City,VA,51540,51540,299600
Chesapeake City,VA,51550,51550,273700
Colonial Heights City,VA,51570,51570,171700
Covington City,VA,51580,51580,72900
Danville City,VA,51590,51590,90500
Emporia City,VA,51595,51595,116800
Fairfax City,VA,51600,51600,560400
Falls Church City,VA,51610,51610,789300
Franklin City,VA,51620,51620,164100
Fredericksburg City,VA,51630,51630,367200
Galax City,VA,51640,51640,96600
Hampton City,VA,51650,51650,186700
Harrisonburg City,VA,51660,51660,203600
Hopewell City,VA,51670,51670,122900
Lexington City,VA,51678,51678,235700
Lynchburg City,VA,51680,51680,160100
Manassas City,VA,51683,51683,324600
Manassas Park City,VA,51685,51685,308000
Martinsville City,VA,51690,51690,87700
Newport News City,VA,51700,51700,194000
Norfolk City,VA,51710,51710,206700
Norton City,VA,51720,51720,93800
Petersburg City,VA,51730,51730,108100
Poquoson City,VA,51735,51735,323100
Portsmouth City,VA,51740,51740,170900
Radford City,VA,51750,51750,170800
Richmond City,VA,51760,51760,230500
Roanoke City,VA,51770,51770,135100
Salem City,VA,51775,51775,181900
Staunton City,VA,51790,51790,169000
Suffolk City,VA,51800,51800,254400
Virginia Beach City,VA,51810,51810,280800
Waynesboro City,VA,51820,51820,174100
Williamsburg City,VA,51830,51830,306000
Winchester City,VA,51840,51840,244900
Adams,WA,53001,53001,154500
Asotin,WA,53003,53003,198100
Benton,WA,53005,53005,235800
Chelan,WA,53007,53007,292900
Clallam,WA,53009,53009,253800
Clark,WA,53011,53011,327000
Columbia,WA,53013,53013,179400
Cowlitz,WA,53015,53015,219300
Douglas,WA,53017,53017,271500
Ferry,WA,53019,53019,169600
Franklin,WA,53021,53021,202400
Garfield,WA,53023,53023,149400
Grant,WA,53025,53025,177500
Grays Harbor,WA,53027,53027,178800
Island,WA,53029,53029,358800
Jefferson,WA,53031,53031,338000
King,WA,53033,53033,549200
Kitsap,WA,53035,53035,329900
Kittitas,WA,53037,53037,286900
Klickitat,WA,53039,53039,261000
Lewis,WA,53041,53041,209600
Lincoln,WA,53043,53043,162800
Mason,WA,53045,53045,226500
Okanogan,WA,53047,53047,182700
Pacific,WA,53049,53049,176800
Pend Oreille,WA,53051,53051,216700
Pierce,WA,53053,53053,303200
San Juan,WA,53055,53055,488800
Skagit,WA,53057,53057,306000
Skamania,WA,53059,53059,296700
Snohomish,WA,53061,53061,403000
Spokane,WA,53063,53063,224800
Stevens,WA,53065,53065,199200
Thurston,WA,53067,53067,287900
Wahkiakum,WA,53069,53069,218800
Walla Walla,WA,53071,53071,224800
Whatcom,WA,53073,53073,345700
Whitman,WA,53075,53075,217600
Yakima,WA,53077,53077,175900
Barbour,WV,54001,54001,110300
Berkeley,WV,54003,54003,182200
Boone,WV,54005,54005,71500
Braxton,WV,54007,54007,86400
Brooke,WV,54009,54009,93200
Cabell,WV,54011,54011,124500
Calhoun,WV,54013,54013,83500
Clay,WV,54015,54015,80200
Doddridge,WV,54017,54017,117300
Fayette,WV,54019,54019,91300
Gilmer,WV,54021,54021,93300
Grant,WV,54023,54023,140000
Greenbrier,WV,54025,54025,124000
Hampshire,WV,54027,54027,153100
Hancock,WV,54029,54029,93000
Hardy,WV,54031,54031,137700
Harrison,WV,54033,54033,117900
Jackson,WV,54035,54035,130600
Jefferson,WV,54037,54037,252300
Kanawha,WV,54039,54039,112500
Lewis,WV,54041,54041,104200
Lincoln,WV,54043,54043,84200
Logan,WV,54045,54045,89100
McDowell,WV,54047,54047,35000
Marion,WV,54049,54049,116800
Marshall,WV,54051,54051,109300
Mason,WV,54053,54053,87600
Mercer,WV,54055,54055,96700
Mineral,WV,54057,54057,148200
Mingo,WV,54059,54059,78100
Monongalia,WV,54061,54061,204400
Monroe,WV,54063,54063,107900
Morgan,WV,54065,54065,183200
Nicholas,WV,54067,54067,95100
Ohio,WV,54069,54069,123900
Pendleton,WV,54071,54071,122800
Pleasants,WV,54073,54073,106600
Pocahontas,WV,54075,54075,121700
Preston,WV,54077,54077,115300
Putnam,WV,54079,54079,167300
Raleigh,WV,54081,54081,108700
Randolph,WV,54083,54083,110300
Ritchie,WV,54085,54085,96700
Roane,WV,54087,54087,98900
Summers,WV,54089,54089,92200
Taylor,WV,54091,54091,107000
Tucker,WV,54093,54093,121600
Tyler,WV,54095,54095,96300
Upshur,WV,54097,54097,119000
Wayne,WV,54099,54099,99100
Webster,WV,54101,54101,69500
Wetzel,WV,54103,54103,103600
Wirt,WV,54105,54105,95800
Wood,WV,54107,54107,124200
Wyoming,WV,54109,54109,71500
Adams,WI,55001,55001,131100
Ashland,WI,55003,55003,113100
Barron,WI,55005,55005,153200
Bayfield,WI,55007,55007,170200
Brown,WI,55009,55009,173900
Buffalo,WI,55011,55011,159700
Burnett,WI,55013,55013,158800
Calumet,WI,55015,55015,178900
Chippewa,WI,55017,55017,167400
Clark,WI,55019,55019,127200
Columbia,WI,55021,55021,192900
Crawford,WI,55023,55023,134200
Dane,WI,55025,55025,265600
Dodge,WI,55027,55027,162100
Door,WI,55029,55029,214100
Douglas,WI,55031,55031,145800
Dunn,WI,55033,55033,165200
Eau Claire,WI,55035,55035,169400
Florence,WI,55037,55037,129600
Fond du Lac,WI,55039,55039,157800
Forest,WI,55041,55041,132300
Grant,WI,55043,55043,147700
Green,WI,55045,55045,171400
Green Lake,WI,55047,55047,146600
Iowa,WI,55049,55049,183200
Iron,WI,55051,55051,119000
Jackson,WI,55053,55053,135900
Jefferson,WI,55055,55055,190400
Juneau,WI,55057,55057,125800
Kenosha,WI,55059,55059,177400
Kewaunee,WI,55061,55061,164900
La Crosse,WI,55063,55063,173300
Lafayette,WI,55065,55065,140000
Langlade,WI,55067,55067,113900
Lincoln,WI,55069,55069,139700
Manitowoc,WI,55071,55071,130100
Marathon,WI,55073,55073,156300
Marinette,WI,55075,55075,123800
Marquette,WI,55077,55077,155300
Menominee,WI,55078,55078,101800
Milwaukee,WI,55079,55079,158300
Monroe,WI,55081,55081,155000
Oconto,WI,55083,55083,157000
Oneida,WI,55085,55085,174100
Outagamie,WI,55087,55087,169400
Ozaukee,WI,55089,55089,282500
Pepin,WI,55091,55091,151600
Pierce,WI,55093,55093,208700
Polk,WI,55095,55095,169700
Portage,WI,55097,55097,168100
Price,WI,55099,55099,122500
Racine,WI,55101,55101,176000
Richland,WI,55103,55103,139900
Rock,WI,55105,55105,146200
Rusk,WI,55107,55107,113400
St. Croix,WI,55109,55109,244500
Sauk,WI,55111,55111,182200
Sawyer,WI,55113,55113,168400
Shawano,WI,55115,55115,136700
Sheboygan,WI,55117,55117,159700
Taylor,WI,55119,55119,137800
Trempealeau,WI,55121,55121,156000
Vernon,WI,55123,55123,157200
Vilas,WI,55125,55125,202900
Walworth,WI,55127,55127,203400
Washburn,WI,55129,55129,157400
Washington,WI,55131,55131,236200
Waukesha,WI,55133,55133,282300
Waupaca,WI,55135,55135,149900
Waushara,WI,55137,55137,146100
Winnebago,WI,55139,55139,152500
Wood,WI,55141,55141,131900
Albany,WY,56001,56001,235000
Big Horn,WY,56003,56003,163400
Campbell,WY,56005,56005,222700
Carbon,WY,56007,56007,174900
Converse,WY,56009,56009,206700
Crook,WY,56011,56011,225300
Fremont,WY,56013,56013,196400
Goshen,WY,56015,56015,174000
Hot Springs,WY,56017,56017,147300
Johnson,WY,56019,56019,252900
Laramie,WY,56021,56021,227900
Lincoln,WY,56023,56023,246400
Natrona,WY,56025,56025,208700
Niobrara,WY,56027,56027,156300
Park,WY,56029,56029,268500
Platte,WY,56031,56031,188500
Sheridan,WY,56033,56033,272400
Sublette,WY,56035,56035,275100
Sweetwater,WY,56037,56037,205600
Teton,WY,56039,56039,866600
Uinta,WY,56041,56041,175000
Washakie,WY,56043,56043,165800
Weston,WY,56045,56045,166300
Eastern,AS,60010,60010,N/A
Manu'a,AS,60020,60020,N/A
Rose Island,AS,60030,60030,N/A
Swains Island,AS,60040,60040,N/A
Western,AS,60050,60050,N/A
Guam,GU,66010,66010,N/A
Northern Islands,MP,69085,69085,N/A
Rota,MP,69100,69100,N/A
Saipan,MP,69110,69110,N/A
Tinian,MP,69120,69120,N/A
Adjuntas,PR,72001,72001,83700
Aguada,PR,72003,72003,85300
Aguadilla,PR,72005,72005,118200
Aguas Buenas,PR,72007,72007,116200
Aibonito,PR,72009,72009,112600
Aasco,PR,72011,72011,87600
Arecibo,PR,72013,72013,95300
Arroyo,PR,72015,72015,89400
Barceloneta,PR,72017,72017,104600
Barranquitas,PR,72019,72019,98900
Bayamn,PR,72021,72021,131700
Cabo Rojo,PR,72023,72023,107500
Caguas,PR,72025,72025,127800
Camuy,PR,72027,72027,94400
Canvanas,PR,72029,72029,107500
Carolina,PR,72031,72031,139900
Catao,PR,72033,72033,117700
Cayey,PR,72035,72035,117200
Ceiba,PR,72037,72037,92000
Ciales,PR,72039,72039,88600
Cidra,PR,72041,72041,117100
Coamo,PR,72043,72043,90700
Comero,PR,72045,72045,93500
Corozal,PR,72047,72047,92100
Culebra,PR,72049,72049,143800
Dorado,PR,72051,72051,135500
Fajardo,PR,72053,72053,101900
Florida,PR,72054,72054,92900
Gunica,PR,72055,72055,88100
Guayama,PR,72057,72057,86300
Guayanilla,PR,72059,72059,79700
Guaynabo,PR,72061,72061,178200
Gurabo,PR,72063,72063,141200
Hatillo,PR,72065,72065,93000
Hormigueros,PR,72067,72067,98700
Humacao,PR,72069,72069,96000
Isabela,PR,72071,72071,102200
Jayuya,PR,72073,72073,94100
Juana Daz,PR,72075,72075,91600
Juncos,PR,72077,72077,104300
Lajas,PR,72079,72079,86900
Lares,PR,72081,72081,86000
Las Maras,PR,72083,72083,84800
Las Piedras,PR,72085,72085,114200
Loza,PR,72087,72087,100800
Luquillo,PR,72089,72089,111200
Manat,PR,72091,72091,106100
Maricao,PR,72093,72093,79700
Maunabo,PR,72095,72095,87900
Mayagez,PR,72097,72097,96700
Moca,PR,72099,72099,93800
Morovis,PR,72101,72101,105700
Naguabo,PR,72103,72103,92500
Naranjito,PR,72105,72105,88100
Orocovis,PR,72107,72107,84800
Patillas,PR,72109,72109,90200
Peuelas,PR,72111,72111,75700
Ponce,PR,72113,72113,97400
Quebradillas,PR,72115,72115,102700
Rincn,PR,72117,72117,122000
Ro Grande,PR,72119,72119,113800
Sabana Grande,PR,72121,72121,95800
Salinas,PR,72123,72123,83100
San Germn,PR,72125,72125,82300
San Juan,PR,72127,72127,153500
San Lorenzo,PR,72129,72129,110100
San Sebastin,PR,72131,72131,98400
Santa Isabel,PR,72133,72133,93500
Toa Alta,PR,72135,72135,133500
Toa Baja,PR,72137,72137,122300
Trujillo Alto,PR,72139,72139,146200
Utuado,PR,72141,72141,90000
Vega Alta,PR,72143,72143,114300
Vega Baja,PR,72145,72145,106600
Vieques,PR,72147,72147,111200
Villalba,PR,72149,72149,92600
Yabucoa,PR,72151,72151,87200
Yauco,PR,72153,72153,91100
St. Croix,VI,78010,78010,N/A
St. John,VI,78020,78020,N/A
St. Thomas,VI,78030,78030,N/A