County,State,FIPS Code,Formatted FIPS,Estimated percent of all people that are living in poverty as of
Autauga,AL,1001,01001,15.19
Baldwin,AL,1003,01003,10.35
Barbour,AL,1005,01005,30.67
Bibb,AL,1007,01007,18.13
Blount,AL,1009,01009,13.55
Bullock,AL,1011,01011,28.87
Butler,AL,1013,01013,22.5
Calhoun,AL,1015,01015,17.9
Chambers,AL,1017,01017,17.25
Cherokee,AL,1019,01019,13.92
Chilton,AL,1021,01021,19.12
Choctaw,AL,1023,01023,23.35
Clarke,AL,1025,01025,23.21
Clay,AL,1027,01027,17.95
Cleburne,AL,1029,01029,17.28
Coffee,AL,1031,01031,15.07
Colbert,AL,1033,01033,15.47
Conecuh,AL,1035,01035,17.59
Coosa,AL,1037,01037,13.51
Covington,AL,1039,01039,18.59
Crenshaw,AL,1041,01041,15.16
Cullman,AL,1043,01043,14.87
Dale,AL,1045,01045,17.65
Dallas,AL,1047,01047,29.07
DeKalb,AL,1049,01049,21.08
Elmore,AL,1051,01051,11.51
Escambia,AL,1053,01053,22.15
Etowah,AL,1055,01055,17.39
Fayette,AL,1057,01057,19.44
Franklin,AL,1059,01059,19.41
Geneva,AL,1061,01061,22.01
Greene,AL,1063,01063,38.1
Hale,AL,1065,01065,24.18
Henry,AL,1067,01067,13.83
Houston,AL,1069,01069,18.23
Jackson,AL,1071,01071,18.58
Jefferson,AL,1073,01073,16.02
Lamar,AL,1075,01075,20.65
Lauderdale,AL,1077,01077,14.58
Lawrence,AL,1079,01079,18.03
Lee,AL,1081,01081,19.59
Limestone,AL,1083,01083,13.57
Lowndes,AL,1085,01085,26.81
Macon,AL,1087,01087,24.42
Madison,AL,1089,01089,12.48
Marengo,AL,1091,01091,21.9
Marion,AL,1093,01093,17.48
Marshall,AL,1095,01095,20.31
Mobile,AL,1097,01097,18.78
Monroe,AL,1099,01099,27.94
Montgomery,AL,1101,01101,19.35
Morgan,AL,1103,01103,14.64
Perry,AL,1105,01105,30.85
Pickens,AL,1107,01107,22.72
Pike,AL,1109,01109,24.43
Randolph,AL,1111,01111,16.93
Russell,AL,1113,01113,20.7
St. Clair,AL,1115,01115,12.21
Shelby,AL,1117,01117,7.48
Sumter,AL,1119,01119,31.76
Talladega,AL,1121,01121,19.06
Tallapoosa,AL,1123,01123,18.88
Tuscaloosa,AL,1125,01125,17.66
Walker,AL,1127,01127,18.15
Washington,AL,1129,01129,21.12
Wilcox,AL,1131,01131,30.05
Winston,AL,1133,01133,17.63
Aleutians East,AK,2013,02013,13.77
Aleutians West,AK,2016,02016,6.84
Anchorage,AK,2020,02020,9.03
Bethel,AK,2050,02050,28.26
Bristol Bay,AK,2060,02060,7.18
Denali,AK,2068,02068,16.31
Dillingham,AK,2070,02070,17.18
Fairbanks North Star,AK,2090,02090,7.99
Haines,AK,2100,02100,11.26
Hoonah-Angoon,AK,2105,02105,10.34
Juneau,AK,2110,02110,7.68
Kenai Peninsula,AK,2122,02122,12.08
Ketchikan Gateway,AK,2130,02130,9.58
Kodiak Island,AK,2150,02150,7.8
Lake and Peninsula,AK,2164,02164,16.55
Matanuska-Susitna,AK,2170,02170,10.29
Nome,AK,2180,02180,21.55
North Slope,AK,2185,02185,10.15
Northwest Arctic,AK,2188,02188,26.11
Petersburg,AK,2195,02195,5.73
Prince of Wales-Hyder,AK,2198,02198,17.3
Sitka,AK,2220,02220,8.66
Skagway,AK,2230,02230,6.38
Southeast Fairbanks,AK,2240,02240,10.86
Valdez-Cordova,AK,2261,02261,7.82
Wade Hampton,AK,2270,02270,39.01
Wrangell,AK,2275,02275,7.83
Yakutat,AK,2282,02282,7.4
Yukon-Koyukuk,AK,2290,02290,25.36
Apache,AZ,4001,04001,35.46
Cochise,AZ,4003,04003,16.61
Coconino,AZ,4005,04005,17.6
Gila,AZ,4007,04007,21.59
Graham,AZ,4009,04009,22.6
Greenlee,AZ,4011,04011,13.31
La Paz,AZ,4012,04012,22.44
Maricopa,AZ,4013,04013,13.77
Mohave,AZ,4015,04015,16.38
Navajo,AZ,4017,04017,27.9
Pima,AZ,4019,04019,16.81
Pinal,AZ,4021,04021,13.15
Santa Cruz,AZ,4023,04023,23.26
Yavapai,AZ,4025,04025,13.03
Yuma,AZ,4027,04027,19.43
Arkansas,AR,5001,05001,17.35
Ashley,AR,5003,05003,16.66
Baxter,AR,5005,05005,13.11
Benton,AR,5007,05007,9.44
Boone,AR,5009,05009,14.66
Bradley,AR,5011,05011,20.51
Calhoun,AR,5013,05013,13.45
Carroll,AR,5015,05015,14.8
Chicot,AR,5017,05017,28.88
Clark,AR,5019,05019,20.29
Clay,AR,5021,05021,21.12
Cleburne,AR,5023,05023,13.96
Cleveland,AR,5025,05025,18.39
Columbia,AR,5027,05027,24.99
Conway,AR,5029,05029,17.6
Craighead,AR,5031,05031,16.63
Crawford,AR,5033,05033,17.16
Crittenden,AR,5035,05035,22.22
Cross,AR,5037,05037,15.45
Dallas,AR,5039,05039,14.66
Desha,AR,5041,05041,29.14
Drew,AR,5043,05043,18.83
Faulkner,AR,5045,05045,16.67
Franklin,AR,5047,05047,23
Fulton,AR,5049,05049,20.71
Garland,AR,5051,05051,18.62
Grant,AR,5053,05053,14.52
Greene,AR,5055,05055,16.44
Hempstead,AR,5057,05057,22.69
Hot Spring,AR,5059,05059,18.04
Howard,AR,5061,05061,19.39
Independence,AR,5063,05063,16.69
Izard,AR,5065,05065,15.09
Jackson,AR,5067,05067,24.36
Jefferson,AR,5069,05069,22.2
Johnson,AR,5071,05071,22.72
Lafayette,AR,5073,05073,25.9
Lawrence,AR,5075,05075,15.65
Lee,AR,5077,05077,22.1
Lincoln,AR,5079,05079,20.03
Little River,AR,5081,05081,16.13
Logan,AR,5083,05083,18.71
Lonoke,AR,5085,05085,12.23
Madison,AR,5087,05087,17.41
Marion,AR,5089,05089,18.2
Miller,AR,5091,05091,20.06
Mississippi,AR,5093,05093,24.32
Monroe,AR,5095,05095,27.08
Montgomery,AR,5097,05097,21.3
Nevada,AR,5099,05099,23.08
Newton,AR,5101,05101,15.83
Ouachita,AR,5103,05103,23.17
Perry,AR,5105,05105,17.89
Phillips,AR,5107,05107,34.54
Pike,AR,5109,05109,15.42
Poinsett,AR,5111,05111,21.45
Polk,AR,5113,05113,23.8
Pope,AR,5115,05115,18.84
Prairie,AR,5117,05117,14.79
Pulaski,AR,5119,05119,16.83
Randolph,AR,5121,05121,18.81
St. Francis,AR,5123,05123,24.89
Saline,AR,5125,05125,9.18
Scott,AR,5127,05127,19.13
Searcy,AR,5129,05129,21.88
Sebastian,AR,5131,05131,18.5
Sevier,AR,5133,05133,21.28
Sharp,AR,5135,05135,22.24
Stone,AR,5137,05137,19.83
Union,AR,5139,05139,19.09
Van Buren,AR,5141,05141,18.51
Washington,AR,5143,05143,16.39
White,AR,5145,05145,15.69
Woodruff,AR,5147,05147,25.21
Yell,AR,5149,05149,16.65
Alameda,CA,6001,06001,9.91
Alpine,CA,6003,06003,19.73
Amador,CA,6005,06005,9.95
Butte,CA,6007,06007,19.07
Calaveras,CA,6009,06009,11.42
Colusa,CA,6011,06011,13.04
Contra Costa,CA,6013,06013,8.7
Del Norte,CA,6015,06015,19.47
El Dorado,CA,6017,06017,8.38
Fresno,CA,6019,06019,22.55
Glenn,CA,6021,06021,17.51
Humboldt,CA,6023,06023,20.12
Imperial,CA,6025,06025,24.09
Inyo,CA,6027,06027,9.31
Kern,CA,6029,06029,21
Kings,CA,6031,06031,18.2
Lake,CA,6033,06033,18.61
Lassen,CA,6035,06035,13.47
Los Angeles,CA,6037,06037,14.91
Madera,CA,6039,06039,19.94
Marin,CA,6041,06041,7.23
Mariposa,CA,6043,06043,15.19
Mendocino,CA,6045,06045,17.8
Merced,CA,6047,06047,21.2
Modoc,CA,6049,06049,18.81
Mono,CA,6051,06051,12.07
Monterey,CA,6053,06053,13.07
Napa,CA,6055,06055,7.78
Nevada,CA,6057,06057,11.04
Orange,CA,6059,06059,10.86
Placer,CA,6061,06061,7.74
Plumas,CA,6063,06063,12.13
Riverside,CA,6065,06065,13.7
Sacramento,CA,6067,06067,14.67
San Benito,CA,6069,06069,8.43
San Bernardino,CA,6071,06071,15.95
San Diego,CA,6073,06073,11.59
San Francisco,CA,6075,06075,10.34
San Joaquin,CA,6077,06077,14.51
San Luis Obispo,CA,6079,06079,12.5
San Mateo,CA,6081,06081,6.71
Santa Barbara,CA,6083,06083,13.54
Santa Clara,CA,6085,06085,7.52
Santa Cruz,CA,6087,06087,13.13
Shasta,CA,6089,06089,16.69
Sierra,CA,6091,06091,9.66
Siskiyou,CA,6093,06093,18.81
Solano,CA,6095,06095,9.55
Sonoma,CA,6097,06097,9.22
Stanislaus,CA,6099,06099,15.11
Sutter,CA,6101,06101,15.47
Tehama,CA,6103,06103,22.06
Trinity,CA,6105,06105,19.03
Tulare,CA,6107,06107,23.79
Tuolumne,CA,6109,06109,12.75
Ventura,CA,6111,06111,8.94
Yolo,CA,6113,06113,19.08
Yuba,CA,6115,06115,15.48
Adams,CO,8001,08001,10.85
Alamosa,CO,8003,08003,23.53
Arapahoe,CO,8005,08005,8.09
Archuleta,CO,8007,08007,8.77
Baca,CO,8009,08009,19.03
Bent,CO,8011,08011,29.54
Boulder,CO,8013,08013,11.7
Broomfield,CO,8014,08014,5.57
Chaffee,CO,8015,08015,9.75
Cheyenne,CO,8017,08017,10.24
Clear Creek,CO,8019,08019,7.76
Conejos,CO,8021,08021,21.71
Costilla,CO,8023,08023,27.32
Crowley,CO,8025,08025,27.88
Custer,CO,8027,08027,12.7
Delta,CO,8029,08029,18.34
Denver,CO,8031,08031,12.86
Dolores,CO,8033,08033,13.25
Douglas,CO,8035,08035,3.07
Eagle,CO,8037,08037,8
Elbert,CO,8039,08039,4.81
El Paso,CO,8041,08041,10.08
Fremont,CO,8043,08043,14.47
Garfield,CO,8045,08045,8.62
Gilpin,CO,8047,08047,4.88
Grand,CO,8049,08049,9.46
Gunnison,CO,8051,08051,13.4
Hinsdale,CO,8053,08053,9.8
Huerfano,CO,8055,08055,15.82
Jackson,CO,8057,08057,9.64
Jefferson,CO,8059,08059,7.1
Kiowa,CO,8061,08061,12.12
Kit Carson,CO,8063,08063,6.06
Lake,CO,8065,08065,14.55
La Plata,CO,8067,08067,9.15
Larimer,CO,8069,08069,11.59
Las Animas,CO,8071,08071,18.51
Lincoln,CO,8073,08073,14.76
Logan,CO,8075,08075,12.56
Mesa,CO,8077,08077,14.22
Mineral,CO,8079,08079,13.71
Moffat,CO,8081,08081,16.97
Montezuma,CO,8083,08083,15.13
Montrose,CO,8085,08085,15.11
Morgan,CO,8087,08087,10.97
Otero,CO,8089,08089,23.67
Ouray,CO,8091,08091,7.18
Park,CO,8093,08093,7.31
Phillips,CO,8095,08095,6.08
Pitkin,CO,8097,08097,6.72
Prowers,CO,8099,08099,15.97
Pueblo,CO,8101,08101,18.89
Rio Blanco,CO,8103,08103,10.57
Rio Grande,CO,8105,08105,17.01
Routt,CO,8107,08107,10.92
Saguache,CO,8109,08109,17.55
San Juan,CO,8111,08111,5.26
San Miguel,CO,8113,08113,11.33
Sedgwick,CO,8115,08115,19
Summit,CO,8117,08117,7.98
Teller,CO,8119,08119,8.17
Washington,CO,8121,08121,11.77
Weld,CO,8123,08123,10.01
Yuma,CO,8125,08125,13.98
Fairfield,CT,9001,09001,8.89
Hartford,CT,9003,09003,10.8
Litchfield,CT,9005,09005,6.91
Middlesex,CT,9007,09007,6.94
New Haven,CT,9009,09009,11.74
New London,CT,9011,09011,9.4
Tolland,CT,9013,09013,7.35
Windham,CT,9015,09015,11.4
Kent,DE,10001,10001,13.52
New Castle,DE,10003,10003,11.38
Sussex,DE,10005,10005,11.3
District of Columbia,DC,11001,11001,16.24
Alachua,FL,12001,12001,21.35
Baker,FL,12003,12003,12.02
Bay,FL,12005,12005,14.59
Bradford,FL,12007,12007,22.21
Brevard,FL,12009,12009,11.83
Broward,FL,12011,12011,13.07
Calhoun,FL,12013,12013,14.68
Charlotte,FL,12015,12015,11.07
Citrus,FL,12017,12017,15.7
Clay,FL,12019,12019,10.24
Collier,FL,12021,12021,11.21
Columbia,FL,12023,12023,15.79
DeSoto,FL,12027,12027,26.84
Dixie,FL,12029,12029,21.24
Duval,FL,12031,12031,14.46
Escambia,FL,12033,12033,14.03
Flagler,FL,12035,12035,12.41
Franklin,FL,12037,12037,18.78
Gadsden,FL,12039,12039,22.77
Gilchrist,FL,12041,12041,17.18
Glades,FL,12043,12043,17.44
Gulf,FL,12045,12045,12.87
Hamilton,FL,12047,12047,29.93
Hardee,FL,12049,12049,24.13
Hendry,FL,12051,12051,25.3
Hernando,FL,12053,12053,14.1
Highlands,FL,12055,12055,18.61
Hillsborough,FL,12057,12057,14.56
Holmes,FL,12059,12059,22.8
Indian River,FL,12061,12061,11.43
Jackson,FL,12063,12063,19.4
Jefferson,FL,12065,12065,16.52
Lafayette,FL,12067,12067,12.81
Lake,FL,12069,12069,11.99
Lee,FL,12071,12071,13.09
Leon,FL,12073,12073,20.51
Levy,FL,12075,12075,20.65
Liberty,FL,12077,12077,16.76
Madison,FL,12079,12079,27.81
Manatee,FL,12081,12081,11.75
Marion,FL,12083,12083,16.09
Martin,FL,12085,12085,9.86
Miami-Dade,FL,12086,12086,17.09
Monroe,FL,12087,12087,10.95
Nassau,FL,12089,12089,10.55
Okaloosa,FL,12091,12091,10.91
Okeechobee,FL,12093,12093,21.03
Orange,FL,12095,12095,14.85
Osceola,FL,12097,12097,14.81
Palm Beach,FL,12099,12099,12.17
Pasco,FL,12101,12101,12.73
Pinellas,FL,12103,12103,12.22
Polk,FL,12105,12105,15.83
Putnam,FL,12107,12107,23.59
St. Johns,FL,12109,12109,8.18
St. Lucie,FL,12111,12111,13.32
Santa Rosa,FL,12113,12113,9.65
Sarasota,FL,12115,12115,8.95
Seminole,FL,12117,12117,10.65
Sumter,FL,12119,12119,8.18
Suwannee,FL,12121,12121,14.93
Taylor,FL,12123,12123,21.16
Union,FL,12125,12125,20.85
Volusia,FL,12127,12127,14.25
Wakulla,FL,12129,12129,12.23
Walton,FL,12131,12131,13.25
Washington,FL,12133,12133,24.15
Appling,GA,13001,13001,22.49
Atkinson,GA,13003,13003,30.27
Bacon,GA,13005,13005,23.76
Baker,GA,13007,13007,22.89
Baldwin,GA,13009,13009,23.64
Banks,GA,13011,13011,13.32
Barrow,GA,13013,13013,12.61
Bartow,GA,13015,13015,14.04
Ben Hill,GA,13017,13017,29.62
Berrien,GA,13019,13019,24.19
Bibb,GA,13021,13021,24.92
Bleckley,GA,13023,13023,17.97
Brantley,GA,13025,13025,19.64
Brooks,GA,13027,13027,22.67
Bryan,GA,13029,13029,12.41
Bulloch,GA,13031,13031,26.42
Burke,GA,13033,13033,22.16
Butts,GA,13035,13035,21.61
Calhoun,GA,13037,13037,27.29
Camden,GA,13039,13039,15.53
Candler,GA,13043,13043,30.79
Carroll,GA,13045,13045,17.3
Catoosa,GA,13047,13047,9.88
Charlton,GA,13049,13049,25.18
Chatham,GA,13051,13051,15.06
Chattahoochee,GA,13053,13053,19.8
Chattooga,GA,13055,13055,19.38
Cherokee,GA,13057,13057,7.48
Clarke,GA,13059,13059,29.64
Clay,GA,13061,13061,39.48
Clayton,GA,13063,13063,18.57
Clinch,GA,13065,13065,40.17
Cobb,GA,13067,13067,9.1
Coffee,GA,13069,13069,19.95
Colquitt,GA,13071,13071,24.88
Columbia,GA,13073,13073,7.46
Cook,GA,13075,13075,24.01
Coweta,GA,13077,13077,10.68
Crawford,GA,13079,13079,19.95
Crisp,GA,13081,13081,31.87
Dade,GA,13083,13083,13.65
Dawson,GA,13085,13085,8.58
Decatur,GA,13087,13087,24.35
DeKalb,GA,13089,13089,15.12
Dodge,GA,13091,13091,21.8
Dooly,GA,13093,13093,24.12
Dougherty,GA,13095,13095,28.43
Douglas,GA,13097,13097,12.82
Early,GA,13099,13099,30.53
Echols,GA,13101,13101,24.11
Effingham,GA,13103,13103,8.48
Elbert,GA,13105,13105,21.33
Emanuel,GA,13107,13107,22.11
Evans,GA,13109,13109,26.89
Fannin,GA,13111,13111,12.41
Fayette,GA,13113,13113,5.54
Floyd,GA,13115,13115,18.39
Forsyth,GA,13117,13117,5.69
Franklin,GA,13119,13119,22.93
Fulton,GA,13121,13121,14.37
Gilmer,GA,13123,13123,16.79
Glascock,GA,13125,13125,18.87
Glynn,GA,13127,13127,18.14
Gordon,GA,13129,13129,18.04
Grady,GA,13131,13131,22.39
Greene,GA,13133,13133,19.52
Gwinnett,GA,13135,13135,10.68
Habersham,GA,13137,13137,15.09
Hall,GA,13139,13139,13.94
Hancock,GA,13141,13141,22.17
Haralson,GA,13143,13143,14.88
Harris,GA,13145,13145,6.2
Hart,GA,13147,13147,15.12
Heard,GA,13149,13149,14.32
Henry,GA,13151,13151,8.52
Houston,GA,13153,13153,13.93
Irwin,GA,13155,13155,23.87
Jackson,GA,13157,13157,11.28
Jasper,GA,13159,13159,15.5
Jeff Davis,GA,13161,13161,22.04
Jefferson,GA,13163,13163,24.63
Jenkins,GA,13165,13165,30.46
Johnson,GA,13167,13167,22.6
Jones,GA,13169,13169,14.02
Lamar,GA,13171,13171,18.64
Lanier,GA,13173,13173,23.12
Laurens,GA,13175,13175,27.09
Lee,GA,13177,13177,12.76
Liberty,GA,13179,13179,15.91
Lincoln,GA,13181,13181,20.62
Long,GA,13183,13183,18.89
Lowndes,GA,13185,13185,24.4
Lumpkin,GA,13187,13187,15.07
McDuffie,GA,13189,13189,23.96
McIntosh,GA,13191,13191,17.65
Macon,GA,13193,13193,25.46
Madison,GA,13195,13195,17.12
Marion,GA,13197,13197,16.69
Meriwether,GA,13199,13199,22.91
Miller,GA,13201,13201,21.67
Mitchell,GA,13205,13205,23.12
Monroe,GA,13207,13207,13.89
Montgomery,GA,13209,13209,18.54
Morgan,GA,13211,13211,9.23
Murray,GA,13213,13213,15.63
Muscogee,GA,13215,13215,20.67
Newton,GA,13217,13217,15.54
Oconee,GA,13219,13219,6.17
Oglethorpe,GA,13221,13221,12.8
Paulding,GA,13223,13223,8.17
Peach,GA,13225,13225,22.21
Pickens,GA,13227,13227,10.2
Pierce,GA,13229,13229,22.09
Pike,GA,13231,13231,9.53
Polk,GA,13233,13233,18.35
Pulaski,GA,13235,13235,22.16
Putnam,GA,13237,13237,16.1
Quitman,GA,13239,13239,20.31
Rabun,GA,13241,13241,18.08
Randolph,GA,13243,13243,32.89
Richmond,GA,13245,13245,23.02
Rockdale,GA,13247,13247,13.15
Schley,GA,13249,13249,17.18
Screven,GA,13251,13251,22.45
Seminole,GA,13253,13253,23.73
Spalding,GA,13255,13255,17.94
Stephens,GA,13257,13257,13.25
Stewart,GA,13259,13259,34.49
Sumter,GA,13261,13261,27.1
Talbot,GA,13263,13263,18.92
Taliaferro,GA,13265,13265,21.1
Tattnall,GA,13267,13267,23.17
Taylor,GA,13269,13269,25.83
Telfair,GA,13271,13271,28.91
Terrell,GA,13273,13273,32.37
Thomas,GA,13275,13275,19.18
Tift,GA,13277,13277,23.34
Toombs,GA,13279,13279,23.31
Towns,GA,13281,13281,15.39
Treutlen,GA,13283,13283,27.49
Troup,GA,13285,13285,21.28
Turner,GA,13287,13287,33.58
Twiggs,GA,13289,13289,19.31
Union,GA,13291,13291,14.42
Upson,GA,13293,13293,20.95
Walker,GA,13295,13295,16.14
Walton,GA,13297,13297,12.09
Ware,GA,13299,13299,24.9
Warren,GA,13301,13301,26.84
Washington,GA,13303,13303,22.29
Wayne,GA,13305,13305,15.31
Webster,GA,13307,13307,22.41
Wheeler,GA,13309,13309,25.72
White,GA,13311,13311,10.82
Whitfield,GA,13313,13313,15.91
Wilcox,GA,13315,13315,24.23
Wilkes,GA,13317,13317,23.65
Wilkinson,GA,13319,13319,23.39
Worth,GA,13321,13321,19
Hawaii,HI,15001,15001,15.6
Honolulu,HI,15003,15003,8.3
Kalawao,HI,15005,15005,10
Kauai,HI,15007,15007,8.1
Maui,HI,15009,15009,9.28
Ada,ID,16001,16001,10.85
Adams,ID,16003,16003,12.14
Bannock,ID,16005,16005,16.39
Bear Lake,ID,16007,16007,16.85
Benewah,ID,16009,16009,17.28
Bingham,ID,16011,16011,11.18
Blaine,ID,16013,16013,12.53
Boise,ID,16015,16015,10.73
Bonner,ID,16017,16017,14.56
Bonneville,ID,16019,16019,10.48
Boundary,ID,16021,16021,19.28
Butte,ID,16023,16023,18.04
Camas,ID,16025,16025,15.55
Canyon,ID,16027,16027,13.41
Caribou,ID,16029,16029,8.76
Cassia,ID,16031,16031,14.26
Clark,ID,16033,16033,13.25
Clearwater,ID,16035,16035,12.78
Custer,ID,16037,16037,18.39
Elmore,ID,16039,16039,15.3
Franklin,ID,16041,16041,10.39
Fremont,ID,16043,16043,12.96
Gem,ID,16045,16045,16.97
Gooding,ID,16047,16047,16.27
Idaho,ID,16049,16049,14.34
Jefferson,ID,16051,16051,6.85
Jerome,ID,16053,16053,19.02
Kootenai,ID,16055,16055,11.74
Latah,ID,16057,16057,18.08
Lemhi,ID,16059,16059,12.14
Lewis,ID,16061,16061,16.19
Lincoln,ID,16063,16063,12.11
Madison,ID,16065,16065,30.86
Minidoka,ID,16067,16067,16.72
Nez Perce,ID,16069,16069,13.33
Oneida,ID,16071,16071,11.36
Owyhee,ID,16073,16073,16.09
Payette,ID,16075,16075,13.36
Power,ID,16077,16077,11.44
Shoshone,ID,16079,16079,19.39
Teton,ID,16081,16081,4.49
Twin Falls,ID,16083,16083,14.31
Valley,ID,16085,16085,7.22
Washington,ID,16087,16087,13.33
Adams,IL,17001,17001,12.45
Alexander,IL,17003,17003,25.28
Bond,IL,17005,17005,14.15
Boone,IL,17007,17007,10.07
Brown,IL,17009,17009,11.61
Bureau,IL,17011,17011,12.38
Calhoun,IL,17013,17013,11.6
Carroll,IL,17015,17015,10.74
Cass,IL,17017,17017,14.78
Champaign,IL,17019,17019,20.01
Christian,IL,17021,17021,12.29
Clark,IL,17023,17023,11.12
Clay,IL,17025,17025,16.5
Clinton,IL,17027,17027,7.7
Coles,IL,17029,17029,20.78
Cook,IL,17031,17031,14.37
Crawford,IL,17033,17033,11.64
Cumberland,IL,17035,17035,13.88
DeKalb,IL,17037,17037,16.58
De Witt,IL,17039,17039,11.3
Douglas,IL,17041,17041,10.83
DuPage,IL,17043,17043,6.37
Edgar,IL,17045,17045,12.01
Edwards,IL,17047,17047,10.2
Effingham,IL,17049,17049,10.63
Fayette,IL,17051,17051,17.23
Ford,IL,17053,17053,13.87
Franklin,IL,17055,17055,19.46
Fulton,IL,17057,17057,14.68
Gallatin,IL,17059,17059,20.85
Greene,IL,17061,17061,13.07
Grundy,IL,17063,17063,7.61
Hamilton,IL,17065,17065,9.25
Hancock,IL,17067,17067,13.63
Hardin,IL,17069,17069,13.07
Henderson,IL,17071,17071,7.81
Henry,IL,17073,17073,10.81
Iroquois,IL,17075,17075,12.45
Jackson,IL,17077,17077,26.51
Jasper,IL,17079,17079,13.69
Jefferson,IL,17081,17081,17.03
Jersey,IL,17083,17083,9.86
Jo Daviess,IL,17085,17085,8.53
Johnson,IL,17087,17087,10.77
Kane,IL,17089,17089,9.4
Kankakee,IL,17091,17091,14.17
Kendall,IL,17093,17093,4.5
Knox,IL,17095,17095,18.17
Lake,IL,17097,17097,7.93
LaSalle,IL,17099,17099,13.35
Lawrence,IL,17101,17101,16.24
Lee,IL,17103,17103,12.49
Livingston,IL,17105,17105,15.01
Logan,IL,17107,17107,9.3
McDonough,IL,17109,17109,21.94
McHenry,IL,17111,17111,6.97
McLean,IL,17113,17113,14.94
Macon,IL,17115,17115,16.96
Macoupin,IL,17117,17117,13.88
Madison,IL,17119,17119,13.24
Marion,IL,17121,17121,17.73
Marshall,IL,17123,17123,10.58
Mason,IL,17125,17125,14.31
Massac,IL,17127,17127,16.75
Menard,IL,17129,17129,9.3
Mercer,IL,17131,17131,9.65
Monroe,IL,17133,17133,4.13
Montgomery,IL,17135,17135,16.58
Morgan,IL,17137,17137,14.16
Moultrie,IL,17139,17139,7.24
Ogle,IL,17141,17141,9.53
Peoria,IL,17143,17143,15.64
Perry,IL,17145,17145,16.07
Piatt,IL,17147,17147,5.18
Pike,IL,17149,17149,13.82
Pope,IL,17151,17151,15.34
Pulaski,IL,17153,17153,20.47
Putnam,IL,17155,17155,8.48
Randolph,IL,17157,17157,12.69
Richland,IL,17159,17159,14.73
Rock Island,IL,17161,17161,13.96
St. Clair,IL,17163,17163,14.76
Saline,IL,17165,17165,21.06
Sangamon,IL,17167,17167,14.53
Schuyler,IL,17169,17169,18.99
Scott,IL,17171,17171,13.03
Shelby,IL,17173,17173,10.81
Stark,IL,17175,17175,15.46
Stephenson,IL,17177,17177,13.56
Tazewell,IL,17179,17179,8.26
Union,IL,17181,17181,17.98
Vermilion,IL,17183,17183,18.91
Wabash,IL,17185,17185,12.01
Warren,IL,17187,17187,12.9
Washington,IL,17189,17189,7.09
Wayne,IL,17191,17191,13.27
White,IL,17193,17193,13.98
Whiteside,IL,17195,17195,10.66
Will,IL,17197,17197,6.75
Williamson,IL,17199,17199,13.86
Winnebago,IL,17201,17201,15.56
Woodford,IL,17203,17203,7.04
Adams,IN,18001,18001,16.8
Allen,IN,18003,18003,13.26
Bartholomew,IN,18005,18005,13.35
Benton,IN,18007,18007,13.49
Blackford,IN,18009,18009,12.78
Boone,IN,18011,18011,5.95
Brown,IN,18013,18013,9.04
Carroll,IN,18015,18015,9.63
Cass,IN,18017,18017,14.56
Clark,IN,18019,18019,10.08
Clay,IN,18021,18021,12.63
Clinton,IN,18023,18023,12.47
Crawford,IN,18025,18025,17.93
Daviess,IN,18027,18027,11.94
Dearborn,IN,18029,18029,9.12
Decatur,IN,18031,18031,11.46
DeKalb,IN,18033,18033,11.35
Delaware,IN,18035,18035,21.87
Dubois,IN,18037,18037,9.04
Elkhart,IN,18039,18039,12.39
Fayette,IN,18041,18041,19.01
Floyd,IN,18043,18043,9.82
Fountain,IN,18045,18045,11.12
Franklin,IN,18047,18047,9.06
Fulton,IN,18049,18049,12.4
Gibson,IN,18051,18051,9.31
Grant,IN,18053,18053,18
Greene,IN,18055,18055,14.27
Hamilton,IN,18057,18057,4.58
Hancock,IN,18059,18059,6.65
Harrison,IN,18061,18061,11
Hendricks,IN,18063,18063,5
Henry,IN,18065,18065,15.08
Howard,IN,18067,18067,14.9
Huntington,IN,18069,18069,10.9
Jackson,IN,18071,18071,14.63
Jasper,IN,18073,18073,8.17
Jay,IN,18075,18075,14.1
Jefferson,IN,18077,18077,13.48
Jennings,IN,18079,18079,10.92
Johnson,IN,18081,18081,7.42
Knox,IN,18083,18083,15.52
Kosciusko,IN,18085,18085,9.82
LaGrange,IN,18087,18087,6.41
Lake,IN,18089,18089,15.57
LaPorte,IN,18091,18091,15.19
Lawrence,IN,18093,18093,12.42
Madison,IN,18095,18095,16.53
Marion,IN,18097,18097,17.8
Marshall,IN,18099,18099,12.98
Martin,IN,18101,18101,11.7
Miami,IN,18103,18103,15.28
Monroe,IN,18105,18105,23.51
Montgomery,IN,18107,18107,11.44
Morgan,IN,18109,18109,10.54
Newton,IN,18111,18111,12.83
Noble,IN,18113,18113,7.44
Ohio,IN,18115,18115,7.15
Orange,IN,18117,18117,14.84
Owen,IN,18119,18119,15.39
Parke,IN,18121,18121,14.51
Perry,IN,18123,18123,11.93
Pike,IN,18125,18125,11.73
Porter,IN,18127,18127,9.89
Posey,IN,18129,18129,8.93
Pulaski,IN,18131,18131,12.24
Putnam,IN,18133,18133,11.34
Randolph,IN,18135,18135,14.74
Ripley,IN,18137,18137,11.91
Rush,IN,18139,18139,14.47
St. Joseph,IN,18141,18141,15.52
Scott,IN,18143,18143,14.87
Shelby,IN,18145,18145,11.26
Spencer,IN,18147,18147,9.3
Starke,IN,18149,18149,14.83
Steuben,IN,18151,18151,9.33
Sullivan,IN,18153,18153,12
Switzerland,IN,18155,18155,18.97
Tippecanoe,IN,18157,18157,18.72
Tipton,IN,18159,18159,8.54
Union,IN,18161,18161,7.38
Vanderburgh,IN,18163,18163,16.68
Vermillion,IN,18165,18165,14.95
Vigo,IN,18167,18167,19.06
Wabash,IN,18169,18169,11.53
Warren,IN,18171,18171,11.76
Warrick,IN,18173,18173,6.9
Washington,IN,18175,18175,11.91
Wayne,IN,18177,18177,16.36
Wells,IN,18179,18179,8.42
White,IN,18181,18181,9.23
Whitley,IN,18183,18183,9.66
Adair,IA,19001,19001,10.88
Adams,IA,19003,19003,14.08
Allamakee,IA,19005,19005,10.96
Appanoose,IA,19007,19007,17.65
Audubon,IA,19009,19009,11.67
Benton,IA,19011,19011,8.81
Black Hawk,IA,19013,19013,15.81
Boone,IA,19015,19015,7.61
Bremer,IA,19017,19017,7.39
Buchanan,IA,19019,19019,8.69
Buena Vista,IA,19021,19021,12.93
Butler,IA,19023,19023,10.31
Calhoun,IA,19025,19025,12.57
Carroll,IA,19027,19027,8.58
Cass,IA,19029,19029,13.85
Cedar,IA,19031,19031,6.92
Cerro Gordo,IA,19033,19033,10.15
Cherokee,IA,19035,19035,11.1
Chickasaw,IA,19037,19037,6.69
Clarke,IA,19039,19039,12.91
Clay,IA,19041,19041,10.85
Clayton,IA,19043,19043,11.53
Clinton,IA,19045,19045,13.08
Crawford,IA,19047,19047,17.7
Dallas,IA,19049,19049,5.22
Davis,IA,19051,19051,9.88
Decatur,IA,19053,19053,18.42
Delaware,IA,19055,19055,9.18
Des Moines,IA,19057,19057,16.11
Dickinson,IA,19059,19059,8.24
Dubuque,IA,19061,19061,11.42
Emmet,IA,19063,19063,12.42
Fayette,IA,19065,19065,11.36
Floyd,IA,19067,19067,14.51
Franklin,IA,19069,19069,13.65
Fremont,IA,19071,19071,10.56
Greene,IA,19073,19073,8.28
Grundy,IA,19075,19075,5.6
Guthrie,IA,19077,19077,8.68
Hamilton,IA,19079,19079,9.81
Hancock,IA,19081,19081,10.03
Hardin,IA,19083,19083,9.65
Harrison,IA,19085,19085,9.79
Henry,IA,19087,19087,10.71
Howard,IA,19089,19089,9.01
Humboldt,IA,19091,19091,13.01
Ida,IA,19093,19093,9.61
Iowa,IA,19095,19095,8.74
Jackson,IA,19097,19097,13.09
Jasper,IA,19099,19099,9.04
Jefferson,IA,19101,19101,12.09
Johnson,IA,19103,19103,18.1
Jones,IA,19105,19105,9.04
Keokuk,IA,19107,19107,9.91
Kossuth,IA,19109,19109,10.88
Lee,IA,19111,19111,14.18
Linn,IA,19113,19113,10.2
Louisa,IA,19115,19115,10.15
Lucas,IA,19117,19117,11.8
Lyon,IA,19119,19119,4.64
Madison,IA,19121,19121,5.03
Mahaska,IA,19123,19123,13.67
Marion,IA,19125,19125,7.81
Marshall,IA,19127,19127,12.03
Mills,IA,19129,19129,8.33
Mitchell,IA,19131,19131,6.86
Monona,IA,19133,19133,14.59
Monroe,IA,19135,19135,10.53
Montgomery,IA,19137,19137,11.98
Muscatine,IA,19139,19139,9.63
O'Brien,IA,19141,19141,10.67
Osceola,IA,19143,19143,12.53
Page,IA,19145,19145,11.45
Palo Alto,IA,19147,19147,6.39
Plymouth,IA,19149,19149,9.08
Pocahontas,IA,19151,19151,10.74
Polk,IA,19153,19153,10.4
Pottawattamie,IA,19155,19155,10.73
Poweshiek,IA,19157,19157,9.92
Ringgold,IA,19159,19159,8.7
Sac,IA,19161,19161,9.87
Scott,IA,19163,19163,12.07
Shelby,IA,19165,19165,7.98
Sioux,IA,19167,19167,6.3
Story,IA,19169,19169,20.94
Tama,IA,19171,19171,11.95
Taylor,IA,19173,19173,10.04
Union,IA,19175,19175,14.23
Van Buren,IA,19177,19177,12.82
Wapello,IA,19179,19179,14.94
Warren,IA,19181,19181,8.17
Washington,IA,19183,19183,9.86
Wayne,IA,19185,19185,17.2
Webster,IA,19187,19187,13.73
Winnebago,IA,19189,19189,8.97
Winneshiek,IA,19191,19191,8.22
Woodbury,IA,19193,19193,12.68
Worth,IA,19195,19195,8.62
Wright,IA,19197,19197,11.69
Allen,KS,20001,20001,17.68
Anderson,KS,20003,20003,15.01
Atchison,KS,20005,20005,15.22
Barber,KS,20007,20007,16.39
Barton,KS,20009,20009,15.39
Bourbon,KS,20011,20011,16.1
Brown,KS,20013,20013,13.23
Butler,KS,20015,20015,9.49
Chase,KS,20017,20017,11.77
Chautauqua,KS,20019,20019,18.51
Cherokee,KS,20021,20021,13.1
Cheyenne,KS,20023,20023,9.44
Clark,KS,20025,20025,10.9
Clay,KS,20027,20027,8.09
Cloud,KS,20029,20029,11.35
Coffey,KS,20031,20031,12.4
Comanche,KS,20033,20033,10.52
Cowley,KS,20035,20035,14.13
Crawford,KS,20037,20037,20.34
Decatur,KS,20039,20039,15.58
Dickinson,KS,20041,20041,11.87
Doniphan,KS,20043,20043,13.36
Douglas,KS,20045,20045,18
Edwards,KS,20047,20047,9.96
Elk,KS,20049,20049,17.95
Ellis,KS,20051,20051,15.49
Ellsworth,KS,20053,20053,9.29
Finney,KS,20055,20055,12.35
Ford,KS,20057,20057,14.5
Franklin,KS,20059,20059,9.84
Geary,KS,20061,20061,13.04
Gove,KS,20063,20063,10
Graham,KS,20065,20065,9.84
Grant,KS,20067,20067,11.48
Gray,KS,20069,20069,5.68
Greeley,KS,20071,20071,7.45
Greenwood,KS,20073,20073,13.33
Hamilton,KS,20075,20075,10.5
Harper,KS,20077,20077,16.07
Harvey,KS,20079,20079,9.58
Haskell,KS,20081,20081,10.53
Hodgeman,KS,20083,20083,11.15
Jackson,KS,20085,20085,11.67
Jefferson,KS,20087,20087,7.5
Jewell,KS,20089,20089,17.71
Johnson,KS,20091,20091,5.37
Kearny,KS,20093,20093,19.61
Kingman,KS,20095,20095,7.61
Kiowa,KS,20097,20097,6.72
Labette,KS,20099,20099,18.4
Lane,KS,20101,20101,11.99
Leavenworth,KS,20103,20103,8.51
Lincoln,KS,20105,20105,9.22
Linn,KS,20107,20107,16.33
Logan,KS,20109,20109,8.09
Lyon,KS,20111,20111,16.95
McPherson,KS,20113,20113,8.77
Marion,KS,20115,20115,8.69
Marshall,KS,20117,20117,8.94
Meade,KS,20119,20119,6.51
Miami,KS,20121,20121,6.89
Mitchell,KS,20123,20123,14.78
Montgomery,KS,20125,20125,18.72
Morris,KS,20127,20127,8.99
Morton,KS,20129,20129,10.21
Nemaha,KS,20131,20131,8.77
Neosho,KS,20133,20133,18.79
Ness,KS,20135,20135,10.19
Norton,KS,20137,20137,12.36
Osage,KS,20139,20139,14.27
Osborne,KS,20141,20141,14.82
Ottawa,KS,20143,20143,9.89
Pawnee,KS,20145,20145,6.37
Phillips,KS,20147,20147,9.81
Pottawatomie,KS,20149,20149,8.09
Pratt,KS,20151,20151,11.66
Rawlins,KS,20153,20153,10.97
Reno,KS,20155,20155,12.86
Republic,KS,20157,20157,10.84
Rice,KS,20159,20159,14.23
Riley,KS,20161,20161,22.38
Rooks,KS,20163,20163,7.82
Rush,KS,20165,20165,10.32
Russell,KS,20167,20167,11.14
Saline,KS,20169,20169,11.52
Scott,KS,20171,20171,6.05
Sedgwick,KS,20173,20173,13.72
Seward,KS,20175,20175,16.87
Shawnee,KS,20177,20177,11.44
Sheridan,KS,20179,20179,5.27
Sherman,KS,20181,20181,11.51
Smith,KS,20183,20183,11.26
Stafford,KS,20185,20185,12.52
Stanton,KS,20187,20187,18.3
Stevens,KS,20189,20189,20.01
Sumner,KS,20191,20191,11.84
Thomas,KS,20193,20193,11.96
Trego,KS,20195,20195,6.93
Wabaunsee,KS,20197,20197,4.88
Wallace,KS,20199,20199,9.43
Washington,KS,20201,20201,10.86
Wichita,KS,20203,20203,3.29
Wilson,KS,20205,20205,14.13
Woodson,KS,20207,20207,19.6
Wyandotte,KS,20209,20209,19.18
Adair,KY,21001,21001,20.54
Allen,KY,21003,21003,18.72
Anderson,KY,21005,21005,15.7
Ballard,KY,21007,21007,15.37
Barren,KY,21009,21009,24.22
Bath,KY,21011,21011,20.45
Bell,KY,21013,21013,35.5
Boone,KY,21015,21015,7.18
Bourbon,KY,21017,21017,15.29
Boyd,KY,21019,21019,18.87
Boyle,KY,21021,21021,14.24
Bracken,KY,21023,21023,17.83
Breathitt,KY,21025,21025,34.42
Breckinridge,KY,21027,21027,18.56
Bullitt,KY,21029,21029,9.01
Butler,KY,21031,21031,19.26
Caldwell,KY,21033,21033,16.78
Calloway,KY,21035,21035,21.52
Campbell,KY,21037,21037,13.5
Carlisle,KY,21039,21039,16.85
Carroll,KY,21041,21041,24.08
Carter,KY,21043,21043,25.34
Casey,KY,21045,21045,25.47
Christian,KY,21047,21047,19.59
Clark,KY,21049,21049,14.74
Clay,KY,21051,21051,36.6
Clinton,KY,21053,21053,24.14
Crittenden,KY,21055,21055,14.49
Cumberland,KY,21057,21057,21.37
Daviess,KY,21059,21059,16.58
Edmonson,KY,21061,21061,18.17
Elliott,KY,21063,21063,30.58
Estill,KY,21065,21065,30.85
Fayette,KY,21067,21067,16.81
Fleming,KY,21069,21069,19.89
Floyd,KY,21071,21071,30.67
Franklin,KY,21073,21073,12.36
Fulton,KY,21075,21075,28.24
Gallatin,KY,21077,21077,14.79
Garrard,KY,21079,21079,15.73
Grant,KY,21081,21081,16.4
Graves,KY,21083,21083,19.6
Grayson,KY,21085,21085,25.42
Green,KY,21087,21087,18.05
Greenup,KY,21089,21089,16.86
Hancock,KY,21091,21091,11.75
Hardin,KY,21093,21093,13.24
Harlan,KY,21095,21095,35.98
Harrison,KY,21097,21097,17.56
Hart,KY,21099,21099,21.49
Henderson,KY,21101,21101,18.55
Henry,KY,21103,21103,18.26
Hickman,KY,21105,21105,14.85
Hopkins,KY,21107,21107,19.35
Jackson,KY,21109,21109,32.02
Jefferson,KY,21111,21111,14.24
Jessamine,KY,21113,21113,16.94
Johnson,KY,21115,21115,22.68
Kenton,KY,21117,21117,11.48
Knott,KY,21119,21119,31.23
Knox,KY,21121,21121,33.24
Larue,KY,21123,21123,14.64
Laurel,KY,21125,21125,23.2
Lawrence,KY,21127,21127,26.51
Lee,KY,21129,21129,34.6
Leslie,KY,21131,21131,38
Letcher,KY,21133,21133,33.65
Lewis,KY,21135,21135,24.41
Lincoln,KY,21137,21137,21.26
Livingston,KY,21139,21139,14.57
Logan,KY,21141,21141,16.98
Lyon,KY,21143,21143,15.8
McCracken,KY,21145,21145,15.78
McCreary,KY,21147,21147,33.43
McLean,KY,21149,21149,16.07
Madison,KY,21151,21151,18.89
Magoffin,KY,21153,21153,28.29
Marion,KY,21155,21155,23.05
Marshall,KY,21157,21157,10.41
Martin,KY,21159,21159,19.97
Mason,KY,21161,21161,17.79
Meade,KY,21163,21163,12.14
Menifee,KY,21165,21165,23.71
Mercer,KY,21167,21167,14.18
Metcalfe,KY,21169,21169,23.2
Monroe,KY,21171,21171,23.79
Montgomery,KY,21173,21173,18.25
Morgan,KY,21175,21175,22.75
Muhlenberg,KY,21177,21177,15.17
Nelson,KY,21179,21179,9.21
Nicholas,KY,21181,21181,28.05
Ohio,KY,21183,21183,18.88
Oldham,KY,21185,21185,5.88
Owen,KY,21187,21187,19.09
Owsley,KY,21189,21189,30.32
Pendleton,KY,21191,21191,17.8
Perry,KY,21193,21193,26.11
Pike,KY,21195,21195,24.94
Powell,KY,21197,21197,21.39
Pulaski,KY,21199,21199,22.71
Robertson,KY,21201,21201,27.12
Rockcastle,KY,21203,21203,19.99
Rowan,KY,21205,21205,27.92
Russell,KY,21207,21207,23.23
Scott,KY,21209,21209,11.55
Shelby,KY,21211,21211,11.22
Simpson,KY,21213,21213,15.64
Spencer,KY,21215,21215,9.74
Taylor,KY,21217,21217,17.89
Todd,KY,21219,21219,18.71
Trigg,KY,21221,21221,11.76
Trimble,KY,21223,21223,17.27
Union,KY,21225,21225,20.43
Warren,KY,21227,21227,16.79
Washington,KY,21229,21229,15.24
Wayne,KY,21231,21231,25.26
Webster,KY,21233,21233,22.95
Whitley,KY,21235,21235,23.55
Wolfe,KY,21237,21237,29.2
Woodford,KY,21239,21239,13.02
Acadia,LA,22001,22001,24.18
Allen,LA,22003,22003,14.54
Ascension,LA,22005,22005,10.61
Assumption,LA,22007,22007,19.18
Avoyelles,LA,22009,22009,24.36
Beauregard,LA,22011,22011,15.51
Bienville,LA,22013,22013,28.42
Bossier,LA,22015,22015,17.23
Caddo,LA,22017,22017,23.33
Calcasieu,LA,22019,22019,17.3
Caldwell,LA,22021,22021,25.14
Cameron,LA,22023,22023,9.88
Catahoula,LA,22025,22025,22.14
Claiborne,LA,22027,22027,33.58
Concordia,LA,22029,22029,25.05
De Soto,LA,22031,22031,21.95
East Baton Rouge,LA,22033,22033,18.03
East Carroll,LA,22035,22035,44.6
East Feliciana,LA,22037,22037,17.47
Evangeline,LA,22039,22039,28.66
Franklin,LA,22041,22041,28.97
Grant,LA,22043,22043,18.81
Iberia,LA,22045,22045,22.12
Iberville,LA,22047,22047,18.24
Jackson,LA,22049,22049,22.83
Jefferson,LA,22051,22051,15.48
Jefferson Davis,LA,22053,22053,19.09
Lafayette,LA,22055,22055,17.32
Lafourche,LA,22057,22057,15.58
La Salle,LA,22059,22059,20.01
Lincoln,LA,22061,22061,30.35
Livingston,LA,22063,22063,12.42
Madison,LA,22065,22065,36.45
Morehouse,LA,22067,22067,28.29
Natchitoches,LA,22069,22069,32.3
Orleans,LA,22071,22071,23.65
Ouachita,LA,22073,22073,24.71
Plaquemines,LA,22075,22075,18.2
Pointe Coupee,LA,22077,22077,20.93
Rapides,LA,22079,22079,19.57
Red River,LA,22081,22081,25.33
Richland,LA,22083,22083,30.46
Sabine,LA,22085,22085,18.59
St. Bernard,LA,22087,22087,21.11
St. Charles,LA,22089,22089,11.25
St. Helena,LA,22091,22091,18.38
St. James,LA,22093,22093,17.05
St. John the Baptist,LA,22095,22095,17.43
St. Landry,LA,22097,22097,26.2
St. Martin,LA,22099,22099,18.85
St. Mary,LA,22101,22101,19.73
St. Tammany,LA,22103,22103,11.47
Tangipahoa,LA,22105,22105,21.45
Tensas,LA,22107,22107,34.74
Terrebonne,LA,22109,22109,20.6
Union,LA,22111,22111,17.29
Vermilion,LA,22113,22113,17.6
Vernon,LA,22115,22115,17.25
Washington,LA,22117,22117,24.39
Webster,LA,22119,22119,29.83
West Baton Rouge,LA,22121,22121,12.46
West Carroll,LA,22123,22123,21.92
West Feliciana,LA,22125,22125,11.96
Winn,LA,22127,22127,18.68
Androscoggin,ME,23001,23001,11.78
Aroostook,ME,23003,23003,16.09
Cumberland,ME,23005,23005,9.04
Franklin,ME,23007,23007,11.52
Hancock,ME,23009,23009,10.82
Kennebec,ME,23011,23011,12.81
Knox,ME,23013,23013,9.86
Lincoln,ME,23015,23015,12.31
Oxford,ME,23017,23017,15.15
Penobscot,ME,23019,23019,14.81
Piscataquis,ME,23021,23021,18.53
Sagadahoc,ME,23023,23023,9.64
Somerset,ME,23025,23025,20.36
Waldo,ME,23027,23027,13.48
Washington,ME,23029,23029,18.92
York,ME,23031,23031,7.43
Allegany,MD,24001,24001,16.55
Anne Arundel,MD,24003,24003,5.79
Baltimore,MD,24005,24005,9.05
Calvert,MD,24009,24009,4.61
Caroline,MD,24011,24011,13.88
Carroll,MD,24013,24013,5.21
Cecil,MD,24015,24015,9.79
Charles,MD,24017,24017,6.33
Dorchester,MD,24019,24019,15.81
Frederick,MD,24021,24021,6.84
Garrett,MD,24023,24023,10.4
Harford,MD,24025,24025,7.18
Howard,MD,24027,24027,5
Kent,MD,24029,24029,11.52
Montgomery,MD,24031,24031,6.83
Prince George's,MD,24033,24033,8.48
Queen Anne's,MD,24035,24035,5.75
St. Mary's,MD,24037,24037,8.08
Somerset,MD,24039,24039,21.67
Talbot,MD,24041,24041,8.66
Washington,MD,24043,24043,12.25
Wicomico,MD,24045,24045,15.39
Worcester,MD,24047,24047,9.05
Baltimore City,MD,24510,24510,21.21
Barnstable,MA,25001,25001,6.43
Berkshire,MA,25003,25003,10.89
Bristol,MA,25005,25005,11.33
Dukes,MA,25007,25007,7.57
Essex,MA,25009,25009,10.36
Franklin,MA,25011,25011,9.7
Hampden,MA,25013,25013,16.39
Hampshire,MA,25015,25015,12.16
Middlesex,MA,25017,25017,7.44
Nantucket,MA,25019,25019,8.71
Norfolk,MA,25021,25021,6.32
Plymouth,MA,25023,25023,7.38
Suffolk,MA,25025,25025,18.19
Worcester,MA,25027,25027,10.12
Alcona,MI,26001,26001,17.02
Alger,MI,26003,26003,11.16
Allegan,MI,26005,26005,10.36
Alpena,MI,26007,26007,14.29
Antrim,MI,26009,26009,11.02
Arenac,MI,26011,26011,17.14
Baraga,MI,26013,26013,14.82
Barry,MI,26015,26015,7.74
Bay,MI,26017,26017,15.81
Benzie,MI,26019,26019,9.48
Berrien,MI,26021,26021,16.14
Branch,MI,26023,26023,15.81
Calhoun,MI,26025,26025,16.43
Cass,MI,26027,26027,12.08
Charlevoix,MI,26029,26029,10.11
Cheboygan,MI,26031,26031,14.88
Chippewa,MI,26033,26033,18.4
Clare,MI,26035,26035,22.72
Clinton,MI,26037,26037,8.82
Crawford,MI,26039,26039,16.28
Delta,MI,26041,26041,12.93
Dickinson,MI,26043,26043,11.75
Eaton,MI,26045,26045,10.15
Emmet,MI,26047,26047,9.14
Genesee,MI,26049,26049,18.94
Gladwin,MI,26051,26051,16.9
Gogebic,MI,26053,26053,17.01
Grand Traverse,MI,26055,26055,9.64
Gratiot,MI,26057,26057,16.74
Hillsdale,MI,26059,26059,16.22
Houghton,MI,26061,26061,20.15
Huron,MI,26063,26063,13.04
Ingham,MI,26065,26065,19.62
Ionia,MI,26067,26067,11.8
Iosco,MI,26069,26069,15.21
Iron,MI,26071,26071,13.09
Isabella,MI,26073,26073,26.01
Jackson,MI,26075,26075,13.78
Kalamazoo,MI,26077,26077,14.95
Kalkaska,MI,26079,26079,16.67
Kent,MI,26081,26081,11.72
Keweenaw,MI,26083,26083,10.61
Lake,MI,26085,26085,20.99
Lapeer,MI,26087,26087,10.08
Leelanau,MI,26089,26089,6.11
Lenawee,MI,26091,26091,11.37
Livingston,MI,26093,26093,5.21
Luce,MI,26095,26095,16.99
Mackinac,MI,26097,26097,16.36
Macomb,MI,26099,26099,10.56
Manistee,MI,26101,26101,11.47
Marquette,MI,26103,26103,15.65
Mason,MI,26105,26105,15.05
Mecosta,MI,26107,26107,21.23
Menominee,MI,26109,26109,12.75
Midland,MI,26111,26111,10.43
Missaukee,MI,26113,26113,14.23
Monroe,MI,26115,26115,11.12
Montcalm,MI,26117,26117,14.35
Montmorency,MI,26119,26119,16.55
Muskegon,MI,26121,26121,15.46
Newaygo,MI,26123,26123,16.62
Oakland,MI,26125,26125,8.18
Oceana,MI,26127,26127,14.98
Ogemaw,MI,26129,26129,17.1
Ontonagon,MI,26131,26131,13.66
Osceola,MI,26133,26133,17.93
Oscoda,MI,26135,26135,16.18
Otsego,MI,26137,26137,13.73
Ottawa,MI,26139,26139,8.52
Presque Isle,MI,26141,26141,13.09
Roscommon,MI,26143,26143,16.72
Saginaw,MI,26145,26145,17.99
St. Clair,MI,26147,26147,12.68
St. Joseph,MI,26149,26149,14.85
Sanilac,MI,26151,26151,15.12
Schoolcraft,MI,26153,26153,16.66
Shiawassee,MI,26155,26155,10.26
Tuscola,MI,26157,26157,14.22
Van Buren,MI,26159,26159,14.85
Washtenaw,MI,26161,26161,13.98
Wayne,MI,26163,26163,22.31
Wexford,MI,26165,26165,14.2
Aitkin,MN,27001,27001,12.16
Anoka,MN,27003,27003,5.89
Becker,MN,27005,27005,11
Beltrami,MN,27007,27007,18.89
Benton,MN,27009,27009,10.32
Big Stone,MN,27011,27011,10.12
Blue Earth,MN,27013,27013,17.61
Brown,MN,27015,27015,6.94
Carlton,MN,27017,27017,11.29
Carver,MN,27019,27019,4.09
Cass,MN,27021,27021,13.56
Chippewa,MN,27023,27023,9.34
Chisago,MN,27025,27025,5.97
Clay,MN,27027,27027,12.26
Clearwater,MN,27029,27029,14.62
Cook,MN,27031,27031,12.59
Cottonwood,MN,27033,27033,10.97
Crow Wing,MN,27035,27035,10.77
Dakota,MN,27037,27037,6.05
Dodge,MN,27039,27039,5.14
Douglas,MN,27041,27041,7.6
Faribault,MN,27043,27043,11.49
Fillmore,MN,27045,27045,10.74
Freeborn,MN,27047,27047,11.01
Goodhue,MN,27049,27049,9.33
Grant,MN,27051,27051,9.65
Hennepin,MN,27053,27053,10.45
Houston,MN,27055,27055,7.9
Hubbard,MN,27057,27057,11.82
Isanti,MN,27059,27059,7.32
Itasca,MN,27061,27061,12.19
Jackson,MN,27063,27063,7.86
Kanabec,MN,27065,27065,9.98
Kandiyohi,MN,27067,27067,10.51
Kittson,MN,27069,27069,11.23
Koochiching,MN,27071,27071,13.61
Lac qui Parle,MN,27073,27073,8.32
Lake,MN,27075,27075,8.71
Lake of the Woods,MN,27077,27077,10.75
Le Sueur,MN,27079,27079,8.54
Lincoln,MN,27081,27081,10.88
Lyon,MN,27083,27083,14.14
McLeod,MN,27085,27085,8.51
Mahnomen,MN,27087,27087,23.26
Marshall,MN,27089,27089,6.88
Martin,MN,27091,27091,13.73
Meeker,MN,27093,27093,6.72
Mille Lacs,MN,27095,27095,12.37
Morrison,MN,27097,27097,10.18
Mower,MN,27099,27099,13.51
Murray,MN,27101,27101,7.13
Nicollet,MN,27103,27103,9.87
Nobles,MN,27105,27105,13.55
Norman,MN,27107,27107,8.85
Olmsted,MN,27109,27109,8.43
Otter Tail,MN,27111,27111,9.32
Pennington,MN,27113,27113,10.99
Pine,MN,27115,27115,11.04
Pipestone,MN,27117,27117,11.69
Polk,MN,27119,27119,11.76
Pope,MN,27121,27121,7.18
Ramsey,MN,27123,27123,13.97
Red Lake,MN,27125,27125,10.45
Redwood,MN,27127,27127,10.12
Renville,MN,27129,27129,9.98
Rice,MN,27131,27131,9.16
Rock,MN,27133,27133,9.01
Roseau,MN,27135,27135,8.09
St. Louis,MN,27137,27137,14.07
Scott,MN,27139,27139,5.51
Sherburne,MN,27141,27141,6.42
Sibley,MN,27143,27143,7.94
Stearns,MN,27145,27145,12.9
Steele,MN,27147,27147,8.94
Stevens,MN,27149,27149,12.41
Swift,MN,27151,27151,12.52
Todd,MN,27153,27153,11.87
Traverse,MN,27155,27155,9.89
Wabasha,MN,27157,27157,7.74
Wadena,MN,27159,27159,14.33
Waseca,MN,27161,27161,9.71
Washington,MN,27163,27163,4.29
Watonwan,MN,27165,27165,13.39
Wilkin,MN,27167,27167,9.18
Winona,MN,27169,27169,12.9
Wright,MN,27171,27171,4.61
Yellow Medicine,MN,27173,27173,11.78
Adams,MS,28001,28001,31.55
Alcorn,MS,28003,28003,15
Amite,MS,28005,28005,26.68
Attala,MS,28007,28007,26.68
Benton,MS,28009,28009,20.26
Bolivar,MS,28011,28011,34.95
Calhoun,MS,28013,28013,21.57
Carroll,MS,28015,28015,17.02
Chickasaw,MS,28017,28017,20.57
Choctaw,MS,28019,28019,19.86
Claiborne,MS,28021,28021,41.05
Clarke,MS,28023,28023,19.12
Clay,MS,28025,28025,25.54
Coahoma,MS,28027,28027,34.76
Copiah,MS,28029,28029,24
Covington,MS,28031,28031,24.17
DeSoto,MS,28033,28033,9.17
Forrest,MS,28035,28035,25.95
Franklin,MS,28037,28037,15.09
George,MS,28039,28039,17.24
Greene,MS,28041,28041,18.42
Grenada,MS,28043,28043,21.07
Hancock,MS,28045,28045,18.47
Harrison,MS,28047,28047,20.09
Hinds,MS,28049,28049,21.28
Holmes,MS,28051,28051,42.35
Humphreys,MS,28053,28053,36.39
Issaquena,MS,28055,28055,36.03
Itawamba,MS,28057,28057,13.51
Jackson,MS,28059,28059,16.18
Jasper,MS,28061,28061,22.29
Jefferson,MS,28063,28063,37.64
Jefferson Davis,MS,28065,28065,24.93
Jones,MS,28067,28067,21.68
Kemper,MS,28069,28069,28.53
Lafayette,MS,28071,28071,22.07
Lamar,MS,28073,28073,18.26
Lauderdale,MS,28075,28075,20.82
Lawrence,MS,28077,28077,18.65
Leake,MS,28079,28079,26.41
Lee,MS,28081,28081,14.61
Leflore,MS,28083,28083,36.75
Lincoln,MS,28085,28085,21
Lowndes,MS,28087,28087,20.44
Madison,MS,28089,28089,9.61
Marion,MS,28091,28091,25.52
Marshall,MS,28093,28093,18.84
Monroe,MS,28095,28095,17.45
Montgomery,MS,28097,28097,27.11
Neshoba,MS,28099,28099,25.65
Newton,MS,28101,28101,25.63
Noxubee,MS,28103,28103,32.46
Oktibbeha,MS,28105,28105,30.15
Panola,MS,28107,28107,20.29
Pearl River,MS,28109,28109,17.1
Perry,MS,28111,28111,19.02
Pike,MS,28113,28113,33
Pontotoc,MS,28115,28115,16.16
Prentiss,MS,28117,28117,21.89
Quitman,MS,28119,28119,35.61
Rankin,MS,28121,28121,8.31
Scott,MS,28123,28123,25.53
Sharkey,MS,28125,28125,27.38
Simpson,MS,28127,28127,19.36
Smith,MS,28129,28129,18.89
Stone,MS,28131,28131,19.79
Sunflower,MS,28133,28133,31.72
Tallahatchie,MS,28135,28135,31.69
Tate,MS,28137,28137,18.07
Tippah,MS,28139,28139,19.97
Tishomingo,MS,28141,28141,19.74
Tunica,MS,28143,28143,23.99
Union,MS,28145,28145,15.11
Walthall,MS,28147,28147,23.99
Warren,MS,28149,28149,20.63
Washington,MS,28151,28151,33.88
Wayne,MS,28153,28153,20.48
Webster,MS,28155,28155,22.21
Wilkinson,MS,28157,28157,34.67
Winston,MS,28159,28159,23.09
Yalobusha,MS,28161,28161,18.37
Yazoo,MS,28163,28163,31.83
Adair,MO,29001,29001,23.82
Andrew,MO,29003,29003,7.89
Atchison,MO,29005,29005,12.07
Audrain,MO,29007,29007,15.06
Barry,MO,29009,29009,21.06
Barton,MO,29011,29011,20.3
Bates,MO,29013,29013,11.98
Benton,MO,29015,29015,17.75
Bollinger,MO,29017,29017,15.16
Boone,MO,29019,29019,17.91
Buchanan,MO,29021,29021,17.22
Butler,MO,29023,29023,23.73
Caldwell,MO,29025,29025,15.86
Callaway,MO,29027,29027,10.64
Camden,MO,29029,29029,14.76
Cape Girardeau,MO,29031,29031,16.38
Carroll,MO,29033,29033,14.5
Carter,MO,29035,29035,13.35
Cass,MO,29037,29037,8.97
Cedar,MO,29039,29039,15.76
Chariton,MO,29041,29041,13.99
Christian,MO,29043,29043,9.96
Clark,MO,29045,29045,14.95
Clay,MO,29047,29047,8.17
Clinton,MO,29049,29049,8.87
Cole,MO,29051,29051,10.35
Cooper,MO,29053,29053,12.08
Crawford,MO,29055,29055,18.48
Dade,MO,29057,29057,21.51
Dallas,MO,29059,29059,13.35
Daviess,MO,29061,29061,14.55
DeKalb,MO,29063,29063,12.19
Dent,MO,29065,29065,22.41
Douglas,MO,29067,29067,20.39
Dunklin,MO,29069,29069,25.7
Franklin,MO,29071,29071,10.46
Gasconade,MO,29073,29073,8.99
Gentry,MO,29075,29075,14.81
Greene,MO,29077,29077,16.4
Grundy,MO,29079,29079,17.3
Harrison,MO,29081,29081,16.55
Henry,MO,29083,29083,21.12
Hickory,MO,29085,29085,17.26
Holt,MO,29087,29087,10.07
Howard,MO,29089,29089,14.15
Howell,MO,29091,29091,22.27
Iron,MO,29093,29093,22.3
Jackson,MO,29095,29095,14.65
Jasper,MO,29097,29097,17.1
Jefferson,MO,29099,29099,9.58
Johnson,MO,29101,29101,14.48
Knox,MO,29103,29103,18.79
Laclede,MO,29105,29105,15.01
Lafayette,MO,29107,29107,12.56
Lawrence,MO,29109,29109,16.85
Lewis,MO,29111,29111,18.61
Lincoln,MO,29113,29113,11.02
Linn,MO,29115,29115,15.39
Livingston,MO,29117,29117,16.23
McDonald,MO,29119,29119,18.58
Macon,MO,29121,29121,12.8
Madison,MO,29123,29123,14.25
Maries,MO,29125,29125,16.99
Marion,MO,29127,29127,17.26
Mercer,MO,29129,29129,10.09
Miller,MO,29131,29131,16.87
Mississippi,MO,29133,29133,25.27
Moniteau,MO,29135,29135,12.01
Monroe,MO,29137,29137,13.45
Montgomery,MO,29139,29139,16.27
Morgan,MO,29141,29141,23.32
New Madrid,MO,29143,29143,22.2
Newton,MO,29145,29145,13.5
Nodaway,MO,29147,29147,22.03
Oregon,MO,29149,29149,23.77
Osage,MO,29151,29151,7.39
Ozark,MO,29153,29153,29.57
Pemiscot,MO,29155,29155,27.39
Perry,MO,29157,29157,7.39
Pettis,MO,29159,29159,16.37
Phelps,MO,29161,29161,20.62
Pike,MO,29163,29163,15.14
Platte,MO,29165,29165,6.22
Polk,MO,29167,29167,16.46
Pulaski,MO,29169,29169,15.09
Putnam,MO,29171,29171,16.96
Ralls,MO,29173,29173,13.68
Randolph,MO,29175,29175,16.37
Ray,MO,29177,29177,11.86
Reynolds,MO,29179,29179,19.44
Ripley,MO,29181,29181,25.39
St. Charles,MO,29183,29183,5.18
St. Clair,MO,29185,29185,17.12
Ste. Genevieve,MO,29186,29186,11.54
St. Francois,MO,29187,29187,15.52
St. Louis,MO,29189,29189,9.74
Saline,MO,29195,29195,16.24
Schuyler,MO,29197,29197,17.78
Scotland,MO,29199,29199,13.31
Scott,MO,29201,29201,19.83
Shannon,MO,29203,29203,27.45
Shelby,MO,29205,29205,16.19
Stoddard,MO,29207,29207,18.24
Stone,MO,29209,29209,12.92
Sullivan,MO,29211,29211,16.93
Taney,MO,29213,29213,14.69
Texas,MO,29215,29215,25.32
Vernon,MO,29217,29217,14.77
Warren,MO,29219,29219,13.41
Washington,MO,29221,29221,20.13
Wayne,MO,29223,29223,24.14
Webster,MO,29225,29225,17.85
Worth,MO,29227,29227,13.74
Wright,MO,29229,29229,24.24
St. Louis City,MO,29510,29510,21.83
Beaverhead,MT,30001,30001,17.67
Big Horn,MT,30003,30003,25.51
Blaine,MT,30005,30005,30.46
Broadwater,MT,30007,30007,8.51
Carbon,MT,30009,30009,9.65
Carter,MT,30011,30011,13.08
Cascade,MT,30013,30013,13.3
Chouteau,MT,30015,30015,17.09
Custer,MT,30017,30017,11.5
Daniels,MT,30019,30019,4.81
Dawson,MT,30021,30021,11.12
Deer Lodge,MT,30023,30023,20.24
Fallon,MT,30025,30025,8.88
Fergus,MT,30027,30027,15.83
Flathead,MT,30029,30029,10.94
Gallatin,MT,30031,30031,11.3
Garfield,MT,30033,30033,5.98
Glacier,MT,30035,30035,31.05
Golden Valley,MT,30037,30037,16.62
Granite,MT,30039,30039,7.86
Hill,MT,30041,30041,18.58
Jefferson,MT,30043,30043,7.81
Judith Basin,MT,30045,30045,12.69
Lake,MT,30047,30047,19.43
Lewis and Clark,MT,30049,30049,10.37
Liberty,MT,30051,30051,16.18
Lincoln,MT,30053,30053,17.38
McCone,MT,30055,30055,6.19
Madison,MT,30057,30057,8.42
Meagher,MT,30059,30059,11.86
Mineral,MT,30061,30061,18.63
Missoula,MT,30063,30063,14.27
Musselshell,MT,30065,30065,12.66
Park,MT,30067,30067,12.61
Petroleum,MT,30069,30069,9.34
Phillips,MT,30071,30071,12.36
Pondera,MT,30073,30073,19.28
Powder River,MT,30075,30075,12.83
Powell,MT,30077,30077,11.69
Prairie,MT,30079,30079,13.3
Ravalli,MT,30081,30081,12.33
Richland,MT,30083,30083,5.82
Roosevelt,MT,30085,30085,28.34
Rosebud,MT,30087,30087,17.04
Sanders,MT,30089,30089,15.93
Sheridan,MT,30091,30091,10.07
Silver Bow,MT,30093,30093,17.41
Stillwater,MT,30095,30095,7.21
Sweet Grass,MT,30097,30097,5.75
Teton,MT,30099,30099,13.29
Toole,MT,30101,30101,12.28
Treasure,MT,30103,30103,17.22
Valley,MT,30105,30105,11.12
Wheatland,MT,30107,30107,15.35
Wibaux,MT,30109,30109,12.07
Yellowstone,MT,30111,30111,9.79
Adams,NE,31001,31001,12.51
Antelope,NE,31003,31003,11.08
Arthur,NE,31005,31005,13.35
Banner,NE,31007,31007,5.84
Blaine,NE,31009,31009,13
Boone,NE,31011,31011,5.84
Box Butte,NE,31013,31013,14.08
Boyd,NE,31015,31015,9.06
Brown,NE,31017,31017,12.99
Buffalo,NE,31019,31019,13.5
Burt,NE,31021,31021,12.3
Butler,NE,31023,31023,7.2
Cass,NE,31025,31025,6.82
Cedar,NE,31027,31027,7.16
Chase,NE,31029,31029,9.67
Cherry,NE,31031,31031,7.83
Cheyenne,NE,31033,31033,9.57
Clay,NE,31035,31035,10.53
Colfax,NE,31037,31037,12.7
Cuming,NE,31039,31039,6.9
Custer,NE,31041,31041,11.5
Dakota,NE,31043,31043,16.23
Dawes,NE,31045,31045,14.7
Dawson,NE,31047,31047,12.66
Deuel,NE,31049,31049,8.77
Dixon,NE,31051,31051,9.46
Dodge,NE,31053,31053,12.53
Douglas,NE,31055,31055,12.03
Dundy,NE,31057,31057,10.58
Fillmore,NE,31059,31059,8.82
Franklin,NE,31061,31061,14.57
Frontier,NE,31063,31063,8.95
Furnas,NE,31065,31065,11.04
Gage,NE,31067,31067,10.66
Garden,NE,31069,31069,7.72
Garfield,NE,31071,31071,9.2
Gosper,NE,31073,31073,5.44
Grant,NE,31075,31075,15.89
Greeley,NE,31077,31077,10.18
Hall,NE,31079,31079,11.79
Hamilton,NE,31081,31081,5.17
Harlan,NE,31083,31083,10.52
Hayes,NE,31085,31085,11.09
Hitchcock,NE,31087,31087,11.27
Holt,NE,31089,31089,7.83
Hooker,NE,31091,31091,15.33
Howard,NE,31093,31093,7.91
Jefferson,NE,31095,31095,11.24
Johnson,NE,31097,31097,8.54
Kearney,NE,31099,31099,9.89
Keith,NE,31101,31101,12.45
Keya Paha,NE,31103,31103,7.5
Kimball,NE,31105,31105,10.84
Knox,NE,31107,31107,9.29
Lancaster,NE,31109,31109,12.51
Lincoln,NE,31111,31111,9.9
Logan,NE,31113,31113,11.33
Loup,NE,31115,31115,8.6
McPherson,NE,31117,31117,17.22
Madison,NE,31119,31119,14.9
Merrick,NE,31121,31121,12
Morrill,NE,31123,31123,8.74
Nance,NE,31125,31125,11.4
Nemaha,NE,31127,31127,11.57
Nuckolls,NE,31129,31129,11.23
Otoe,NE,31131,31131,11
Pawnee,NE,31133,31133,18.85
Perkins,NE,31135,31135,5.03
Phelps,NE,31137,31137,9.56
Pierce,NE,31139,31139,7.97
Platte,NE,31141,31141,8.67
Polk,NE,31143,31143,7.66
Red Willow,NE,31145,31145,11.75
Richardson,NE,31147,31147,12.24
Rock,NE,31149,31149,5.31
Saline,NE,31151,31151,15.27
Sarpy,NE,31153,31153,5.95
Saunders,NE,31155,31155,8.14
Scotts Bluff,NE,31157,31157,13.56
Seward,NE,31159,31159,6.49
Sheridan,NE,31161,31161,17.14
Sherman,NE,31163,31163,12.41
Sioux,NE,31165,31165,8.53
Stanton,NE,31167,31167,6.21
Thayer,NE,31169,31169,9.71
Thomas,NE,31171,31171,8.37
Thurston,NE,31173,31173,25.52
Valley,NE,31175,31175,9.41
Washington,NE,31177,31177,7.92
Wayne,NE,31179,31179,12.23
Webster,NE,31181,31181,10.79
Wheeler,NE,31183,31183,13.15
York,NE,31185,31185,9.77
Churchill,NV,32001,32001,13.16
Clark,NV,32003,32003,13.7
Douglas,NV,32005,32005,8.72
Elko,NV,32007,32007,11.71
Esmeralda,NV,32009,32009,8.93
Eureka,NV,32011,32011,7.98
Humboldt,NV,32013,32013,13.28
Lander,NV,32015,32015,9.7
Lincoln,NV,32017,32017,5.5
Lyon,NV,32019,32019,11.63
Mineral,NV,32021,32021,19.85
Nye,NV,32023,32023,16.37
Pershing,NV,32027,32027,12.01
Storey,NV,32029,32029,8.16
Washoe,NV,32031,32031,11.26
White Pine,NV,32033,32033,13.62
Carson City,NV,32510,32510,11.34
Belknap,NH,33001,33001,8.64
Carroll,NH,33003,33003,8.99
Cheshire,NH,33005,33005,8.98
Coos,NH,33007,33007,12.51
Grafton,NH,33009,33009,9.57
Hillsborough,NH,33011,33011,7.77
Merrimack,NH,33013,33013,6.53
Rockingham,NH,33015,33015,4.64
Strafford,NH,33017,33017,9.47
Sullivan,NH,33019,33019,11.65
Atlantic,NJ,34001,34001,13.33
Bergen,NJ,34003,34003,6.65
Burlington,NJ,34005,34005,6.15
Camden,NJ,34007,34007,12.24
Cape May,NJ,34009,34009,9.76
Cumberland,NJ,34011,34011,16.49
Essex,NJ,34013,34013,15.8
Gloucester,NJ,34015,34015,7.43
Hudson,NJ,34017,34017,15.25
Hunterdon,NJ,34019,34019,4.52
Mercer,NJ,34021,34021,11.64
Middlesex,NJ,34023,34023,8.49
Monmouth,NJ,34025,34025,6.94
Morris,NJ,34027,34027,4.78
Ocean,NJ,34029,34029,10.09
Passaic,NJ,34031,34031,15.69
Salem,NJ,34033,34033,12.41
Somerset,NJ,34035,34035,5.14
Sussex,NJ,34037,34037,4.94
Union,NJ,34039,34039,9.5
Warren,NJ,34041,34041,7.56
Bernalillo,NM,35001,35001,16.69
Catron,NM,35003,35003,16.45
Chaves,NM,35005,35005,19.44
Cibola,NM,35006,35006,26.13
Colfax,NM,35007,35007,20.01
Curry,NM,35009,35009,20.93
De Baca,NM,35011,35011,16.03
Doa Ana,NM,35013,35013,26.42
Eddy,NM,35015,35015,14.63
Grant,NM,35017,35017,23.96
Guadalupe,NM,35019,35019,15.37
Harding,NM,35021,35021,14.29
Hidalgo,NM,35023,35023,25.79
Lea,NM,35025,35025,15.82
Lincoln,NM,35027,35027,10.57
Los Alamos,NM,35028,35028,4.36
Luna,NM,35029,35029,27.68
McKinley,NM,35031,35031,34.82
Mora,NM,35033,35033,19.97
Otero,NM,35035,35035,22.1
Quay,NM,35037,35037,20.37
Rio Arriba,NM,35039,35039,24.05
Roosevelt,NM,35041,35041,24.91
Sandoval,NM,35043,35043,12.75
San Juan,NM,35045,35045,20.96
San Miguel,NM,35047,35047,28.24
Santa Fe,NM,35049,35049,12.81
Sierra,NM,35051,35051,26.65
Socorro,NM,35053,35053,29.68
Taos,NM,35055,35055,18.34
Torrance,NM,35057,35057,23.7
Union,NM,35059,35059,19.41
Valencia,NM,35061,35061,16.88
Albany,NY,36001,36001,11.87
Allegany,NY,36003,36003,16.88
Bronx,NY,36005,36005,28.01
Broome,NY,36007,36007,17.41
Cattaraugus,NY,36009,36009,16.5
Cayuga,NY,36011,36011,12.1
Chautauqua,NY,36013,36013,18.2
Chemung,NY,36015,36015,13.87
Chenango,NY,36017,36017,13.53
Clinton,NY,36019,36019,15
Columbia,NY,36021,36021,11.57
Cortland,NY,36023,36023,16.4
Delaware,NY,36025,36025,16.58
Dutchess,NY,36027,36027,9.04
Erie,NY,36029,36029,14.2
Essex,NY,36031,36031,9.87
Franklin,NY,36033,36033,17.78
Fulton,NY,36035,36035,14.9
Genesee,NY,36037,36037,10.87
Greene,NY,36039,36039,13.99
Hamilton,NY,36041,36041,9.89
Herkimer,NY,36043,36043,13.64
Jefferson,NY,36045,36045,14.02
Kings,NY,36047,36047,19.95
Lewis,NY,36049,36049,13.48
Livingston,NY,36051,36051,13.18
Madison,NY,36053,36053,9.78
Monroe,NY,36055,36055,14.39
Montgomery,NY,36057,36057,19.77
Nassau,NY,36059,36059,5.56
New York,NY,36061,36061,15.83
Niagara,NY,36063,36063,13.46
Oneida,NY,36065,36065,15.47
Onondaga,NY,36067,36067,14.11
Ontario,NY,36069,36069,8.66
Orange,NY,36071,36071,11.65
Orleans,NY,36073,36073,13.72
Oswego,NY,36075,36075,17
Otsego,NY,36077,36077,14.87
Putnam,NY,36079,36079,4.98
Queens,NY,36081,36081,12.23
Rensselaer,NY,36083,36083,11.71
Richmond,NY,36085,36085,11.65
Rockland,NY,36087,36087,13.87
St. Lawrence,NY,36089,36089,17.87
Saratoga,NY,36091,36091,5.84
Schenectady,NY,36093,36093,11.45
Schoharie,NY,36095,36095,12.1
Schuyler,NY,36097,36097,15.4
Seneca,NY,36099,36099,12.17
Steuben,NY,36101,36101,13.69
Suffolk,NY,36103,36103,6.87
Sullivan,NY,36105,36105,15.15
Tioga,NY,36107,36107,10.15
Tompkins,NY,36109,36109,18.89
Ulster,NY,36111,36111,13.79
Warren,NY,36113,36113,9.47
Washington,NY,36115,36115,11.3
Wayne,NY,36117,36117,11.62
Westchester,NY,36119,36119,8.84
Wyoming,NY,36121,36121,10.47
Yates,NY,36123,36123,11.91
Alamance,NC,37001,37001,16.13
Alexander,NC,37003,37003,13.61
Alleghany,NC,37005,37005,23.42
Anson,NC,37007,37007,19.48
Ashe,NC,37009,37009,16.28
Avery,NC,37011,37011,15.1
Beaufort,NC,37013,37013,18.63
Bertie,NC,37015,37015,23.15
Bladen,NC,37017,37017,24.33
Brunswick,NC,37019,37019,11.77
Buncombe,NC,37021,37021,12.2
Burke,NC,37023,37023,18.08
Cabarrus,NC,37025,37025,10.22
Caldwell,NC,37027,37027,15.12
Camden,NC,37029,37029,9.18
Carteret,NC,37031,37031,10.69
Caswell,NC,37033,37033,18.09
Catawba,NC,37035,37035,13.22
Chatham,NC,37037,37037,10.16
Cherokee,NC,37039,37039,16.66
Chowan,NC,37041,37041,15.98
Clay,NC,37043,37043,13.85
Cleveland,NC,37045,37045,20.36
Columbus,NC,37047,37047,22.84
Craven,NC,37049,37049,15.22
Cumberland,NC,37051,37051,18.37
Currituck,NC,37053,37053,9.47
Dare,NC,37055,37055,8.98
Davidson,NC,37057,37057,15.4
Davie,NC,37059,37059,13.91
Duplin,NC,37061,37061,21.2
Durham,NC,37063,37063,15.17
Edgecombe,NC,37065,37065,23.73
Forsyth,NC,37067,37067,16.84
Franklin,NC,37069,37069,13.16
Gaston,NC,37071,37071,14.45
Gates,NC,37073,37073,13.49
Graham,NC,37075,37075,17.05
Granville,NC,37077,37077,14.28
Greene,NC,37079,37079,22.86
Guilford,NC,37081,37081,15.8
Halifax,NC,37083,37083,25.8
Harnett,NC,37085,37085,15.8
Haywood,NC,37087,37087,13.42
Henderson,NC,37089,37089,10.94
Hertford,NC,37091,37091,21.93
Hoke,NC,37093,37093,20.35
Hyde,NC,37095,37095,24.33
Iredell,NC,37097,37097,10.92
Jackson,NC,37099,37099,18.7
Johnston,NC,37101,37101,12.53
Jones,NC,37103,37103,24.47
Lee,NC,37105,37105,16.09
Lenoir,NC,37107,37107,23.18
Lincoln,NC,37109,37109,12.08
McDowell,NC,37111,37111,16.77
Macon,NC,37113,37113,15.42
Madison,NC,37115,37115,16.37
Martin,NC,37117,37117,19.75
Mecklenburg,NC,37119,37119,11.57
Mitchell,NC,37121,37121,12.95
Montgomery,NC,37123,37123,17.7
Moore,NC,37125,37125,11.33
Nash,NC,37127,37127,15.16
New Hanover,NC,37129,37129,16.02
Northampton,NC,37131,37131,20.67
Onslow,NC,37133,37133,13.21
Orange,NC,37135,37135,13.7
Pamlico,NC,37137,37137,12.6
Pasquotank,NC,37139,37139,15.7
Pender,NC,37141,37141,14.13
Perquimans,NC,37143,37143,15.14
Person,NC,37145,37145,16.08
Pitt,NC,37147,37147,22.95
Polk,NC,37149,37149,9.83
Randolph,NC,37151,37151,15.19
Richmond,NC,37153,37153,25.16
Robeson,NC,37155,37155,27.7
Rockingham,NC,37157,37157,18.15
Rowan,NC,37159,37159,15.93
Rutherford,NC,37161,37161,17.93
Sampson,NC,37163,37163,20.89
Scotland,NC,37165,37165,27.26
Stanly,NC,37167,37167,12.86
Stokes,NC,37169,37169,13.77
Surry,NC,37171,37171,16.43
Swain,NC,37173,37173,17.46
Transylvania,NC,37175,37175,14.31
Tyrrell,NC,37177,37177,22.5
Union,NC,37179,37179,8.24
Vance,NC,37181,37181,20.85
Wake,NC,37183,37183,9.1
Warren,NC,37185,37185,19.79
Washington,NC,37187,37187,22.27
Watauga,NC,37189,37189,25.35
Wayne,NC,37191,37191,20.25
Wilkes,NC,37193,37193,17.69
Wilson,NC,37195,37195,20.31
Yadkin,NC,37197,37197,15.38
Yancey,NC,37199,37199,16.37
Adams,ND,38001,38001,8.69
Barnes,ND,38003,38003,11.34
Benson,ND,38005,38005,31.91
Billings,ND,38007,38007,9.33
Bottineau,ND,38009,38009,9.59
Bowman,ND,38011,38011,7.75
Burke,ND,38013,38013,5.86
Burleigh,ND,38015,38015,8.07
Cass,ND,38017,38017,10.65
Cavalier,ND,38019,38019,10.98
Dickey,ND,38021,38021,5.23
Divide,ND,38023,38023,8.98
Dunn,ND,38025,38025,8.06
Eddy,ND,38027,38027,10.83
Emmons,ND,38029,38029,9.89
Foster,ND,38031,38031,7.22
Golden Valley,ND,38033,38033,7.5
Grand Forks,ND,38035,38035,16.18
Grant,ND,38037,38037,12.94
Griggs,ND,38039,38039,7.87
Hettinger,ND,38041,38041,9.61
Kidder,ND,38043,38043,10.76
LaMoure,ND,38045,38045,14.68
Logan,ND,38047,38047,7.24
McHenry,ND,38049,38049,8.32
McIntosh,ND,38051,38051,9.88
McKenzie,ND,38053,38053,11.32
McLean,ND,38055,38055,7.96
Mercer,ND,38057,38057,7.16
Morton,ND,38059,38059,7.41
Mountrail,ND,38061,38061,10.44
Nelson,ND,38063,38063,11.52
Oliver,ND,38065,38065,7.98
Pembina,ND,38067,38067,7.38
Pierce,ND,38069,38069,16.73
Ramsey,ND,38071,38071,12.49
Ransom,ND,38073,38073,6.42
Renville,ND,38075,38075,3.66
Richland,ND,38077,38077,10.9
Rolette,ND,38079,38079,27.12
Sargent,ND,38081,38081,4.18
Sheridan,ND,38083,38083,12.37
Sioux,ND,38085,38085,38.22
Slope,ND,38087,38087,7.55
Stark,ND,38089,38089,8.76
Steele,ND,38091,38091,5.75
Stutsman,ND,38093,38093,12.12
Towner,ND,38095,38095,10.45
Traill,ND,38097,38097,6.43
Walsh,ND,38099,38099,9.08
Ward,ND,38101,38101,9.46
Wells,ND,38103,38103,8.61
Williams,ND,38105,38105,6.12
Adams,OH,39001,39001,20.66
Allen,OH,39003,39003,13.93
Ashland,OH,39005,39005,13.8
Ashtabula,OH,39007,39007,19.89
Athens,OH,39009,39009,30.16
Auglaize,OH,39011,39011,8.38
Belmont,OH,39013,39013,12.33
Brown,OH,39015,39015,15.3
Butler,OH,39017,39017,12.53
Carroll,OH,39019,39019,12.28
Champaign,OH,39021,39021,10.15
Clark,OH,39023,39023,14.9
Clermont,OH,39025,39025,8.97
Clinton,OH,39027,39027,14.8
Columbiana,OH,39029,39029,14.31
Coshocton,OH,39031,39031,14.37
Crawford,OH,39033,39033,14.95
Cuyahoga,OH,39035,39035,17.46
Darke,OH,39037,39037,10.51
Defiance,OH,39039,39039,10.18
Delaware,OH,39041,39041,4.81
Erie,OH,39043,39043,11.69
Fairfield,OH,39045,39045,9.2
Fayette,OH,39047,39047,16.2
Franklin,OH,39049,39049,15.71
Fulton,OH,39051,39051,7.85
Gallia,OH,39053,39053,20.7
Geauga,OH,39055,39055,5.75
Greene,OH,39057,39057,11.6
Guernsey,OH,39059,39059,19.88
Hamilton,OH,39061,39061,15.76
Hancock,OH,39063,39063,10.78
Hardin,OH,39065,39065,13.89
Harrison,OH,39067,39067,16
Henry,OH,39069,39069,8.41
Highland,OH,39071,39071,19.39
Hocking,OH,39073,39073,13.26
Holmes,OH,39075,39075,9.95
Huron,OH,39077,39077,13.17
Jackson,OH,39079,39079,18.77
Jefferson,OH,39081,39081,17.49
Knox,OH,39083,39083,13.1
Lake,OH,39085,39085,8.08
Lawrence,OH,39087,39087,18.07
Licking,OH,39089,39089,10.49
Logan,OH,39091,39091,11.37
Lorain,OH,39093,39093,13.48
Lucas,OH,39095,39095,18.72
Madison,OH,39097,39097,9.11
Mahoning,OH,39099,39099,17.51
Marion,OH,39101,39101,14.81
Medina,OH,39103,39103,6.03
Meigs,OH,39105,39105,19.64
Mercer,OH,39107,39107,6.43
Miami,OH,39109,39109,9.15
Monroe,OH,39111,39111,17.1
Montgomery,OH,39113,39113,16.65
Morgan,OH,39115,39115,19.24
Morrow,OH,39117,39117,9.7
Muskingum,OH,39119,39119,16.04
Noble,OH,39121,39121,15.58
Ottawa,OH,39123,39123,10.1
Paulding,OH,39125,39125,9.88
Perry,OH,39127,39127,19.14
Pickaway,OH,39129,39129,12.13
Pike,OH,39131,39131,18.68
Portage,OH,39133,39133,12.79
Preble,OH,39135,39135,10.14
Putnam,OH,39137,39137,7.63
Richland,OH,39139,39139,13.51
Ross,OH,39141,39141,17.33
Sandusky,OH,39143,39143,11.62
Scioto,OH,39145,39145,22.55
Seneca,OH,39147,39147,12.81
Shelby,OH,39149,39149,8.82
Stark,OH,39151,39151,13.56
Summit,OH,39153,39153,13.22
Trumbull,OH,39155,39155,17.24
Tuscarawas,OH,39157,39157,12.81
Union,OH,39159,39159,5.89
Van Wert,OH,39161,39161,11.11
Vinton,OH,39163,39163,18.97
Warren,OH,39165,39165,4.55
Washington,OH,39167,39167,14.21
Wayne,OH,39169,39169,11.28
Williams,OH,39171,39171,11.17
Wood,OH,39173,39173,12.92
Wyandot,OH,39175,39175,7.44
Adair,OK,40001,40001,27.8
Alfalfa,OK,40003,40003,9.14
Atoka,OK,40005,40005,20.56
Beaver,OK,40007,40007,11.37
Beckham,OK,40009,40009,16.69
Blaine,OK,40011,40011,12.2
Bryan,OK,40013,40013,17.11
Caddo,OK,40015,40015,18.94
Canadian,OK,40017,40017,8.25
Carter,OK,40019,40019,16.09
Cherokee,OK,40021,40021,22.06
Choctaw,OK,40023,40023,27.71
Cimarron,OK,40025,40025,16.83
Cleveland,OK,40027,40027,12.01
Coal,OK,40029,40029,22.05
Comanche,OK,40031,40031,16.07
Cotton,OK,40033,40033,18.25
Craig,OK,40035,40035,18.57
Creek,OK,40037,40037,15.02
Custer,OK,40039,40039,18.16
Delaware,OK,40041,40041,18.33
Dewey,OK,40043,40043,16.6
Ellis,OK,40045,40045,16.03
Garfield,OK,40047,40047,13.75
Garvin,OK,40049,40049,15.2
Grady,OK,40051,40051,11.53
Grant,OK,40053,40053,6.88
Greer,OK,40055,40055,20.25
Harmon,OK,40057,40057,14.7
Harper,OK,40059,40059,15.27
Haskell,OK,40061,40061,19.07
Hughes,OK,40063,40063,20.74
Jackson,OK,40065,40065,17.28
Jefferson,OK,40067,40067,21.39
Johnston,OK,40069,40069,20.9
Kay,OK,40071,40071,17.31
Kingfisher,OK,40073,40073,12.06
Kiowa,OK,40075,40075,23.96
Latimer,OK,40077,40077,18.65
Le Flore,OK,40079,40079,20.73
Lincoln,OK,40081,40081,13.91
Logan,OK,40083,40083,13.96
Love,OK,40085,40085,14.98
McClain,OK,40087,40087,7.76
McCurtain,OK,40089,40089,22.71
McIntosh,OK,40091,40091,20.77
Major,OK,40093,40093,12.52
Marshall,OK,40095,40095,16.97
Mayes,OK,40097,40097,18.12
Murray,OK,40099,40099,15.47
Muskogee,OK,40101,40101,21.05
Noble,OK,40103,40103,10.82
Nowata,OK,40105,40105,15.86
Okfuskee,OK,40107,40107,26.31
Oklahoma,OK,40109,40109,15.96
Okmulgee,OK,40111,40111,19.47
Osage,OK,40113,40113,15.64
Ottawa,OK,40115,40115,20.74
Pawnee,OK,40117,40117,15.88
Payne,OK,40119,40119,26.8
Pittsburg,OK,40121,40121,16.82
Pontotoc,OK,40123,40123,14.7
Pottawatomie,OK,40125,40125,16.19
Pushmataha,OK,40127,40127,20.44
Roger Mills,OK,40129,40129,17.28
Rogers,OK,40131,40131,9.88
Seminole,OK,40133,40133,20.37
Sequoyah,OK,40135,40135,21.48
Stephens,OK,40137,40137,14.26
Texas,OK,40139,40139,19.63
Tillman,OK,40141,40141,19.85
Tulsa,OK,40143,40143,14.96
Wagoner,OK,40145,40145,10.35
Washington,OK,40147,40147,13.26
Washita,OK,40149,40149,14.57
Woods,OK,40151,40151,13.2
Woodward,OK,40153,40153,11.46
Baker,OR,41001,41001,12.44
Benton,OR,41003,41003,19.09
Clackamas,OR,41005,41005,8
Clatsop,OR,41007,41007,10.03
Columbia,OR,41009,41009,11.66
Coos,OR,41011,41011,16.15
Crook,OR,41013,41013,13.45
Curry,OR,41015,41015,12.43
Deschutes,OR,41017,41017,10.79
Douglas,OR,41019,41019,14.65
Gilliam,OR,41021,41021,10.39
Grant,OR,41023,41023,18.11
Harney,OR,41025,41025,10.54
Hood River,OR,41027,41027,6.17
Jackson,OR,41029,41029,15.52
Jefferson,OR,41031,41031,17.91
Josephine,OR,41033,41033,18.12
Klamath,OR,41035,41035,19.47
Lake,OR,41037,41037,18.39
Lane,OR,41039,41039,17.62
Lincoln,OR,41041,41041,16.27
Linn,OR,41043,41043,13.27
Malheur,OR,41045,41045,21.79
Marion,OR,41047,41047,14.23
Morrow,OR,41049,41049,14.48
Multnomah,OR,41051,41051,13.79
Polk,OR,41053,41053,12.64
Sherman,OR,41055,41055,13.44
Tillamook,OR,41057,41057,13.11
Umatilla,OR,41059,41059,17.86
Union,OR,41061,41061,13.91
Wallowa,OR,41063,41063,13.63
Wasco,OR,41065,41065,11.57
Washington,OR,41067,41067,8.92
Wheeler,OR,41069,41069,14
Yamhill,OR,41071,41071,12.14
Adams,PA,42001,42001,7.75
Allegheny,PA,42003,42003,11.63
Armstrong,PA,42005,42005,11.07
Beaver,PA,42007,42007,11.02
Bedford,PA,42009,42009,11.9
Berks,PA,42011,42011,12
Blair,PA,42013,42013,14.67
Bradford,PA,42015,42015,12.71
Bucks,PA,42017,42017,5.87
Butler,PA,42019,42019,8.24
Cambria,PA,42021,42021,15.4
Cameron,PA,42023,42023,15.27
Carbon,PA,42025,42025,11.71
Centre,PA,42027,42027,18.16
Chester,PA,42029,42029,6.44
Clarion,PA,42031,42031,16.27
Clearfield,PA,42033,42033,14.55
Clinton,PA,42035,42035,15.54
Columbia,PA,42037,42037,15
Crawford,PA,42039,42039,13.25
Cumberland,PA,42041,42041,6.95
Dauphin,PA,42043,42043,12.31
Delaware,PA,42045,42045,9.99
Elk,PA,42047,42047,9.48
Erie,PA,42049,42049,16.02
Fayette,PA,42051,42051,17.27
Forest,PA,42053,42053,18.1
Franklin,PA,42055,42055,9.25
Fulton,PA,42057,42057,11.27
Greene,PA,42059,42059,13.45
Huntingdon,PA,42061,42061,12.35
Indiana,PA,42063,42063,16.29
Jefferson,PA,42065,42065,15.15
Juniata,PA,42067,42067,10.84
Lackawanna,PA,42069,42069,14.7
Lancaster,PA,42071,42071,10.15
Lawrence,PA,42073,42073,13.79
Lebanon,PA,42075,42075,10.82
Lehigh,PA,42077,42077,12.49
Luzerne,PA,42079,42079,14.74
Lycoming,PA,42081,42081,13.62
McKean,PA,42083,42083,16.11
Mercer,PA,42085,42085,13.9
Mifflin,PA,42087,42087,13.45
Monroe,PA,42089,42089,11.2
Montgomery,PA,42091,42091,5.92
Montour,PA,42093,42093,10.46
Northampton,PA,42095,42095,8.58
Northumberland,PA,42097,42097,13.19
Perry,PA,42099,42099,9.29
Philadelphia,PA,42101,42101,24.34
Pike,PA,42103,42103,9.54
Potter,PA,42105,42105,13.47
Schuylkill,PA,42107,42107,12.44
Snyder,PA,42109,42109,10.45
Somerset,PA,42111,42111,12.39
Sullivan,PA,42113,42113,13.2
Susquehanna,PA,42115,42115,12.02
Tioga,PA,42117,42117,13.23
Union,PA,42119,42119,11.82
Venango,PA,42121,42121,12.87
Warren,PA,42123,42123,12.63
Washington,PA,42125,42125,9.23
Wayne,PA,42127,42127,11.44
Westmoreland,PA,42129,42129,10.01
Wyoming,PA,42131,42131,10.42
York,PA,42133,42133,9.62
Bristol,RI,44001,44001,7.45
Kent,RI,44003,44003,7.6
Newport,RI,44005,44005,8.74
Providence,RI,44007,44007,15.23
Washington,RI,44009,44009,8.62
Abbeville,SC,45001,45001,18.72
Aiken,SC,45003,45003,14.94
Allendale,SC,45005,45005,25.01
Anderson,SC,45007,45007,14.58
Bamberg,SC,45009,45009,23.37
Barnwell,SC,45011,45011,28.14
Beaufort,SC,45013,45013,10.22
Berkeley,SC,45015,45015,11.89
Calhoun,SC,45017,45017,20.76
Charleston,SC,45019,45019,13.74
Cherokee,SC,45021,45021,19.36
Chester,SC,45023,45023,19.64
Chesterfield,SC,45025,45025,20.65
Clarendon,SC,45027,45027,22.93
Colleton,SC,45029,45029,21.76
Darlington,SC,45031,45031,20
Dillon,SC,45033,45033,32.59
Dorchester,SC,45035,45035,12.1
Edgefield,SC,45037,45037,16.19
Fairfield,SC,45039,45039,20.87
Florence,SC,45041,45041,18.41
Georgetown,SC,45043,45043,17.88
Greenville,SC,45045,45045,11.46
Greenwood,SC,45047,45047,20.77
Hampton,SC,45049,45049,20.47
Horry,SC,45051,45051,15.01
Jasper,SC,45053,45053,17.74
Kershaw,SC,45055,45055,14.94
Lancaster,SC,45057,45057,13.43
Laurens,SC,45059,45059,20.32
Lee,SC,45061,45061,25.03
Lexington,SC,45063,45063,12.54
McCormick,SC,45065,45065,15.41
Marion,SC,45067,45067,22.69
Marlboro,SC,45069,45069,26.37
Newberry,SC,45071,45071,17.65
Oconee,SC,45073,45073,17.52
Orangeburg,SC,45075,45075,23.64
Pickens,SC,45077,45077,16.62
Richland,SC,45079,45079,16.24
Saluda,SC,45081,45081,15.09
Spartanburg,SC,45083,45083,14.04
Sumter,SC,45085,45085,18.72
Union,SC,45087,45087,21.61
Williamsburg,SC,45089,45089,26.37
York,SC,45091,45091,10.47
Aurora,SD,46003,46003,5.35
Beadle,SD,46005,46005,16.16
Bennett,SD,46007,46007,35.93
Bon Homme,SD,46009,46009,10.68
Brookings,SD,46011,46011,14.67
Brown,SD,46013,46013,10.45
Brule,SD,46015,46015,13.45
Buffalo,SD,46017,46017,39.66
Butte,SD,46019,46019,11.43
Campbell,SD,46021,46021,4
Charles Mix,SD,46023,46023,18.99
Clark,SD,46025,46025,9.04
Clay,SD,46027,46027,22.43
Codington,SD,46029,46029,12.87
Corson,SD,46031,46031,44.77
Custer,SD,46033,46033,13.8
Davison,SD,46035,46035,14.2
Day,SD,46037,46037,16.73
Deuel,SD,46039,46039,8.73
Dewey,SD,46041,46041,31.29
Douglas,SD,46043,46043,6.31
Edmunds,SD,46045,46045,4.68
Fall River,SD,46047,46047,13.96
Faulk,SD,46049,46049,14.75
Grant,SD,46051,46051,9.12
Gregory,SD,46053,46053,14.34
Haakon,SD,46055,46055,12.18
Hamlin,SD,46057,46057,5.68
Hand,SD,46059,46059,8.21
Hanson,SD,46061,46061,7.66
Harding,SD,46063,46063,7.12
Hughes,SD,46065,46065,11.25
Hutchinson,SD,46067,46067,9.57
Hyde,SD,46069,46069,10.55
Jackson,SD,46071,46071,45.39
Jerauld,SD,46073,46073,7.95
Jones,SD,46075,46075,12.36
Kingsbury,SD,46077,46077,8.18
Lake,SD,46079,46079,12.74
Lawrence,SD,46081,46081,12.69
Lincoln,SD,46083,46083,4.1
Lyman,SD,46085,46085,20.51
McCook,SD,46087,46087,9.67
McPherson,SD,46089,46089,13.84
Marshall,SD,46091,46091,8.48
Meade,SD,46093,46093,6.87
Mellette,SD,46095,46095,52.81
Miner,SD,46097,46097,6.82
Minnehaha,SD,46099,46099,9.96
Moody,SD,46101,46101,11.42
Pennington,SD,46103,46103,13.75
Perkins,SD,46105,46105,9.18
Potter,SD,46107,46107,7.51
Roberts,SD,46109,46109,20.11
Sanborn,SD,46111,46111,8.82
Shannon,SD,46113,46113,46.17
Spink,SD,46115,46115,9.89
Stanley,SD,46117,46117,4.66
Sully,SD,46119,46119,7.95
Todd,SD,46121,46121,55.45
Tripp,SD,46123,46123,19.5
Turner,SD,46125,46125,10.91
Union,SD,46127,46127,8.56
Walworth,SD,46129,46129,9.72
Yankton,SD,46135,46135,11.12
Ziebach,SD,46137,46137,42.51
Anderson,TN,47001,47001,16.74
Bedford,TN,47003,47003,14.3
Benton,TN,47005,47005,19.52
Bledsoe,TN,47007,47007,23.25
Blount,TN,47009,47009,11.1
Bradley,TN,47011,47011,16.01
Campbell,TN,47013,47013,21
Cannon,TN,47015,47015,15.84
Carroll,TN,47017,47017,18.58
Carter,TN,47019,47019,22.09
Cheatham,TN,47021,47021,10.57
Chester,TN,47023,47023,15.84
Claiborne,TN,47025,47025,22.43
Clay,TN,47027,47027,26.08
Cocke,TN,47029,47029,23.48
Coffee,TN,47031,47031,13.96
Crockett,TN,47033,47033,17.83
Cumberland,TN,47035,47035,13.78
Davidson,TN,47037,47037,14.88
Decatur,TN,47039,47039,17.6
DeKalb,TN,47041,47041,18.4
Dickson,TN,47043,47043,13.57
Dyer,TN,47045,47045,18.56
Fayette,TN,47047,47047,13.47
Fentress,TN,47049,47049,20.56
Franklin,TN,47051,47051,14.42
Gibson,TN,47053,47053,15.83
Giles,TN,47055,47055,14.76
Grainger,TN,47057,47057,18.1
Greene,TN,47059,47059,16.67
Grundy,TN,47061,47061,22.68
Hamblen,TN,47063,47063,17.31
Hamilton,TN,47065,47065,12.83
Hancock,TN,47067,47067,28.57
Hardeman,TN,47069,47069,17.8
Hardin,TN,47071,47071,20.1
Hawkins,TN,47073,47073,19.09
Haywood,TN,47075,47075,18.8
Henderson,TN,47077,47077,18.83
Henry,TN,47079,47079,20.12
Hickman,TN,47081,47081,18.73
Houston,TN,47083,47083,16.76
Humphreys,TN,47085,47085,15.62
Jackson,TN,47087,47087,19.19
Jefferson,TN,47089,47089,13.24
Johnson,TN,47091,47091,24.86
Knox,TN,47093,47093,14.54
Lake,TN,47095,47095,28.57
Lauderdale,TN,47097,47097,21.15
Lawrence,TN,47099,47099,16.95
Lewis,TN,47101,47101,19.47
Lincoln,TN,47103,47103,14.74
Loudon,TN,47105,47105,11.27
McMinn,TN,47107,47107,19.28
McNairy,TN,47109,47109,18.84
Macon,TN,47111,47111,17.3
Madison,TN,47113,47113,18.54
Marion,TN,47115,47115,15.37
Marshall,TN,47117,47117,13.95
Maury,TN,47119,47119,10.09
Meigs,TN,47121,47121,16.93
Monroe,TN,47123,47123,18.43
Montgomery,TN,47125,47125,13.31
Moore,TN,47127,47127,7.7
Morgan,TN,47129,47129,22.83
Obion,TN,47131,47131,21.05
Overton,TN,47133,47133,17.19
Perry,TN,47135,47135,26.94
Pickett,TN,47137,47137,20.01
Polk,TN,47139,47139,14.99
Putnam,TN,47141,47141,18.95
Rhea,TN,47143,47143,19.31
Roane,TN,47145,47145,13.85
Robertson,TN,47147,47147,11.53
Rutherford,TN,47149,47149,11.1
Scott,TN,47151,47151,21.87
Sequatchie,TN,47153,47153,19.74
Sevier,TN,47155,47155,13.68
Shelby,TN,47157,47157,19.35
Smith,TN,47159,47159,17.87
Stewart,TN,47161,47161,13.75
Sullivan,TN,47163,47163,15.94
Sumner,TN,47165,47165,8.97
Tipton,TN,47167,47167,12.4
Trousdale,TN,47169,47169,10.19
Unicoi,TN,47171,47171,18.06
Union,TN,47173,47173,21.96
Van Buren,TN,47175,47175,16.82
Warren,TN,47177,47177,21.74
Washington,TN,47179,47179,15.42
Wayne,TN,47181,47181,18.01
Weakley,TN,47183,47183,20.27
White,TN,47185,47185,16.25
Williamson,TN,47187,47187,4.35
Wilson,TN,47189,47189,7.69
Anderson,TX,48001,48001,14.88
Andrews,TX,48003,48003,9.19
Angelina,TX,48005,48005,17.74
Aransas,TX,48007,48007,21.3
Archer,TX,48009,48009,11.95
Armstrong,TX,48011,48011,9.16
Atascosa,TX,48013,48013,14.77
Austin,TX,48015,48015,12.15
Bailey,TX,48017,48017,8.75
Bandera,TX,48019,48019,15.71
Bastrop,TX,48021,48021,11.23
Baylor,TX,48023,48023,11.73
Bee,TX,48025,48025,20.61
Bell,TX,48027,48027,13.87
Bexar,TX,48029,48029,15.72
Blanco,TX,48031,48031,9.01
Borden,TX,48033,48033,2.61
Bosque,TX,48035,48035,15.78
Bowie,TX,48037,48037,16.58
Brazoria,TX,48039,48039,8.7
Brazos,TX,48041,48041,24.37
Brewster,TX,48043,48043,13.95
Briscoe,TX,48045,48045,16.33
Brooks,TX,48047,48047,41.44
Brown,TX,48049,48049,12.58
Burleson,TX,48051,48051,11.79
Burnet,TX,48053,48053,10.15
Caldwell,TX,48055,48055,18.87
Calhoun,TX,48057,48057,13.69
Callahan,TX,48059,48059,10.67
Cameron,TX,48061,48061,28.88
Camp,TX,48063,48063,18.51
Carson,TX,48065,48065,8.3
Cass,TX,48067,48067,18.46
Castro,TX,48069,48069,13.69
Chambers,TX,48071,48071,12.1
Cherokee,TX,48073,48073,16.45
Childress,TX,48075,48075,13.92
Clay,TX,48077,48077,12.24
Cochran,TX,48079,48079,25.56
Coke,TX,48081,48081,12.54
Coleman,TX,48083,48083,13.78
Collin,TX,48085,48085,6.29
Collingsworth,TX,48087,48087,16.98
Colorado,TX,48089,48089,10.01
Comal,TX,48091,48091,7.63
Comanche,TX,48093,48093,11.23
Concho,TX,48095,48095,12.21
Cooke,TX,48097,48097,12.85
Coryell,TX,48099,48099,12.94
Cottle,TX,48101,48101,30.91
Crane,TX,48103,48103,8.09
Crockett,TX,48105,48105,18.64
Crosby,TX,48107,48107,20.65
Culberson,TX,48109,48109,29.57
Dallam,TX,48111,48111,12.26
Dallas,TX,48113,48113,15.36
Dawson,TX,48115,48115,25.94
Deaf Smith,TX,48117,48117,16.22
Delta,TX,48119,48119,20.05
Denton,TX,48121,48121,7.64
DeWitt,TX,48123,48123,16.02
Dickens,TX,48125,48125,19.68
Dimmit,TX,48127,48127,33.67
Donley,TX,48129,48129,14.75
Duval,TX,48131,48131,22.79
Eastland,TX,48133,48133,18.3
Ector,TX,48135,48135,11.9
Edwards,TX,48137,48137,8.66
Ellis,TX,48139,48139,8.76
El Paso,TX,48141,48141,20.19
Erath,TX,48143,48143,18.37
Falls,TX,48145,48145,26.47
Fannin,TX,48147,48147,12.02
Fayette,TX,48149,48149,11.86
Fisher,TX,48151,48151,15.05
Floyd,TX,48153,48153,14.72
Foard,TX,48155,48155,10.41
Fort Bend,TX,48157,48157,7.41
Franklin,TX,48159,48159,9.31
Freestone,TX,48161,48161,18.06
Frio,TX,48163,48163,23.26
Gaines,TX,48165,48165,15.26
Galveston,TX,48167,48167,12.41
Garza,TX,48169,48169,19.7
Gillespie,TX,48171,48171,9.49
Glasscock,TX,48173,48173,11.72
Goliad,TX,48175,48175,13.15
Gonzales,TX,48177,48177,14.12
Gray,TX,48179,48179,16.49
Grayson,TX,48181,48181,13.07
Gregg,TX,48183,48183,18.01
Grimes,TX,48185,48185,16.97
Guadalupe,TX,48187,48187,9.11
Hale,TX,48189,48189,16.01
Hall,TX,48191,48191,22.89
Hamilton,TX,48193,48193,17.32
Hansford,TX,48195,48195,17.39
Hardeman,TX,48197,48197,13.88
Hardin,TX,48199,48199,12.07
Harris,TX,48201,48201,15.71
Harrison,TX,48203,48203,17.38
Hartley,TX,48205,48205,6.09
Haskell,TX,48207,48207,20.37
Hays,TX,48209,48209,13.73
Hemphill,TX,48211,48211,8.24
Henderson,TX,48213,48213,17.09
Hidalgo,TX,48215,48215,29.69
Hill,TX,48217,48217,12.65
Hockley,TX,48219,48219,16.49
Hood,TX,48221,48221,9.75
Hopkins,TX,48223,48223,14.03
Houston,TX,48225,48225,21.79
Howard,TX,48227,48227,17.33
Hudspeth,TX,48229,48229,24.45
Hunt,TX,48231,48231,16.07
Hutchinson,TX,48233,48233,14.56
Irion,TX,48235,48235,14.88
Jack,TX,48237,48237,16.31
Jackson,TX,48239,48239,13.4
Jasper,TX,48241,48241,18.49
Jeff Davis,TX,48243,48243,3.9
Jefferson,TX,48245,48245,17.66
Jim Hogg,TX,48247,48247,30.61
Jim Wells,TX,48249,48249,23.2
Johnson,TX,48251,48251,10.24
Jones,TX,48253,48253,13.97
Karnes,TX,48255,48255,17.69
Kaufman,TX,48257,48257,11.36
Kendall,TX,48259,48259,5.58
Kenedy,TX,48261,48261,5.46
Kent,TX,48263,48263,14.48
Kerr,TX,48265,48265,11.71
Kimble,TX,48267,48267,22.26
King,TX,48269,48269,10.55
Kinney,TX,48271,48271,19.59
Kleberg,TX,48273,48273,27.18
Knox,TX,48275,48275,14.98
Lamar,TX,48277,48277,17.44
Lamb,TX,48279,48279,19.02
Lampasas,TX,48281,48281,11.07
La Salle,TX,48283,48283,17
Lavaca,TX,48285,48285,10.66
Lee,TX,48287,48287,12.29
Leon,TX,48289,48289,17.65
Liberty,TX,48291,48291,14.1
Limestone,TX,48293,48293,19.44
Lipscomb,TX,48295,48295,12.89
Live Oak,TX,48297,48297,17.22
Llano,TX,48299,48299,10.63
Loving,TX,48301,48301,15.31
Lubbock,TX,48303,48303,18.86
Lynn,TX,48305,48305,18.23
McCulloch,TX,48307,48307,16.9
McLennan,TX,48309,48309,19.15
McMullen,TX,48311,48311,11.76
Madison,TX,48313,48313,12.03
Marion,TX,48315,48315,19.19
Martin,TX,48317,48317,8.48
Mason,TX,48319,48319,10.7
Matagorda,TX,48321,48321,18.95
Maverick,TX,48323,48323,26.94
Medina,TX,48325,48325,11.3
Menard,TX,48327,48327,13.31
Midland,TX,48329,48329,9.56
Milam,TX,48331,48331,15.45
Mills,TX,48333,48333,15.6
Mitchell,TX,48335,48335,11.27
Montague,TX,48337,48337,15.65
Montgomery,TX,48339,48339,9.25
Moore,TX,48341,48341,12.82
Morris,TX,48343,48343,17.77
Motley,TX,48345,48345,8.07
Nacogdoches,TX,48347,48347,24.77
Navarro,TX,48349,48349,16.96
Newton,TX,48351,48351,24.43
Nolan,TX,48353,48353,16.13
Nueces,TX,48355,48355,16.57
Ochiltree,TX,48357,48357,15.18
Oldham,TX,48359,48359,9.11
Orange,TX,48361,48361,13.31
Palo Pinto,TX,48363,48363,18.1
Panola,TX,48365,48365,14.72
Parker,TX,48367,48367,8.09
Parmer,TX,48369,48369,14.93
Pecos,TX,48371,48371,15.13
Polk,TX,48373,48373,18.18
Potter,TX,48375,48375,20.39
Presidio,TX,48377,48377,38.98
Rains,TX,48379,48379,12.94
Randall,TX,48381,48381,8.46
Reagan,TX,48383,48383,9.57
Real,TX,48385,48385,24.71
Red River,TX,48387,48387,19.65
Reeves,TX,48389,48389,15.05
Refugio,TX,48391,48391,16.47
Roberts,TX,48393,48393,11.76
Robertson,TX,48395,48395,14.04
Rockwall,TX,48397,48397,4.75
Runnels,TX,48399,48399,15.28
Rusk,TX,48401,48401,11.84
Sabine,TX,48403,48403,20.1
San Augustine,TX,48405,48405,24.8
San Jacinto,TX,48407,48407,15.19
San Patricio,TX,48409,48409,15.9
San Saba,TX,48411,48411,13.98
Schleicher,TX,48413,48413,15.66
Scurry,TX,48415,48415,14.4
Shackelford,TX,48417,48417,13.33
Shelby,TX,48419,48419,22.64
Sherman,TX,48421,48421,14.82
Smith,TX,48423,48423,15.36
Somervell,TX,48425,48425,23.39
Starr,TX,48427,48427,34.71
Stephens,TX,48429,48429,20.59
Sterling,TX,48431,48431,2.43
Stonewall,TX,48433,48433,11.88
Sutton,TX,48435,48435,13.95
Swisher,TX,48437,48437,25.15
Tarrant,TX,48439,48439,11.95
Taylor,TX,48441,48441,15.14
Terrell,TX,48443,48443,9.38
Terry,TX,48445,48445,19.18
Throckmorton,TX,48447,48447,16.83
Titus,TX,48449,48449,17.68
Tom Green,TX,48451,48451,13.53
Travis,TX,48453,48453,11.96
Trinity,TX,48455,48455,15.53
Tyler,TX,48457,48457,16.53
Upshur,TX,48459,48459,16.03
Upton,TX,48461,48461,14.06
Uvalde,TX,48463,48463,17.94
Val Verde,TX,48465,48465,20.3
Van Zandt,TX,48467,48467,13.64
Victoria,TX,48469,48469,15.04
Walker,TX,48471,48471,22.4
Waller,TX,48473,48473,16.52
Ward,TX,48475,48475,12.52
Washington,TX,48477,48477,12.03
Webb,TX,48479,48479,27.49
Wharton,TX,48481,48481,17.59
Wheeler,TX,48483,48483,18.29
Wichita,TX,48485,48485,16.89
Wilbarger,TX,48487,48487,19.2
Willacy,TX,48489,48489,26.97
Williamson,TX,48491,48491,6.42
Wilson,TX,48493,48493,9.59
Winkler,TX,48495,48495,15.03
Wise,TX,48497,48497,10.72
Wood,TX,48499,48499,14.63
Yoakum,TX,48501,48501,8.41
Young,TX,48503,48503,12.32
Zapata,TX,48505,48505,34.55
Zavala,TX,48507,48507,33.78
Beaver,UT,49001,49001,9.06
Box Elder,UT,49003,49003,7.88
Cache,UT,49005,49005,15.35
Carbon,UT,49007,49007,16.77
Daggett,UT,49009,49009,3.48
Davis,UT,49011,49011,5.41
Duchesne,UT,49013,49013,13.66
Emery,UT,49015,49015,11.64
Garfield,UT,49017,49017,16.5
Grand,UT,49019,49019,9.07
Iron,UT,49021,49021,17.03
Juab,UT,49023,49023,12.6
Kane,UT,49025,49025,12.36
Millard,UT,49027,49027,12.56
Morgan,UT,49029,49029,2.77
Piute,UT,49031,49031,17.15
Rich,UT,49033,49033,12.42
Salt Lake,UT,49035,49035,9.19
San Juan,UT,49037,49037,24.95
Sanpete,UT,49039,49039,15.03
Sevier,UT,49041,49041,14.93
Summit,UT,49043,49043,5.6
Tooele,UT,49045,49045,6.21
Uintah,UT,49047,49047,12.55
Utah,UT,49049,49049,10.64
Wasatch,UT,49051,49051,5.93
Washington,UT,49053,49053,11.78
Wayne,UT,49055,49055,9.62
Weber,UT,49057,49057,10.2
Addison,VT,50001,50001,7.19
Bennington,VT,50003,50003,10.89
Caledonia,VT,50005,50005,12.59
Chittenden,VT,50007,50007,12.08
Essex,VT,50009,50009,13.38
Franklin,VT,50011,50011,8.65
Grand Isle,VT,50013,50013,7.51
Lamoille,VT,50015,50015,13.58
Orange,VT,50017,50017,9.7
Orleans,VT,50019,50019,13.1
Rutland,VT,50021,50021,10.06
Washington,VT,50023,50023,10.55
Windham,VT,50025,50025,13.67
Windsor,VT,50027,50027,9.2
Accomack,VA,51001,51001,19
Albemarle,VA,51003,51003,9.12
Alleghany,VA,51005,51005,19.72
Amelia,VA,51007,51007,10.69
Amherst,VA,51009,51009,13.96
Appomattox,VA,51011,51011,13.2
Arlington,VA,51013,51013,6.79
Augusta,VA,51015,51015,8.66
Bath,VA,51017,51017,10.87
Bedford,VA,51019,51019,8.9
Bland,VA,51021,51021,10.29
Botetourt,VA,51023,51023,6.45
Brunswick,VA,51025,51025,20.41
Buchanan,VA,51027,51027,28.36
Buckingham,VA,51029,51029,15.75
Campbell,VA,51031,51031,10.97
Caroline,VA,51033,51033,8.8
Carroll,VA,51035,51035,14.61
Charles City,VA,51036,51036,13.16
Charlotte,VA,51037,51037,23.71
Chesterfield,VA,51041,51041,6.79
Clarke,VA,51043,51043,7.62
Craig,VA,51045,51045,8.85
Culpeper,VA,51047,51047,7.79
Cumberland,VA,51049,51049,17.83
Dickenson,VA,51051,51051,25.68
Dinwiddie,VA,51053,51053,12.11
Essex,VA,51057,51057,16.8
Fairfax,VA,51059,51059,6.12
Fauquier,VA,51061,51061,5.81
Floyd,VA,51063,51063,10.34
Fluvanna,VA,51065,51065,5.48
Franklin,VA,51067,51067,14.47
Frederick,VA,51069,51069,6.16
Giles,VA,51071,51071,10.17
Gloucester,VA,51073,51073,8.8
Goochland,VA,51075,51075,5.22
Grayson,VA,51077,51077,20.93
Greene,VA,51079,51079,6.35
Greensville,VA,51081,51081,15.27
Halifax,VA,51083,51083,13.87
Hanover,VA,51085,51085,5.29
Henrico,VA,51087,51087,9.15
Henry,VA,51089,51089,18.08
Highland,VA,51091,51091,10.1
Isle of Wight,VA,51093,51093,10.52
James City,VA,51095,51095,7.25
King and Queen,VA,51097,51097,12.43
King George,VA,51099,51099,5.12
King William,VA,51101,51101,8.43
Lancaster,VA,51103,51103,9.75
Lee,VA,51105,51105,25.48
Loudoun,VA,51107,51107,3.39
Louisa,VA,51109,51109,11.8
Lunenburg,VA,51111,51111,16.42
Madison,VA,51113,51113,6.56
Mathews,VA,51115,51115,11.38
Mecklenburg,VA,51117,51117,18.99
Middlesex,VA,51119,51119,10.04
Montgomery,VA,51121,51121,23.54
Nelson,VA,51125,51125,12.99
New Kent,VA,51127,51127,6.91
Northampton,VA,51131,51131,18.03
Northumberland,VA,51133,51133,14.63
Nottoway,VA,51135,51135,18.31
Orange,VA,51137,51137,8.17
Page,VA,51139,51139,15.09
Patrick,VA,51141,51141,14.23
Pittsylvania,VA,51143,51143,16.09
Powhatan,VA,51145,51145,5.36
Prince Edward,VA,51147,51147,18.57
Prince George,VA,51149,51149,8.13
Prince William,VA,51153,51153,6.65
Pulaski,VA,51155,51155,14.77
Rappahannock,VA,51157,51157,8.75
Richmond,VA,51159,51159,17.25
Roanoke,VA,51161,51161,6.92
Rockbridge,VA,51163,51163,14.18
Rockingham,VA,51165,51165,8.8
Russell,VA,51167,51167,21.13
Scott,VA,51169,51169,15.51
Shenandoah,VA,51171,51171,11.52
Smyth,VA,51173,51173,18.87
Southampton,VA,51175,51175,8.99
Spotsylvania,VA,51177,51177,6.97
Stafford,VA,51179,51179,4.43
Surry,VA,51181,51181,15.85
Sussex,VA,51183,51183,13.09
Tazewell,VA,51185,51185,17.5
Warren,VA,51187,51187,9.94
Washington,VA,51191,51191,14.57
Westmoreland,VA,51193,51193,14.91
Wise,VA,51195,51195,22.05
Wythe,VA,51197,51197,14.84
York,VA,51199,51199,4.94
Alexandria City,VA,51510,51510,10.31
Bedford City,VA,51515,51515,N/A
Bristol City,VA,51520,51520,22.62
Buena Vista City,VA,51530,51530,25.53
Charlottesville City,VA,51540,51540,24.09
Chesapeake City,VA,51550,51550,8.57
Colonial Heights City,VA,51570,51570,12.11
Covington City,VA,51580,51580,13.18
Danville City,VA,51590,51590,22.38
Emporia City,VA,51595,51595,26.97
Fairfax City,VA,51600,51600,9.27
Falls Church City,VA,51610,51610,3.17
Franklin City,VA,51620,51620,14.66
Fredericksburg City,VA,51630,51630,15.52
Galax City,VA,51640,51640,23.81
Hampton City,VA,51650,51650,15.18
Harrisonburg City,VA,51660,51660,28.31
Hopewell City,VA,51670,51670,23.62
Lexington City,VA,51678,51678,27.35
Lynchburg City,VA,51680,51680,19.51
Manassas City,VA,51683,51683,7.97
Manassas Park City,VA,51685,51685,6.37
Martinsville City,VA,51690,51690,23.9
Newport News City,VA,51700,51700,15.33
Norfolk City,VA,51710,51710,18.75
Norton City,VA,51720,51720,28.16
Petersburg City,VA,51730,51730,24.07
Poquoson City,VA,51735,51735,5.64
Portsmouth City,VA,51740,51740,16.8
Radford City,VA,51750,51750,36.31
Richmond City,VA,51760,51760,23.23
Roanoke City,VA,51770,51770,20.77
Salem City,VA,51775,51775,9.06
Staunton City,VA,51790,51790,11.1
Suffolk City,VA,51800,51800,10.36
Virginia Beach City,VA,51810,51810,7.32
Waynesboro City,VA,51820,51820,16.76
Williamsburg City,VA,51830,51830,20.74
Winchester City,VA,51840,51840,16.26
Adams,WA,53001,53001,25.61
Asotin,WA,53003,53003,12.62
Benton,WA,53005,53005,11.93
Chelan,WA,53007,53007,11.74
Clallam,WA,53009,53009,14.52
Clark,WA,53011,53011,9.26
Columbia,WA,53013,53013,11.31
Cowlitz,WA,53015,53015,14.38
Douglas,WA,53017,53017,11.58
Ferry,WA,53019,53019,17.27
Franklin,WA,53021,53021,15.15
Garfield,WA,53023,53023,10.29
Grant,WA,53025,53025,14.83
Grays Harbor,WA,53027,53027,14.42
Island,WA,53029,53029,7.84
Jefferson,WA,53031,53031,12.96
King,WA,53033,53033,8.94
Kitsap,WA,53035,53035,8.71
Kittitas,WA,53037,53037,18.02
Klickitat,WA,53039,53039,15.58
Lewis,WA,53041,53041,13.09
Lincoln,WA,53043,53043,12.54
Mason,WA,53045,53045,13.96
Okanogan,WA,53047,53047,19.53
Pacific,WA,53049,53049,16
Pend Oreille,WA,53051,53051,12.67
Pierce,WA,53053,53053,10.43
San Juan,WA,53055,53055,10.22
Skagit,WA,53057,53057,11.98
Skamania,WA,53059,53059,12.84
Snohomish,WA,53061,53061,7.5
Spokane,WA,53063,53063,13.69
Stevens,WA,53065,53065,14.22
Thurston,WA,53067,53067,10.38
Wahkiakum,WA,53069,53069,7.32
Walla Walla,WA,53071,53071,13.26
Whatcom,WA,53073,53073,14.12
Whitman,WA,53075,53075,26.53
Yakima,WA,53077,53077,17.39
Barbour,WV,54001,54001,20.8
Berkeley,WV,54003,54003,12.18
Boone,WV,54005,54005,23.12
Braxton,WV,54007,54007,21.97
Brooke,WV,54009,54009,13.18
Cabell,WV,54011,54011,22.3
Calhoun,WV,54013,54013,21.72
Clay,WV,54015,54015,27.46
Doddridge,WV,54017,54017,15.74
Fayette,WV,54019,54019,20.51
Gilmer,WV,54021,54021,16.4
Grant,WV,54023,54023,10.87
Greenbrier,WV,54025,54025,16
Hampshire,WV,54027,54027,17.84
Hancock,WV,54029,54029,13.92
Hardy,WV,54031,54031,13.76
Harrison,WV,54033,54033,15.31
Jackson,WV,54035,54035,17.68
Jefferson,WV,54037,54037,9.72
Kanawha,WV,54039,54039,17.19
Lewis,WV,54041,54041,21.13
Lincoln,WV,54043,54043,22.83
Logan,WV,54045,54045,25.42
McDowell,WV,54047,54047,33.15
Marion,WV,54049,54049,16.37
Marshall,WV,54051,54051,14.51
Mason,WV,54053,54053,15.93
Mercer,WV,54055,54055,19.79
Mineral,WV,54057,54057,13.8
Mingo,WV,54059,54059,28.71
Monongalia,WV,54061,54061,20.76
Monroe,WV,54063,54063,15.26
Morgan,WV,54065,54065,7.9
Nicholas,WV,54067,54067,18.32
Ohio,WV,54069,54069,12.56
Pendleton,WV,54071,54071,15.17
Pleasants,WV,54073,54073,12.3
Pocahontas,WV,54075,54075,16.62
Preston,WV,54077,54077,15.36
Putnam,WV,54079,54079,9.77
Raleigh,WV,54081,54081,18.62
Randolph,WV,54083,54083,18.51
Ritchie,WV,54085,54085,18.33
Roane,WV,54087,54087,18.43
Summers,WV,54089,54089,21.74
Taylor,WV,54091,54091,16.75
Tucker,WV,54093,54093,12.53
Tyler,WV,54095,54095,16.64
Upshur,WV,54097,54097,20.64
Wayne,WV,54099,54099,23.24
Webster,WV,54101,54101,26.07
Wetzel,WV,54103,54103,22.14
Wirt,WV,54105,54105,16.15
Wood,WV,54107,54107,16.82
Wyoming,WV,54109,54109,22.38
Adams,WI,55001,55001,12.88
Ashland,WI,55003,55003,17.35
Barron,WI,55005,55005,10.71
Bayfield,WI,55007,55007,11
Brown,WI,55009,55009,9.77
Buffalo,WI,55011,55011,9.44
Burnett,WI,55013,55013,12.43
Calumet,WI,55015,55015,5.78
Chippewa,WI,55017,55017,10.28
Clark,WI,55019,55019,12.08
Columbia,WI,55021,55021,7.13
Crawford,WI,55023,55023,12.39
Dane,WI,55025,55025,10.91
Dodge,WI,55027,55027,8.27
Door,WI,55029,55029,7.59
Douglas,WI,55031,55031,11.98
Dunn,WI,55033,55033,11.76
Eau Claire,WI,55035,55035,13.82
Florence,WI,55037,55037,10.3
Fond du Lac,WI,55039,55039,8.4
Forest,WI,55041,55041,17.32
Grant,WI,55043,55043,15.15
Green,WI,55045,55045,7.06
Green Lake,WI,55047,55047,11.68
Iowa,WI,55049,55049,8.82
Iron,WI,55051,55051,14.56
Jackson,WI,55053,55053,11.61
Jefferson,WI,55055,55055,8.34
Juneau,WI,55057,55057,15.05
Kenosha,WI,55059,55059,12.31
Kewaunee,WI,55061,55061,7.77
La Crosse,WI,55063,55063,12.89
Lafayette,WI,55065,55065,11.24
Langlade,WI,55067,55067,13.23
Lincoln,WI,55069,55069,9.03
Manitowoc,WI,55071,55071,9.97
Marathon,WI,55073,55073,9.17
Marinette,WI,55075,55075,13.18
Marquette,WI,55077,55077,10.65
Menominee,WI,55078,55078,35.31
Milwaukee,WI,55079,55079,18.97
Monroe,WI,55081,55081,11.3
Oconto,WI,55083,55083,9.13
Oneida,WI,55085,55085,7.86
Outagamie,WI,55087,55087,7.79
Ozaukee,WI,55089,55089,5.34
Pepin,WI,55091,55091,10.47
Pierce,WI,55093,55093,9.27
Polk,WI,55095,55095,9.15
Portage,WI,55097,55097,12.05
Price,WI,55099,55099,13.13
Racine,WI,55101,55101,12.43
Richland,WI,55103,55103,14.09
Rock,WI,55105,55105,12.85
Rusk,WI,55107,55107,12.12
St. Croix,WI,55109,55109,5.24
Sauk,WI,55111,55111,9.9
Sawyer,WI,55113,55113,16.21
Shawano,WI,55115,55115,10.47
Sheboygan,WI,55117,55117,7.24
Taylor,WI,55119,55119,9.91
Trempealeau,WI,55121,55121,7.84
Vernon,WI,55123,55123,16.07
Vilas,WI,55125,55125,12.71
Walworth,WI,55127,55127,10.64
Washburn,WI,55129,55129,13.5
Washington,WI,55131,55131,4.61
Waukesha,WI,55133,55133,4.83
Waupaca,WI,55135,55135,10.39
Waushara,WI,55137,55137,11.17
Winnebago,WI,55139,55139,11.33
Wood,WI,55141,55141,10.27
Albany,WY,56001,56001,20.74
Big Horn,WY,56003,56003,12.67
Campbell,WY,56005,56005,12.16
Carbon,WY,56007,56007,12.43
Converse,WY,56009,56009,9.62
Crook,WY,56011,56011,9.14
Fremont,WY,56013,56013,12.96
Goshen,WY,56015,56015,11.46
Hot Springs,WY,56017,56017,15.18
Johnson,WY,56019,56019,12.06
Laramie,WY,56021,56021,9.92
Lincoln,WY,56023,56023,8.23
Natrona,WY,56025,56025,9.45
Niobrara,WY,56027,56027,20.15
Park,WY,56029,56029,8.45
Platte,WY,56031,56031,13.86
Sheridan,WY,56033,56033,5.9
Sublette,WY,56035,56035,10.15
Sweetwater,WY,56037,56037,11.46
Teton,WY,56039,56039,6.15
Uinta,WY,56041,56041,11.34
Washakie,WY,56043,56043,10.51
Weston,WY,56045,56045,14.47
Eastern,AS,60010,60010,N/A
Manu'a,AS,60020,60020,N/A
Rose Island,AS,60030,60030,N/A
Swains Island,AS,60040,60040,N/A
Western,AS,60050,60050,N/A
Guam,GU,66010,66010,N/A
Northern Islands,MP,69085,69085,N/A
Rota,MP,69100,69100,N/A
Saipan,MP,69110,69110,N/A
Tinian,MP,69120,69120,N/A
Adjuntas,PR,72001,72001,62.03
Aguada,PR,72003,72003,49.59
Aguadilla,PR,72005,72005,51.55
Aguas Buenas,PR,72007,72007,46.64
Aibonito,PR,72009,72009,43.62
Aasco,PR,72011,72011,45.95
Arecibo,PR,72013,72013,47.37
Arroyo,PR,72015,72015,59.23
Barceloneta,PR,72017,72017,48.55
Barranquitas,PR,72019,72019,55.91
Bayamn,PR,72021,72021,34.57
Cabo Rojo,PR,72023,72023,51.1
Caguas,PR,72025,72025,37.73
Camuy,PR,72027,72027,49.97
Canvanas,PR,72029,72029,42.07
Carolina,PR,72031,72031,30.9
Catao,PR,72033,72033,48.6
Cayey,PR,72035,72035,40.94
Ceiba,PR,72037,72037,41.51
Ciales,PR,72039,72039,55.09
Cidra,PR,72041,72041,44.73
Coamo,PR,72043,72043,46.03
Comero,PR,72045,72045,58.74
Corozal,PR,72047,72047,56
Culebra,PR,72049,72049,36.02
Dorado,PR,72051,72051,32.73
Fajardo,PR,72053,72053,43.68
Florida,PR,72054,72054,50.46
Gunica,PR,72055,72055,63.37
Guayama,PR,72057,72057,50.17
Guayanilla,PR,72059,72059,54.81
Guaynabo,PR,72061,72061,25.33
Gurabo,PR,72063,72063,30.7
Hatillo,PR,72065,72065,45.36
Hormigueros,PR,72067,72067,43.62
Humacao,PR,72069,72069,42.95
Isabela,PR,72071,72071,55.69
Jayuya,PR,72073,72073,60.98
Juana Daz,PR,72075,72075,46.7
Juncos,PR,72077,72077,47.4
Lajas,PR,72079,72079,63.18
Lares,PR,72081,72081,55.89
Las Maras,PR,72083,72083,50.64
Las Piedras,PR,72085,72085,41.91
Loza,PR,72087,72087,48.22
Luquillo,PR,72089,72089,42.56
Manat,PR,72091,72091,46.95
Maricao,PR,72093,72093,64.49
Maunabo,PR,72095,72095,45.36
Mayagez,PR,72097,72097,53.85
Moca,PR,72099,72099,54.21
Morovis,PR,72101,72101,44.94
Naguabo,PR,72103,72103,47.36
Naranjito,PR,72105,72105,46.44
Orocovis,PR,72107,72107,56.17
Patillas,PR,72109,72109,54
Peuelas,PR,72111,72111,57.36
Ponce,PR,72113,72113,51.41
Quebradillas,PR,72115,72115,49.34
Rincn,PR,72117,72117,41.75
Ro Grande,PR,72119,72119,39.44
Sabana Grande,PR,72121,72121,46.46
Salinas,PR,72123,72123,49.92
San Germn,PR,72125,72125,50.68
San Juan,PR,72127,72127,40.99
San Lorenzo,PR,72129,72129,43.86
San Sebastin,PR,72131,72131,53.46
Santa Isabel,PR,72133,72133,45.35
Toa Alta,PR,72135,72135,29.4
Toa Baja,PR,72137,72137,36.54
Trujillo Alto,PR,72139,72139,29.46
Utuado,PR,72141,72141,52.6
Vega Alta,PR,72143,72143,45.87
Vega Baja,PR,72145,72145,45.18
Vieques,PR,72147,72147,45.88
Villalba,PR,72149,72149,47.8
Yabucoa,PR,72151,72151,53.12
Yauco,PR,72153,72153,49.03
St. Croix,VI,78010,78010,N/A
St. John,VI,78020,78020,N/A
St. Thomas,VI,78030,78030,N/A