County,State,FIPS Code,Formatted FIPS,"Estimated median age of all people, between 2015-2019."
Autauga,AL,1001,01001,38
Baldwin,AL,1003,01003,43
Barbour,AL,1005,01005,40
Bibb,AL,1007,01007,41
Blount,AL,1009,01009,41
Bullock,AL,1011,01011,40
Butler,AL,1013,01013,41
Calhoun,AL,1015,01015,40
Chambers,AL,1017,01017,42
Cherokee,AL,1019,01019,47
Chilton,AL,1021,01021,39
Choctaw,AL,1023,01023,46
Clarke,AL,1025,01025,43
Clay,AL,1027,01027,43
Cleburne,AL,1029,01029,43
Coffee,AL,1031,01031,39
Colbert,AL,1033,01033,42
Conecuh,AL,1035,01035,45
Coosa,AL,1037,01037,48
Covington,AL,1039,01039,43
Crenshaw,AL,1041,01041,42
Cullman,AL,1043,01043,41
Dale,AL,1045,01045,37
Dallas,AL,1047,01047,40
DeKalb,AL,1049,01049,40
Elmore,AL,1051,01051,39
Escambia,AL,1053,01053,40
Etowah,AL,1055,01055,41
Fayette,AL,1057,01057,44
Franklin,AL,1059,01059,39
Geneva,AL,1061,01061,43
Greene,AL,1063,01063,41
Hale,AL,1065,01065,41
Henry,AL,1067,01067,44
Houston,AL,1069,01069,40
Jackson,AL,1071,01071,43
Jefferson,AL,1073,01073,38
Lamar,AL,1075,01075,45
Lauderdale,AL,1077,01077,41
Lawrence,AL,1079,01079,42
Lee,AL,1081,01081,32
Limestone,AL,1083,01083,40
Lowndes,AL,1085,01085,42
Macon,AL,1087,01087,39
Madison,AL,1089,01089,39
Marengo,AL,1091,01091,42
Marion,AL,1093,01093,44
Marshall,AL,1095,01095,39
Mobile,AL,1097,01097,38
Monroe,AL,1099,01099,43
Montgomery,AL,1101,01101,36
Morgan,AL,1103,01103,41
Perry,AL,1105,01105,37
Pickens,AL,1107,01107,42
Pike,AL,1109,01109,31
Randolph,AL,1111,01111,43
Russell,AL,1113,01113,36
St. Clair,AL,1115,01115,40
Shelby,AL,1117,01117,39
Sumter,AL,1119,01119,36
Talladega,AL,1121,01121,41
Tallapoosa,AL,1123,01123,45
Tuscaloosa,AL,1125,01125,33
Walker,AL,1127,01127,42
Washington,AL,1129,01129,44
Wilcox,AL,1131,01131,41
Winston,AL,1133,01133,45
Aleutians East,AK,2013,02013,43
Aleutians West,AK,2016,02016,39
Anchorage,AK,2020,02020,34
Bethel,AK,2050,02050,27
Bristol Bay,AK,2060,02060,43
Denali,AK,2068,02068,42
Dillingham,AK,2070,02070,30
Fairbanks North Star,AK,2090,02090,31
Haines,AK,2100,02100,45
Hoonah-Angoon,AK,2105,02105,50
Juneau,AK,2110,02110,38
Kenai Peninsula,AK,2122,02122,41
Ketchikan Gateway,AK,2130,02130,40
Kodiak Island,AK,2150,02150,34
Lake and Peninsula,AK,2164,02164,35
Matanuska-Susitna,AK,2170,02170,35
Nome,AK,2180,02180,28
North Slope,AK,2185,02185,35
Northwest Arctic,AK,2188,02188,28
Petersburg,AK,2195,02195,43
Prince of Wales-Hyder,AK,2198,02198,41
Sitka,AK,2220,02220,40
Skagway,AK,2230,02230,40
Southeast Fairbanks,AK,2240,02240,37
Valdez-Cordova,AK,2261,02261,38
Wade Hampton,AK,2270,02270,24
Wrangell,AK,2275,02275,49
Yakutat,AK,2282,02282,37
Yukon-Koyukuk,AK,2290,02290,35
Apache,AZ,4001,04001,35
Cochise,AZ,4003,04003,41
Coconino,AZ,4005,04005,31
Gila,AZ,4007,04007,50
Graham,AZ,4009,04009,34
Greenlee,AZ,4011,04011,35
La Paz,AZ,4012,04012,57
Maricopa,AZ,4013,04013,36
Mohave,AZ,4015,04015,52
Navajo,AZ,4017,04017,37
Pima,AZ,4019,04019,39
Pinal,AZ,4021,04021,39
Santa Cruz,AZ,4023,04023,37
Yavapai,AZ,4025,04025,53
Yuma,AZ,4027,04027,35
Arkansas,AR,5001,05001,41
Ashley,AR,5003,05003,42
Baxter,AR,5005,05005,52
Benton,AR,5007,05007,35
Boone,AR,5009,05009,42
Bradley,AR,5011,05011,41
Calhoun,AR,5013,05013,45
Carroll,AR,5015,05015,45
Chicot,AR,5017,05017,43
Clark,AR,5019,05019,34
Clay,AR,5021,05021,43
Cleburne,AR,5023,05023,49
Cleveland,AR,5025,05025,43
Columbia,AR,5027,05027,36
Conway,AR,5029,05029,43
Craighead,AR,5031,05031,34
Crawford,AR,5033,05033,39
Crittenden,AR,5035,05035,35
Cross,AR,5037,05037,41
Dallas,AR,5039,05039,44
Desha,AR,5041,05041,40
Drew,AR,5043,05043,37
Faulkner,AR,5045,05045,33
Franklin,AR,5047,05047,41
Fulton,AR,5049,05049,48
Garland,AR,5051,05051,45
Grant,AR,5053,05053,41
Greene,AR,5055,05055,38
Hempstead,AR,5057,05057,40
Hot Spring,AR,5059,05059,41
Howard,AR,5061,05061,39
Independence,AR,5063,05063,39
Izard,AR,5065,05065,48
Jackson,AR,5067,05067,40
Jefferson,AR,5069,05069,39
Johnson,AR,5071,05071,38
Lafayette,AR,5073,05073,47
Lawrence,AR,5075,05075,41
Lee,AR,5077,05077,43
Lincoln,AR,5079,05079,39
Little River,AR,5081,05081,43
Logan,AR,5083,05083,42
Lonoke,AR,5085,05085,36
Madison,AR,5087,05087,43
Marion,AR,5089,05089,52
Miller,AR,5091,05091,40
Mississippi,AR,5093,05093,37
Monroe,AR,5095,05095,47
Montgomery,AR,5097,05097,50
Nevada,AR,5099,05099,44
Newton,AR,5101,05101,49
Ouachita,AR,5103,05103,43
Perry,AR,5105,05105,44
Phillips,AR,5107,05107,39
Pike,AR,5109,05109,43
Poinsett,AR,5111,05111,40
Polk,AR,5113,05113,44
Pope,AR,5115,05115,35
Prairie,AR,5117,05117,47
Pulaski,AR,5119,05119,37
Randolph,AR,5121,05121,41
St. Francis,AR,5123,05123,39
Saline,AR,5125,05125,40
Scott,AR,5127,05127,41
Searcy,AR,5129,05129,48
Sebastian,AR,5131,05131,38
Sevier,AR,5133,05133,35
Sharp,AR,5135,05135,48
Stone,AR,5137,05137,50
Union,AR,5139,05139,40
Van Buren,AR,5141,05141,48
Washington,AR,5143,05143,32
White,AR,5145,05145,37
Woodruff,AR,5147,05147,46
Yell,AR,5149,05149,40
Alameda,CA,6001,06001,38
Alpine,CA,6003,06003,52
Amador,CA,6005,06005,51
Butte,CA,6007,06007,37
Calaveras,CA,6009,06009,52
Colusa,CA,6011,06011,35
Contra Costa,CA,6013,06013,40
Del Norte,CA,6015,06015,40
El Dorado,CA,6017,06017,46
Fresno,CA,6019,06019,32
Glenn,CA,6021,06021,36
Humboldt,CA,6023,06023,38
Imperial,CA,6025,06025,32
Inyo,CA,6027,06027,46
Kern,CA,6029,06029,32
Kings,CA,6031,06031,32
Lake,CA,6033,06033,46
Lassen,CA,6035,06035,37
Los Angeles,CA,6037,06037,37
Madera,CA,6039,06039,34
Marin,CA,6041,06041,47
Mariposa,CA,6043,06043,52
Mendocino,CA,6045,06045,43
Merced,CA,6047,06047,31
Modoc,CA,6049,06049,48
Mono,CA,6051,06051,38
Monterey,CA,6053,06053,34
Napa,CA,6055,06055,41
Nevada,CA,6057,06057,51
Orange,CA,6059,06059,38
Placer,CA,6061,06061,42
Plumas,CA,6063,06063,52
Riverside,CA,6065,06065,36
Sacramento,CA,6067,06067,36
San Benito,CA,6069,06069,36
San Bernardino,CA,6071,06071,33
San Diego,CA,6073,06073,36
San Francisco,CA,6075,06075,38
San Joaquin,CA,6077,06077,34
San Luis Obispo,CA,6079,06079,39
San Mateo,CA,6081,06081,40
Santa Barbara,CA,6083,06083,34
Santa Clara,CA,6085,06085,37
Santa Cruz,CA,6087,06087,38
Shasta,CA,6089,06089,42
Sierra,CA,6091,06091,55
Siskiyou,CA,6093,06093,48
Solano,CA,6095,06095,38
Sonoma,CA,6097,06097,42
Stanislaus,CA,6099,06099,34
Sutter,CA,6101,06101,36
Tehama,CA,6103,06103,41
Trinity,CA,6105,06105,53
Tulare,CA,6107,06107,31
Tuolumne,CA,6109,06109,48
Ventura,CA,6111,06111,38
Yolo,CA,6113,06113,31
Yuba,CA,6115,06115,33
Adams,CO,8001,08001,34
Alamosa,CO,8003,08003,32
Arapahoe,CO,8005,08005,37
Archuleta,CO,8007,08007,51
Baca,CO,8009,08009,46
Bent,CO,8011,08011,40
Boulder,CO,8013,08013,37
Broomfield,CO,8014,08014,38
Chaffee,CO,8015,08015,49
Cheyenne,CO,8017,08017,39
Clear Creek,CO,8019,08019,48
Conejos,CO,8021,08021,39
Costilla,CO,8023,08023,52
Crowley,CO,8025,08025,35
Custer,CO,8027,08027,60
Delta,CO,8029,08029,47
Denver,CO,8031,08031,35
Dolores,CO,8033,08033,49
Douglas,CO,8035,08035,39
Eagle,CO,8037,08037,37
Elbert,CO,8039,08039,46
El Paso,CO,8041,08041,34
Fremont,CO,8043,08043,45
Garfield,CO,8045,08045,37
Gilpin,CO,8047,08047,49
Grand,CO,8049,08049,43
Gunnison,CO,8051,08051,35
Hinsdale,CO,8053,08053,56
Huerfano,CO,8055,08055,55
Jackson,CO,8057,08057,52
Jefferson,CO,8059,08059,40
Kiowa,CO,8061,08061,43
Kit Carson,CO,8063,08063,38
Lake,CO,8065,08065,37
La Plata,CO,8067,08067,40
Larimer,CO,8069,08069,36
Las Animas,CO,8071,08071,46
Lincoln,CO,8073,08073,38
Logan,CO,8075,08075,38
Mesa,CO,8077,08077,40
Mineral,CO,8079,08079,56
Moffat,CO,8081,08081,37
Montezuma,CO,8083,08083,45
Montrose,CO,8085,08085,45
Morgan,CO,8087,08087,36
Otero,CO,8089,08089,40
Ouray,CO,8091,08091,54
Park,CO,8093,08093,51
Phillips,CO,8095,08095,37
Pitkin,CO,8097,08097,42
Prowers,CO,8099,08099,38
Pueblo,CO,8101,08101,39
Rio Blanco,CO,8103,08103,37
Rio Grande,CO,8105,08105,42
Routt,CO,8107,08107,40
Saguache,CO,8109,08109,49
San Juan,CO,8111,08111,51
San Miguel,CO,8113,08113,42
Sedgwick,CO,8115,08115,44
Summit,CO,8117,08117,39
Teller,CO,8119,08119,50
Washington,CO,8121,08121,42
Weld,CO,8123,08123,34
Yuma,CO,8125,08125,38
Fairfield,CT,9001,09001,41
Hartford,CT,9003,09003,40
Litchfield,CT,9005,09005,47
Middlesex,CT,9007,09007,46
New Haven,CT,9009,09009,40
New London,CT,9011,09011,41
Tolland,CT,9013,09013,38
Windham,CT,9015,09015,41
Kent,DE,10001,10001,38
New Castle,DE,10003,10003,38
Sussex,DE,10005,10005,50
District of Columbia,DC,11001,11001,34
Alachua,FL,12001,12001,32
Baker,FL,12003,12003,38
Bay,FL,12005,12005,40
Bradford,FL,12007,12007,40
Brevard,FL,12009,12009,47
Broward,FL,12011,12011,40
Calhoun,FL,12013,12013,42
Charlotte,FL,12015,12015,59
Citrus,FL,12017,12017,57
Clay,FL,12019,12019,40
Collier,FL,12021,12021,51
Columbia,FL,12023,12023,40
DeSoto,FL,12027,12027,41
Dixie,FL,12029,12029,47
Duval,FL,12031,12031,36
Escambia,FL,12033,12033,37
Flagler,FL,12035,12035,51
Franklin,FL,12037,12037,46
Gadsden,FL,12039,12039,41
Gilchrist,FL,12041,12041,42
Glades,FL,12043,12043,48
Gulf,FL,12045,12045,45
Hamilton,FL,12047,12047,41
Hardee,FL,12049,12049,35
Hendry,FL,12051,12051,34
Hernando,FL,12053,12053,49
Highlands,FL,12055,12055,54
Hillsborough,FL,12057,12057,37
Holmes,FL,12059,12059,43
Indian River,FL,12061,12061,54
Jackson,FL,12063,12063,42
Jefferson,FL,12065,12065,48
Lafayette,FL,12067,12067,37
Lake,FL,12069,12069,47
Lee,FL,12071,12071,49
Leon,FL,12073,12073,31
Levy,FL,12075,12075,47
Liberty,FL,12077,12077,41
Madison,FL,12079,12079,44
Manatee,FL,12081,12081,48
Marion,FL,12083,12083,49
Martin,FL,12085,12085,52
Miami-Dade,FL,12086,12086,40
Monroe,FL,12087,12087,48
Nassau,FL,12089,12089,45
Okaloosa,FL,12091,12091,37
Okeechobee,FL,12093,12093,41
Orange,FL,12095,12095,35
Osceola,FL,12097,12097,36
Palm Beach,FL,12099,12099,45
Pasco,FL,12101,12101,45
Pinellas,FL,12103,12103,48
Polk,FL,12105,12105,40
Putnam,FL,12107,12107,45
St. Johns,FL,12109,12109,44
St. Lucie,FL,12111,12111,45
Santa Rosa,FL,12113,12113,40
Sarasota,FL,12115,12115,56
Seminole,FL,12117,12117,39
Sumter,FL,12119,12119,67
Suwannee,FL,12121,12121,43
Taylor,FL,12123,12123,42
Union,FL,12125,12125,39
Volusia,FL,12127,12127,47
Wakulla,FL,12129,12129,41
Walton,FL,12131,12131,44
Washington,FL,12133,12133,42
Appling,GA,13001,13001,40
Atkinson,GA,13003,13003,36
Bacon,GA,13005,13005,37
Baker,GA,13007,13007,46
Baldwin,GA,13009,13009,36
Banks,GA,13011,13011,41
Barrow,GA,13013,13013,36
Bartow,GA,13015,13015,38
Ben Hill,GA,13017,13017,40
Berrien,GA,13019,13019,40
Bibb,GA,13021,13021,36
Bleckley,GA,13023,13023,36
Brantley,GA,13025,13025,41
Brooks,GA,13027,13027,42
Bryan,GA,13029,13029,35
Bulloch,GA,13031,13031,29
Burke,GA,13033,13033,37
Butts,GA,13035,13035,39
Calhoun,GA,13037,13037,40
Camden,GA,13039,13039,33
Candler,GA,13043,13043,39
Carroll,GA,13045,13045,35
Catoosa,GA,13047,13047,40
Charlton,GA,13049,13049,41
Chatham,GA,13051,13051,36
Chattahoochee,GA,13053,13053,25
Chattooga,GA,13055,13055,39
Cherokee,GA,13057,13057,39
Clarke,GA,13059,13059,28
Clay,GA,13061,13061,50
Clayton,GA,13063,13063,33
Clinch,GA,13065,13065,40
Cobb,GA,13067,13067,37
Coffee,GA,13069,13069,36
Colquitt,GA,13071,13071,37
Columbia,GA,13073,13073,37
Cook,GA,13075,13075,37
Coweta,GA,13077,13077,39
Crawford,GA,13079,13079,44
Crisp,GA,13081,13081,39
Dade,GA,13083,13083,43
Dawson,GA,13085,13085,44
Decatur,GA,13087,13087,38
DeKalb,GA,13089,13089,36
Dodge,GA,13091,13091,42
Dooly,GA,13093,13093,43
Dougherty,GA,13095,13095,36
Douglas,GA,13097,13097,37
Early,GA,13099,13099,40
Echols,GA,13101,13101,41
Effingham,GA,13103,13103,36
Elbert,GA,13105,13105,43
Emanuel,GA,13107,13107,37
Evans,GA,13109,13109,38
Fannin,GA,13111,13111,52
Fayette,GA,13113,13113,43
Floyd,GA,13115,13115,38
Forsyth,GA,13117,13117,39
Franklin,GA,13119,13119,41
Fulton,GA,13121,13121,36
Gilmer,GA,13123,13123,47
Glascock,GA,13125,13125,43
Glynn,GA,13127,13127,42
Gordon,GA,13129,13129,38
Grady,GA,13131,13131,40
Greene,GA,13133,13133,50
Gwinnett,GA,13135,13135,35
Habersham,GA,13137,13137,40
Hall,GA,13139,13139,37
Hancock,GA,13141,13141,46
Haralson,GA,13143,13143,40
Harris,GA,13145,13145,43
Hart,GA,13147,13147,44
Heard,GA,13149,13149,42
Henry,GA,13151,13151,37
Houston,GA,13153,13153,35
Irwin,GA,13155,13155,40
Jackson,GA,13157,13157,38
Jasper,GA,13159,13159,43
Jeff Davis,GA,13161,13161,37
Jefferson,GA,13163,13163,40
Jenkins,GA,13165,13165,44
Johnson,GA,13167,13167,42
Jones,GA,13169,13169,40
Lamar,GA,13171,13171,38
Lanier,GA,13173,13173,36
Laurens,GA,13175,13175,39
Lee,GA,13177,13177,37
Liberty,GA,13179,13179,28
Lincoln,GA,13181,13181,47
Long,GA,13183,13183,33
Lowndes,GA,13185,13185,31
Lumpkin,GA,13187,13187,37
McDuffie,GA,13189,13189,38
McIntosh,GA,13191,13191,49
Macon,GA,13193,13193,40
Madison,GA,13195,13195,41
Marion,GA,13197,13197,45
Meriwether,GA,13199,13199,42
Miller,GA,13201,13201,44
Mitchell,GA,13205,13205,39
Monroe,GA,13207,13207,43
Montgomery,GA,13209,13209,40
Morgan,GA,13211,13211,45
Murray,GA,13213,13213,38
Muscogee,GA,13215,13215,34
Newton,GA,13217,13217,36
Oconee,GA,13219,13219,40
Oglethorpe,GA,13221,13221,42
Paulding,GA,13223,13223,36
Peach,GA,13225,13225,38
Pickens,GA,13227,13227,45
Pierce,GA,13229,13229,39
Pike,GA,13231,13231,40
Polk,GA,13233,13233,37
Pulaski,GA,13235,13235,43
Putnam,GA,13237,13237,46
Quitman,GA,13239,13239,47
Rabun,GA,13241,13241,49
Randolph,GA,13243,13243,41
Richmond,GA,13245,13245,34
Rockdale,GA,13247,13247,38
Schley,GA,13249,13249,38
Screven,GA,13251,13251,41
Seminole,GA,13253,13253,45
Spalding,GA,13255,13255,39
Stephens,GA,13257,13257,42
Stewart,GA,13259,13259,35
Sumter,GA,13261,13261,36
Talbot,GA,13263,13263,50
Taliaferro,GA,13265,13265,44
Tattnall,GA,13267,13267,37
Taylor,GA,13269,13269,45
Telfair,GA,13271,13271,42
Terrell,GA,13273,13273,41
Thomas,GA,13275,13275,40
Tift,GA,13277,13277,36
Toombs,GA,13279,13279,36
Towns,GA,13281,13281,54
Treutlen,GA,13283,13283,40
Troup,GA,13285,13285,36
Turner,GA,13287,13287,40
Twiggs,GA,13289,13289,46
Union,GA,13291,13291,54
Upson,GA,13293,13293,42
Walker,GA,13295,13295,41
Walton,GA,13297,13297,39
Ware,GA,13299,13299,40
Warren,GA,13301,13301,45
Washington,GA,13303,13303,42
Wayne,GA,13305,13305,39
Webster,GA,13307,13307,45
Wheeler,GA,13309,13309,39
White,GA,13311,13311,46
Whitfield,GA,13313,13313,36
Wilcox,GA,13315,13315,40
Wilkes,GA,13317,13317,45
Wilkinson,GA,13319,13319,43
Worth,GA,13321,13321,42
Hawaii,HI,15001,15001,43
Honolulu,HI,15003,15003,38
Kalawao,HI,15005,15005,57
Kauai,HI,15007,15007,43
Maui,HI,15009,15009,41
Ada,ID,16001,16001,37
Adams,ID,16003,16003,55
Bannock,ID,16005,16005,34
Bear Lake,ID,16007,16007,40
Benewah,ID,16009,16009,46
Bingham,ID,16011,16011,34
Blaine,ID,16013,16013,43
Boise,ID,16015,16015,54
Bonner,ID,16017,16017,48
Bonneville,ID,16019,16019,33
Boundary,ID,16021,16021,44
Butte,ID,16023,16023,45
Camas,ID,16025,16025,45
Canyon,ID,16027,16027,34
Caribou,ID,16029,16029,37
Cassia,ID,16031,16031,33
Clark,ID,16033,16033,33
Clearwater,ID,16035,16035,50
Custer,ID,16037,16037,53
Elmore,ID,16039,16039,32
Franklin,ID,16041,16041,33
Fremont,ID,16043,16043,38
Gem,ID,16045,16045,45
Gooding,ID,16047,16047,39
Idaho,ID,16049,16049,50
Jefferson,ID,16051,16051,32
Jerome,ID,16053,16053,33
Kootenai,ID,16055,16055,40
Latah,ID,16057,16057,29
Lemhi,ID,16059,16059,52
Lewis,ID,16061,16061,49
Lincoln,ID,16063,16063,35
Madison,ID,16065,16065,24
Minidoka,ID,16067,16067,35
Nez Perce,ID,16069,16069,41
Oneida,ID,16071,16071,39
Owyhee,ID,16073,16073,39
Payette,ID,16075,16075,40
Power,ID,16077,16077,38
Shoshone,ID,16079,16079,47
Teton,ID,16081,16081,37
Twin Falls,ID,16083,16083,35
Valley,ID,16085,16085,51
Washington,ID,16087,16087,45
Adams,IL,17001,17001,42
Alexander,IL,17003,17003,45
Bond,IL,17005,17005,42
Boone,IL,17007,17007,39
Brown,IL,17009,17009,39
Bureau,IL,17011,17011,44
Calhoun,IL,17013,17013,47
Carroll,IL,17015,17015,48
Cass,IL,17017,17017,40
Champaign,IL,17019,17019,30
Christian,IL,17021,17021,43
Clark,IL,17023,17023,42
Clay,IL,17025,17025,43
Clinton,IL,17027,17027,41
Coles,IL,17029,17029,36
Cook,IL,17031,17031,37
Crawford,IL,17033,17033,42
Cumberland,IL,17035,17035,43
DeKalb,IL,17037,17037,31
De Witt,IL,17039,17039,44
Douglas,IL,17041,17041,38
DuPage,IL,17043,17043,39
Edgar,IL,17045,17045,45
Edwards,IL,17047,17047,44
Effingham,IL,17049,17049,39
Fayette,IL,17051,17051,42
Ford,IL,17053,17053,43
Franklin,IL,17055,17055,43
Fulton,IL,17057,17057,43
Gallatin,IL,17059,17059,46
Greene,IL,17061,17061,43
Grundy,IL,17063,17063,38
Hamilton,IL,17065,17065,44
Hancock,IL,17067,17067,46
Hardin,IL,17069,17069,47
Henderson,IL,17071,17071,50
Henry,IL,17073,17073,43
Iroquois,IL,17075,17075,44
Jackson,IL,17077,17077,32
Jasper,IL,17079,17079,43
Jefferson,IL,17081,17081,41
Jersey,IL,17083,17083,43
Jo Daviess,IL,17085,17085,50
Johnson,IL,17087,17087,44
Kane,IL,17089,17089,37
Kankakee,IL,17091,17091,38
Kendall,IL,17093,17093,35
Knox,IL,17095,17095,42
Lake,IL,17097,17097,38
LaSalle,IL,17099,17099,42
Lawrence,IL,17101,17101,42
Lee,IL,17103,17103,43
Livingston,IL,17105,17105,42
Logan,IL,17107,17107,40
McDonough,IL,17109,17109,33
McHenry,IL,17111,17111,40
McLean,IL,17113,17113,33
Macon,IL,17115,17115,41
Macoupin,IL,17117,17117,44
Madison,IL,17119,17119,40
Marion,IL,17121,17121,42
Marshall,IL,17123,17123,46
Mason,IL,17125,17125,45
Massac,IL,17127,17127,44
Menard,IL,17129,17129,43
Mercer,IL,17131,17131,45
Monroe,IL,17133,17133,42
Montgomery,IL,17135,17135,43
Morgan,IL,17137,17137,41
Moultrie,IL,17139,17139,41
Ogle,IL,17141,17141,42
Peoria,IL,17143,17143,38
Perry,IL,17145,17145,42
Piatt,IL,17147,17147,43
Pike,IL,17149,17149,42
Pope,IL,17151,17151,53
Pulaski,IL,17153,17153,44
Putnam,IL,17155,17155,48
Randolph,IL,17157,17157,42
Richland,IL,17159,17159,42
Rock Island,IL,17161,17161,40
St. Clair,IL,17163,17163,39
Saline,IL,17165,17165,42
Sangamon,IL,17167,17167,40
Schuyler,IL,17169,17169,46
Scott,IL,17171,17171,45
Shelby,IL,17173,17173,45
Stark,IL,17175,17175,45
Stephenson,IL,17177,17177,45
Tazewell,IL,17179,17179,41
Union,IL,17181,17181,44
Vermilion,IL,17183,17183,40
Wabash,IL,17185,17185,44
Warren,IL,17187,17187,40
Washington,IL,17189,17189,44
Wayne,IL,17191,17191,43
White,IL,17193,17193,44
Whiteside,IL,17195,17195,43
Will,IL,17197,17197,38
Williamson,IL,17199,17199,41
Winnebago,IL,17201,17201,40
Woodford,IL,17203,17203,41
Adams,IN,18001,18001,34
Allen,IN,18003,18003,36
Bartholomew,IN,18005,18005,38
Benton,IN,18007,18007,41
Blackford,IN,18009,18009,44
Boone,IN,18011,18011,38
Brown,IN,18013,18013,50
Carroll,IN,18015,18015,43
Cass,IN,18017,18017,41
Clark,IN,18019,18019,39
Clay,IN,18021,18021,42
Clinton,IN,18023,18023,38
Crawford,IN,18025,18025,43
Daviess,IN,18027,18027,34
Dearborn,IN,18029,18029,43
Decatur,IN,18031,18031,39
DeKalb,IN,18033,18033,39
Delaware,IN,18035,18035,36
Dubois,IN,18037,18037,40
Elkhart,IN,18039,18039,36
Fayette,IN,18041,18041,43
Floyd,IN,18043,18043,40
Fountain,IN,18045,18045,43
Franklin,IN,18047,18047,42
Fulton,IN,18049,18049,41
Gibson,IN,18051,18051,40
Grant,IN,18053,18053,40
Greene,IN,18055,18055,43
Hamilton,IN,18057,18057,37
Hancock,IN,18059,18059,40
Harrison,IN,18061,18061,42
Hendricks,IN,18063,18063,38
Henry,IN,18065,18065,42
Howard,IN,18067,18067,42
Huntington,IN,18069,18069,41
Jackson,IN,18071,18071,39
Jasper,IN,18073,18073,40
Jay,IN,18075,18075,40
Jefferson,IN,18077,18077,41
Jennings,IN,18079,18079,40
Johnson,IN,18081,18081,38
Knox,IN,18083,18083,38
Kosciusko,IN,18085,18085,39
LaGrange,IN,18087,18087,31
Lake,IN,18089,18089,39
LaPorte,IN,18091,18091,40
Lawrence,IN,18093,18093,43
Madison,IN,18095,18095,40
Marion,IN,18097,18097,34
Marshall,IN,18099,18099,40
Martin,IN,18101,18101,43
Miami,IN,18103,18103,40
Monroe,IN,18105,18105,30
Montgomery,IN,18107,18107,40
Morgan,IN,18109,18109,42
Newton,IN,18111,18111,43
Noble,IN,18113,18113,39
Ohio,IN,18115,18115,47
Orange,IN,18117,18117,42
Owen,IN,18119,18119,45
Parke,IN,18121,18121,43
Perry,IN,18123,18123,42
Pike,IN,18125,18125,44
Porter,IN,18127,18127,40
Posey,IN,18129,18129,43
Pulaski,IN,18131,18131,42
Putnam,IN,18133,18133,38
Randolph,IN,18135,18135,43
Ripley,IN,18137,18137,41
Rush,IN,18139,18139,42
St. Joseph,IN,18141,18141,37
Scott,IN,18143,18143,42
Shelby,IN,18145,18145,41
Spencer,IN,18147,18147,44
Starke,IN,18149,18149,42
Steuben,IN,18151,18151,44
Sullivan,IN,18153,18153,41
Switzerland,IN,18155,18155,41
Tippecanoe,IN,18157,18157,28
Tipton,IN,18159,18159,45
Union,IN,18161,18161,44
Vanderburgh,IN,18163,18163,38
Vermillion,IN,18165,18165,43
Vigo,IN,18167,18167,36
Wabash,IN,18169,18169,42
Warren,IN,18171,18171,44
Warrick,IN,18173,18173,41
Washington,IN,18175,18175,42
Wayne,IN,18177,18177,41
Wells,IN,18179,18179,40
White,IN,18181,18181,42
Whitley,IN,18183,18183,42
Adair,IA,19001,19001,45
Adams,IA,19003,19003,47
Allamakee,IA,19005,19005,44
Appanoose,IA,19007,19007,46
Audubon,IA,19009,19009,48
Benton,IA,19011,19011,43
Black Hawk,IA,19013,19013,35
Boone,IA,19015,19015,42
Bremer,IA,19017,19017,40
Buchanan,IA,19019,19019,39
Buena Vista,IA,19021,19021,35
Butler,IA,19023,19023,44
Calhoun,IA,19025,19025,45
Carroll,IA,19027,19027,42
Cass,IA,19029,19029,45
Cedar,IA,19031,19031,43
Cerro Gordo,IA,19033,19033,44
Cherokee,IA,19035,19035,46
Chickasaw,IA,19037,19037,45
Clarke,IA,19039,19039,41
Clay,IA,19041,19041,43
Clayton,IA,19043,19043,47
Clinton,IA,19045,19045,42
Crawford,IA,19047,19047,39
Dallas,IA,19049,19049,35
Davis,IA,19051,19051,37
Decatur,IA,19053,19053,36
Delaware,IA,19055,19055,44
Des Moines,IA,19057,19057,43
Dickinson,IA,19059,19059,48
Dubuque,IA,19061,19061,39
Emmet,IA,19063,19063,43
Fayette,IA,19065,19065,44
Floyd,IA,19067,19067,44
Franklin,IA,19069,19069,43
Fremont,IA,19071,19071,46
Greene,IA,19073,19073,45
Grundy,IA,19075,19075,43
Guthrie,IA,19077,19077,46
Hamilton,IA,19079,19079,43
Hancock,IA,19081,19081,44
Hardin,IA,19083,19083,45
Harrison,IA,19085,19085,44
Henry,IA,19087,19087,40
Howard,IA,19089,19089,42
Humboldt,IA,19091,19091,43
Ida,IA,19093,19093,44
Iowa,IA,19095,19095,42
Jackson,IA,19097,19097,44
Jasper,IA,19099,19099,42
Jefferson,IA,19101,19101,43
Johnson,IA,19103,19103,30
Jones,IA,19105,19105,43
Keokuk,IA,19107,19107,44
Kossuth,IA,19109,19109,46
Lee,IA,19111,19111,43
Linn,IA,19113,19113,38
Louisa,IA,19115,19115,42
Lucas,IA,19117,19117,44
Lyon,IA,19119,19119,38
Madison,IA,19121,19121,41
Mahaska,IA,19123,19123,39
Marion,IA,19125,19125,39
Marshall,IA,19127,19127,39
Mills,IA,19129,19129,43
Mitchell,IA,19131,19131,44
Monona,IA,19133,19133,46
Monroe,IA,19135,19135,43
Montgomery,IA,19137,19137,44
Muscatine,IA,19139,19139,38
O'Brien,IA,19141,19141,42
Osceola,IA,19143,19143,44
Page,IA,19145,19145,44
Palo Alto,IA,19147,19147,41
Plymouth,IA,19149,19149,40
Pocahontas,IA,19151,19151,48
Polk,IA,19153,19153,36
Pottawattamie,IA,19155,19155,40
Poweshiek,IA,19157,19157,41
Ringgold,IA,19159,19159,44
Sac,IA,19161,19161,46
Scott,IA,19163,19163,38
Shelby,IA,19165,19165,46
Sioux,IA,19167,19167,33
Story,IA,19169,19169,27
Tama,IA,19171,19171,43
Taylor,IA,19173,19173,42
Union,IA,19175,19175,40
Van Buren,IA,19177,19177,45
Wapello,IA,19179,19179,40
Warren,IA,19181,19181,38
Washington,IA,19183,19183,40
Wayne,IA,19185,19185,43
Webster,IA,19187,19187,39
Winnebago,IA,19189,19189,42
Winneshiek,IA,19191,19191,42
Woodbury,IA,19193,19193,36
Worth,IA,19195,19195,44
Wright,IA,19197,19197,44
Allen,KS,20001,20001,42
Anderson,KS,20003,20003,41
Atchison,KS,20005,20005,37
Barber,KS,20007,20007,44
Barton,KS,20009,20009,40
Bourbon,KS,20011,20011,39
Brown,KS,20013,20013,42
Butler,KS,20015,20015,39
Chase,KS,20017,20017,45
Chautauqua,KS,20019,20019,48
Cherokee,KS,20021,20021,41
Cheyenne,KS,20023,20023,46
Clark,KS,20025,20025,45
Clay,KS,20027,20027,43
Cloud,KS,20029,20029,41
Coffey,KS,20031,20031,44
Comanche,KS,20033,20033,48
Cowley,KS,20035,20035,39
Crawford,KS,20037,20037,33
Decatur,KS,20039,20039,51
Dickinson,KS,20041,20041,41
Doniphan,KS,20043,20043,41
Douglas,KS,20045,20045,30
Edwards,KS,20047,20047,46
Elk,KS,20049,20049,52
Ellis,KS,20051,20051,33
Ellsworth,KS,20053,20053,42
Finney,KS,20055,20055,31
Ford,KS,20057,20057,32
Franklin,KS,20059,20059,40
Geary,KS,20061,20061,26
Gove,KS,20063,20063,48
Graham,KS,20065,20065,50
Grant,KS,20067,20067,33
Gray,KS,20069,20069,36
Greeley,KS,20071,20071,42
Greenwood,KS,20073,20073,49
Hamilton,KS,20075,20075,36
Harper,KS,20077,20077,42
Harvey,KS,20079,20079,39
Haskell,KS,20081,20081,37
Hodgeman,KS,20083,20083,48
Jackson,KS,20085,20085,41
Jefferson,KS,20087,20087,43
Jewell,KS,20089,20089,53
Johnson,KS,20091,20091,38
Kearny,KS,20093,20093,35
Kingman,KS,20095,20095,45
Kiowa,KS,20097,20097,42
Labette,KS,20099,20099,41
Lane,KS,20101,20101,41
Leavenworth,KS,20103,20103,38
Lincoln,KS,20105,20105,47
Linn,KS,20107,20107,44
Logan,KS,20109,20109,40
Lyon,KS,20111,20111,33
McPherson,KS,20113,20113,41
Marion,KS,20115,20115,45
Marshall,KS,20117,20117,43
Meade,KS,20119,20119,38
Miami,KS,20121,20121,42
Mitchell,KS,20123,20123,43
Montgomery,KS,20125,20125,40
Morris,KS,20127,20127,47
Morton,KS,20129,20129,41
Nemaha,KS,20131,20131,40
Neosho,KS,20133,20133,40
Ness,KS,20135,20135,50
Norton,KS,20137,20137,43
Osage,KS,20139,20139,44
Osborne,KS,20141,20141,47
Ottawa,KS,20143,20143,43
Pawnee,KS,20145,20145,43
Phillips,KS,20147,20147,44
Pottawatomie,KS,20149,20149,35
Pratt,KS,20151,20151,39
Rawlins,KS,20153,20153,49
Reno,KS,20155,20155,40
Republic,KS,20157,20157,51
Rice,KS,20159,20159,39
Riley,KS,20161,20161,25
Rooks,KS,20163,20163,45
Rush,KS,20165,20165,47
Russell,KS,20167,20167,49
Saline,KS,20169,20169,39
Scott,KS,20171,20171,40
Sedgwick,KS,20173,20173,35
Seward,KS,20175,20175,29
Shawnee,KS,20177,20177,39
Sheridan,KS,20179,20179,45
Sherman,KS,20181,20181,39
Smith,KS,20183,20183,51
Stafford,KS,20185,20185,44
Stanton,KS,20187,20187,35
Stevens,KS,20189,20189,35
Sumner,KS,20191,20191,41
Thomas,KS,20193,20193,36
Trego,KS,20195,20195,49
Wabaunsee,KS,20197,20197,44
Wallace,KS,20199,20199,42
Washington,KS,20201,20201,45
Wichita,KS,20203,20203,42
Wilson,KS,20205,20205,44
Woodson,KS,20207,20207,47
Wyandotte,KS,20209,20209,34
Adair,KY,21001,21001,42
Allen,KY,21003,21003,41
Anderson,KY,21005,21005,41
Ballard,KY,21007,21007,44
Barren,KY,21009,21009,41
Bath,KY,21011,21011,41
Bell,KY,21013,21013,42
Boone,KY,21015,21015,38
Bourbon,KY,21017,21017,42
Boyd,KY,21019,21019,42
Boyle,KY,21021,21021,40
Bracken,KY,21023,21023,41
Breathitt,KY,21025,21025,42
Breckinridge,KY,21027,21027,43
Bullitt,KY,21029,21029,40
Butler,KY,21031,21031,41
Caldwell,KY,21033,21033,44
Calloway,KY,21035,21035,36
Campbell,KY,21037,21037,38
Carlisle,KY,21039,21039,43
Carroll,KY,21041,21041,39
Carter,KY,21043,21043,42
Casey,KY,21045,21045,43
Christian,KY,21047,21047,28
Clark,KY,21049,21049,42
Clay,KY,21051,21051,40
Clinton,KY,21053,21053,42
Crittenden,KY,21055,21055,44
Cumberland,KY,21057,21057,46
Daviess,KY,21059,21059,39
Edmonson,KY,21061,21061,44
Elliott,KY,21063,21063,41
Estill,KY,21065,21065,44
Fayette,KY,21067,21067,35
Fleming,KY,21069,21069,41
Floyd,KY,21071,21071,42
Franklin,KY,21073,21073,41
Fulton,KY,21075,21075,44
Gallatin,KY,21077,21077,39
Garrard,KY,21079,21079,43
Grant,KY,21081,21081,36
Graves,KY,21083,21083,40
Grayson,KY,21085,21085,40
Green,KY,21087,21087,45
Greenup,KY,21089,21089,43
Hancock,KY,21091,21091,40
Hardin,KY,21093,21093,37
Harlan,KY,21095,21095,41
Harrison,KY,21097,21097,42
Hart,KY,21099,21099,41
Henderson,KY,21101,21101,41
Henry,KY,21103,21103,41
Hickman,KY,21105,21105,48
Hopkins,KY,21107,21107,42
Jackson,KY,21109,21109,42
Jefferson,KY,21111,21111,38
Jessamine,KY,21113,21113,38
Johnson,KY,21115,21115,42
Kenton,KY,21117,21117,37
Knott,KY,21119,21119,43
Knox,KY,21121,21121,40
Larue,KY,21123,21123,41
Laurel,KY,21125,21125,40
Lawrence,KY,21127,21127,41
Lee,KY,21129,21129,44
Leslie,KY,21131,21131,42
Letcher,KY,21133,21133,42
Lewis,KY,21135,21135,43
Lincoln,KY,21137,21137,41
Livingston,KY,21139,21139,46
Logan,KY,21141,21141,41
Lyon,KY,21143,21143,51
McCracken,KY,21145,21145,42
McCreary,KY,21147,21147,39
McLean,KY,21149,21149,42
Madison,KY,21151,21151,34
Magoffin,KY,21153,21153,42
Marion,KY,21155,21155,39
Marshall,KY,21157,21157,45
Martin,KY,21159,21159,40
Mason,KY,21161,21161,41
Meade,KY,21163,21163,39
Menifee,KY,21165,21165,45
Mercer,KY,21167,21167,43
Metcalfe,KY,21169,21169,44
Monroe,KY,21171,21171,41
Montgomery,KY,21173,21173,40
Morgan,KY,21175,21175,42
Muhlenberg,KY,21177,21177,42
Nelson,KY,21179,21179,40
Nicholas,KY,21181,21181,41
Ohio,KY,21183,21183,40
Oldham,KY,21185,21185,39
Owen,KY,21187,21187,43
Owsley,KY,21189,21189,43
Pendleton,KY,21191,21191,41
Perry,KY,21193,21193,41
Pike,KY,21195,21195,43
Powell,KY,21197,21197,39
Pulaski,KY,21199,21199,42
Robertson,KY,21201,21201,43
Rockcastle,KY,21203,21203,43
Rowan,KY,21205,21205,31
Russell,KY,21207,21207,43
Scott,KY,21209,21209,36
Shelby,KY,21211,21211,39
Simpson,KY,21213,21213,39
Spencer,KY,21215,21215,42
Taylor,KY,21217,21217,38
Todd,KY,21219,21219,38
Trigg,KY,21221,21221,46
Trimble,KY,21223,21223,43
Union,KY,21225,21225,38
Warren,KY,21227,21227,33
Washington,KY,21229,21229,41
Wayne,KY,21231,21231,43
Webster,KY,21233,21233,41
Whitley,KY,21235,21235,37
Wolfe,KY,21237,21237,42
Woodford,KY,21239,21239,43
Acadia,LA,22001,22001,37
Allen,LA,22003,22003,38
Ascension,LA,22005,22005,36
Assumption,LA,22007,22007,41
Avoyelles,LA,22009,22009,38
Beauregard,LA,22011,22011,37
Bienville,LA,22013,22013,42
Bossier,LA,22015,22015,35
Caddo,LA,22017,22017,38
Calcasieu,LA,22019,22019,36
Caldwell,LA,22021,22021,40
Cameron,LA,22023,22023,44
Catahoula,LA,22025,22025,38
Claiborne,LA,22027,22027,42
Concordia,LA,22029,22029,38
De Soto,LA,22031,22031,39
East Baton Rouge,LA,22033,22033,34
East Carroll,LA,22035,22035,34
East Feliciana,LA,22037,22037,43
Evangeline,LA,22039,22039,36
Franklin,LA,22041,22041,38
Grant,LA,22043,22043,38
Iberia,LA,22045,22045,37
Iberville,LA,22047,22047,38
Jackson,LA,22049,22049,41
Jefferson,LA,22051,22051,39
Jefferson Davis,LA,22053,22053,38
Lafayette,LA,22055,22055,35
Lafourche,LA,22057,22057,38
La Salle,LA,22059,22059,39
Lincoln,LA,22061,22061,28
Livingston,LA,22063,22063,37
Madison,LA,22065,22065,35
Morehouse,LA,22067,22067,40
Natchitoches,LA,22069,22069,34
Orleans,LA,22071,22071,37
Ouachita,LA,22073,22073,36
Plaquemines,LA,22075,22075,37
Pointe Coupee,LA,22077,22077,43
Rapides,LA,22079,22079,37
Red River,LA,22081,22081,39
Richland,LA,22083,22083,39
Sabine,LA,22085,22085,41
St. Bernard,LA,22087,22087,34
St. Charles,LA,22089,22089,38
St. Helena,LA,22091,22091,39
St. James,LA,22093,22093,39
St. John the Baptist,LA,22095,22095,37
St. Landry,LA,22097,22097,37
St. Martin,LA,22099,22099,38
St. Mary,LA,22101,22101,39
St. Tammany,LA,22103,22103,40
Tangipahoa,LA,22105,22105,35
Tensas,LA,22107,22107,43
Terrebonne,LA,22109,22109,36
Union,LA,22111,22111,42
Vermilion,LA,22113,22113,38
Vernon,LA,22115,22115,30
Washington,LA,22117,22117,39
Webster,LA,22119,22119,41
West Baton Rouge,LA,22121,22121,36
West Carroll,LA,22123,22123,40
West Feliciana,LA,22125,22125,41
Winn,LA,22127,22127,41
Androscoggin,ME,23001,23001,41
Aroostook,ME,23003,23003,48
Cumberland,ME,23005,23005,42
Franklin,ME,23007,23007,46
Hancock,ME,23009,23009,49
Kennebec,ME,23011,23011,44
Knox,ME,23013,23013,48
Lincoln,ME,23015,23015,51
Oxford,ME,23017,23017,47
Penobscot,ME,23019,23019,42
Piscataquis,ME,23021,23021,52
Sagadahoc,ME,23023,23023,47
Somerset,ME,23025,23025,46
Waldo,ME,23027,23027,46
Washington,ME,23029,23029,48
York,ME,23031,23031,45
Allegany,MD,24001,24001,42
Anne Arundel,MD,24003,24003,38
Baltimore,MD,24005,24005,39
Calvert,MD,24009,24009,41
Caroline,MD,24011,24011,40
Carroll,MD,24013,24013,42
Cecil,MD,24015,24015,41
Charles,MD,24017,24017,38
Dorchester,MD,24019,24019,45
Frederick,MD,24021,24021,39
Garrett,MD,24023,24023,46
Harford,MD,24025,24025,41
Howard,MD,24027,24027,39
Kent,MD,24029,24029,48
Montgomery,MD,24031,24031,39
Prince George's,MD,24033,24033,37
Queen Anne's,MD,24035,24035,44
St. Mary's,MD,24037,24037,37
Somerset,MD,24039,24039,36
Talbot,MD,24041,24041,51
Washington,MD,24043,24043,41
Wicomico,MD,24045,24045,36
Worcester,MD,24047,24047,50
Baltimore City,MD,24510,24510,35
Barnstable,MA,25001,25001,53
Berkshire,MA,25003,25003,47
Bristol,MA,25005,25005,41
Dukes,MA,25007,25007,47
Essex,MA,25009,25009,41
Franklin,MA,25011,25011,47
Hampden,MA,25013,25013,39
Hampshire,MA,25015,25015,37
Middlesex,MA,25017,25017,39
Nantucket,MA,25019,25019,40
Norfolk,MA,25021,25021,41
Plymouth,MA,25023,25023,43
Suffolk,MA,25025,25025,33
Worcester,MA,25027,25027,40
Alcona,MI,26001,26001,58
Alger,MI,26003,26003,50
Allegan,MI,26005,26005,40
Alpena,MI,26007,26007,48
Antrim,MI,26009,26009,51
Arenac,MI,26011,26011,50
Baraga,MI,26013,26013,46
Barry,MI,26015,26015,43
Bay,MI,26017,26017,43
Benzie,MI,26019,26019,50
Berrien,MI,26021,26021,42
Branch,MI,26023,26023,41
Calhoun,MI,26025,26025,40
Cass,MI,26027,26027,45
Charlevoix,MI,26029,26029,49
Cheboygan,MI,26031,26031,51
Chippewa,MI,26033,26033,41
Clare,MI,26035,26035,47
Clinton,MI,26037,26037,41
Crawford,MI,26039,26039,51
Delta,MI,26041,26041,47
Dickinson,MI,26043,26043,47
Eaton,MI,26045,26045,41
Emmet,MI,26047,26047,46
Genesee,MI,26049,26049,41
Gladwin,MI,26051,26051,50
Gogebic,MI,26053,26053,49
Grand Traverse,MI,26055,26055,43
Gratiot,MI,26057,26057,40
Hillsdale,MI,26059,26059,42
Houghton,MI,26061,26061,33
Huron,MI,26063,26063,49
Ingham,MI,26065,26065,32
Ionia,MI,26067,26067,39
Iosco,MI,26069,26069,53
Iron,MI,26071,26071,54
Isabella,MI,26073,26073,28
Jackson,MI,26075,26075,41
Kalamazoo,MI,26077,26077,34
Kalkaska,MI,26079,26079,44
Kent,MI,26081,26081,35
Keweenaw,MI,26083,26083,58
Lake,MI,26085,26085,53
Lapeer,MI,26087,26087,44
Leelanau,MI,26089,26089,54
Lenawee,MI,26091,26091,42
Livingston,MI,26093,26093,44
Luce,MI,26095,26095,45
Mackinac,MI,26097,26097,53
Macomb,MI,26099,26099,41
Manistee,MI,26101,26101,49
Marquette,MI,26103,26103,39
Mason,MI,26105,26105,46
Mecosta,MI,26107,26107,37
Menominee,MI,26109,26109,49
Midland,MI,26111,26111,42
Missaukee,MI,26113,26113,44
Monroe,MI,26115,26115,43
Montcalm,MI,26117,26117,41
Montmorency,MI,26119,26119,56
Muskegon,MI,26121,26121,39
Newaygo,MI,26123,26123,42
Oakland,MI,26125,26125,41
Oceana,MI,26127,26127,43
Ogemaw,MI,26129,26129,50
Ontonagon,MI,26131,26131,59
Osceola,MI,26133,26133,44
Oscoda,MI,26135,26135,52
Otsego,MI,26137,26137,45
Ottawa,MI,26139,26139,35
Presque Isle,MI,26141,26141,55
Roscommon,MI,26143,26143,56
Saginaw,MI,26145,26145,41
St. Clair,MI,26147,26147,44
St. Joseph,MI,26149,26149,40
Sanilac,MI,26151,26151,45
Schoolcraft,MI,26153,26153,52
Shiawassee,MI,26155,26155,42
Tuscola,MI,26157,26157,45
Van Buren,MI,26159,26159,42
Washtenaw,MI,26161,26161,34
Wayne,MI,26163,26163,38
Wexford,MI,26165,26165,42
Aitkin,MN,27001,27001,56
Anoka,MN,27003,27003,39
Becker,MN,27005,27005,42
Beltrami,MN,27007,27007,34
Benton,MN,27009,27009,36
Big Stone,MN,27011,27011,49
Blue Earth,MN,27013,27013,31
Brown,MN,27015,27015,42
Carlton,MN,27017,27017,41
Carver,MN,27019,27019,38
Cass,MN,27021,27021,49
Chippewa,MN,27023,27023,42
Chisago,MN,27025,27025,41
Clay,MN,27027,27027,33
Clearwater,MN,27029,27029,42
Cook,MN,27031,27031,53
Cottonwood,MN,27033,27033,43
Crow Wing,MN,27035,27035,45
Dakota,MN,27037,27037,38
Dodge,MN,27039,27039,38
Douglas,MN,27041,27041,44
Faribault,MN,27043,27043,46
Fillmore,MN,27045,27045,42
Freeborn,MN,27047,27047,44
Goodhue,MN,27049,27049,42
Grant,MN,27051,27051,45
Hennepin,MN,27053,27053,37
Houston,MN,27055,27055,45
Hubbard,MN,27057,27057,49
Isanti,MN,27059,27059,40
Itasca,MN,27061,27061,46
Jackson,MN,27063,27063,45
Kanabec,MN,27065,27065,45
Kandiyohi,MN,27067,27067,39
Kittson,MN,27069,27069,48
Koochiching,MN,27071,27071,50
Lac qui Parle,MN,27073,27073,50
Lake,MN,27075,27075,51
Lake of the Woods,MN,27077,27077,51
Le Sueur,MN,27079,27079,41
Lincoln,MN,27081,27081,45
Lyon,MN,27083,27083,36
McLeod,MN,27085,27085,41
Mahnomen,MN,27087,27087,36
Marshall,MN,27089,27089,44
Martin,MN,27091,27091,45
Meeker,MN,27093,27093,42
Mille Lacs,MN,27095,27095,41
Morrison,MN,27097,27097,42
Mower,MN,27099,27099,39
Murray,MN,27101,27101,48
Nicollet,MN,27103,27103,36
Nobles,MN,27105,27105,36
Norman,MN,27107,27107,44
Olmsted,MN,27109,27109,37
Otter Tail,MN,27111,27111,47
Pennington,MN,27113,27113,40
Pine,MN,27115,27115,45
Pipestone,MN,27117,27117,42
Polk,MN,27119,27119,39
Pope,MN,27121,27121,46
Ramsey,MN,27123,27123,35
Red Lake,MN,27125,27125,43
Redwood,MN,27127,27127,43
Renville,MN,27129,27129,44
Rice,MN,27131,27131,37
Rock,MN,27133,27133,41
Roseau,MN,27135,27135,42
St. Louis,MN,27137,27137,41
Scott,MN,27139,27139,37
Sherburne,MN,27141,27141,36
Sibley,MN,27143,27143,42
Stearns,MN,27145,27145,34
Steele,MN,27147,27147,39
Stevens,MN,27149,27149,33
Swift,MN,27151,27151,44
Todd,MN,27153,27153,44
Traverse,MN,27155,27155,48
Wabasha,MN,27157,27157,45
Wadena,MN,27159,27159,42
Waseca,MN,27161,27161,41
Washington,MN,27163,27163,40
Watonwan,MN,27165,27165,40
Wilkin,MN,27167,27167,43
Winona,MN,27169,27169,35
Wright,MN,27171,27171,37
Yellow Medicine,MN,27173,27173,42
Adams,MS,28001,28001,41
Alcorn,MS,28003,28003,40
Amite,MS,28005,28005,47
Attala,MS,28007,28007,40
Benton,MS,28009,28009,42
Bolivar,MS,28011,28011,36
Calhoun,MS,28013,28013,41
Carroll,MS,28015,28015,48
Chickasaw,MS,28017,28017,38
Choctaw,MS,28019,28019,44
Claiborne,MS,28021,28021,34
Clarke,MS,28023,28023,42
Clay,MS,28025,28025,40
Coahoma,MS,28027,28027,35
Copiah,MS,28029,28029,39
Covington,MS,28031,28031,37
DeSoto,MS,28033,28033,37
Forrest,MS,28035,28035,33
Franklin,MS,28037,28037,43
George,MS,28039,28039,36
Greene,MS,28041,28041,40
Grenada,MS,28043,28043,39
Hancock,MS,28045,28045,44
Harrison,MS,28047,28047,36
Hinds,MS,28049,28049,35
Holmes,MS,28051,28051,35
Humphreys,MS,28053,28053,38
Issaquena,MS,28055,28055,42
Itawamba,MS,28057,28057,40
Jackson,MS,28059,28059,39
Jasper,MS,28061,28061,41
Jefferson,MS,28063,28063,41
Jefferson Davis,MS,28065,28065,44
Jones,MS,28067,28067,38
Kemper,MS,28069,28069,41
Lafayette,MS,28071,28071,31
Lamar,MS,28073,28073,36
Lauderdale,MS,28075,28075,38
Lawrence,MS,28077,28077,40
Leake,MS,28079,28079,37
Lee,MS,28081,28081,38
Leflore,MS,28083,28083,34
Lincoln,MS,28085,28085,39
Lowndes,MS,28087,28087,37
Madison,MS,28089,28089,37
Marion,MS,28091,28091,41
Marshall,MS,28093,28093,40
Monroe,MS,28095,28095,41
Montgomery,MS,28097,28097,42
Neshoba,MS,28099,28099,37
Newton,MS,28101,28101,37
Noxubee,MS,28103,28103,37
Oktibbeha,MS,28105,28105,26
Panola,MS,28107,28107,38
Pearl River,MS,28109,28109,41
Perry,MS,28111,28111,42
Pike,MS,28113,28113,37
Pontotoc,MS,28115,28115,37
Prentiss,MS,28117,28117,39
Quitman,MS,28119,28119,39
Rankin,MS,28121,28121,38
Scott,MS,28123,28123,36
Sharkey,MS,28125,28125,41
Simpson,MS,28127,28127,40
Smith,MS,28129,28129,42
Stone,MS,28131,28131,39
Sunflower,MS,28133,28133,36
Tallahatchie,MS,28135,28135,37
Tate,MS,28137,28137,38
Tippah,MS,28139,28139,39
Tishomingo,MS,28141,28141,43
Tunica,MS,28143,28143,34
Union,MS,28145,28145,38
Walthall,MS,28147,28147,40
Warren,MS,28149,28149,39
Washington,MS,28151,28151,37
Wayne,MS,28153,28153,40
Webster,MS,28155,28155,41
Wilkinson,MS,28157,28157,38
Winston,MS,28159,28159,42
Yalobusha,MS,28161,28161,43
Yazoo,MS,28163,28163,36
Adair,MO,29001,29001,28
Andrew,MO,29003,29003,42
Atchison,MO,29005,29005,49
Audrain,MO,29007,29007,40
Barry,MO,29009,29009,44
Barton,MO,29011,29011,41
Bates,MO,29013,29013,42
Benton,MO,29015,29015,54
Bollinger,MO,29017,29017,44
Boone,MO,29019,29019,31
Buchanan,MO,29021,29021,38
Butler,MO,29023,29023,41
Caldwell,MO,29025,29025,42
Callaway,MO,29027,29027,39
Camden,MO,29029,29029,52
Cape Girardeau,MO,29031,29031,37
Carroll,MO,29033,29033,43
Carter,MO,29035,29035,42
Cass,MO,29037,29037,40
Cedar,MO,29039,29039,45
Chariton,MO,29041,29041,46
Christian,MO,29043,29043,38
Clark,MO,29045,29045,44
Clay,MO,29047,29047,37
Clinton,MO,29049,29049,41
Cole,MO,29051,29051,39
Cooper,MO,29053,29053,39
Crawford,MO,29055,29055,42
Dade,MO,29057,29057,46
Dallas,MO,29059,29059,44
Daviess,MO,29061,29061,41
DeKalb,MO,29063,29063,40
Dent,MO,29065,29065,45
Douglas,MO,29067,29067,47
Dunklin,MO,29069,29069,40
Franklin,MO,29071,29071,41
Gasconade,MO,29073,29073,46
Gentry,MO,29075,29075,40
Greene,MO,29077,29077,36
Grundy,MO,29079,29079,41
Harrison,MO,29081,29081,43
Henry,MO,29083,29083,44
Hickory,MO,29085,29085,55
Holt,MO,29087,29087,49
Howard,MO,29089,29089,39
Howell,MO,29091,29091,41
Iron,MO,29093,29093,46
Jackson,MO,29095,29095,37
Jasper,MO,29097,29097,36
Jefferson,MO,29099,29099,39
Johnson,MO,29101,29101,31
Knox,MO,29103,29103,44
Laclede,MO,29105,29105,40
Lafayette,MO,29107,29107,42
Lawrence,MO,29109,29109,39
Lewis,MO,29111,29111,41
Lincoln,MO,29113,29113,37
Linn,MO,29115,29115,42
Livingston,MO,29117,29117,40
McDonald,MO,29119,29119,38
Macon,MO,29121,29121,43
Madison,MO,29123,29123,42
Maries,MO,29125,29125,46
Marion,MO,29127,29127,39
Mercer,MO,29129,29129,43
Miller,MO,29131,29131,41
Mississippi,MO,29133,29133,41
Moniteau,MO,29135,29135,38
Monroe,MO,29137,29137,47
Montgomery,MO,29139,29139,45
Morgan,MO,29141,29141,46
New Madrid,MO,29143,29143,42
Newton,MO,29145,29145,40
Nodaway,MO,29147,29147,30
Oregon,MO,29149,29149,46
Osage,MO,29151,29151,41
Ozark,MO,29153,29153,52
Pemiscot,MO,29155,29155,38
Perry,MO,29157,29157,41
Pettis,MO,29159,29159,38
Phelps,MO,29161,29161,35
Pike,MO,29163,29163,39
Platte,MO,29165,29165,38
Polk,MO,29167,29167,38
Pulaski,MO,29169,29169,28
Putnam,MO,29171,29171,46
Ralls,MO,29173,29173,45
Randolph,MO,29175,29175,39
Ray,MO,29177,29177,42
Reynolds,MO,29179,29179,47
Ripley,MO,29181,29181,42
St. Charles,MO,29183,29183,39
St. Clair,MO,29185,29185,50
Ste. Genevieve,MO,29186,29186,43
St. Francois,MO,29187,29187,39
St. Louis,MO,29189,29189,40
Saline,MO,29195,29195,38
Schuyler,MO,29197,29197,40
Scotland,MO,29199,29199,37
Scott,MO,29201,29201,40
Shannon,MO,29203,29203,46
Shelby,MO,29205,29205,42
Stoddard,MO,29207,29207,41
Stone,MO,29209,29209,54
Sullivan,MO,29211,29211,42
Taney,MO,29213,29213,42
Texas,MO,29215,29215,43
Vernon,MO,29217,29217,41
Warren,MO,29219,29219,41
Washington,MO,29221,29221,41
Wayne,MO,29223,29223,48
Webster,MO,29225,29225,37
Worth,MO,29227,29227,48
Wright,MO,29229,29229,42
St. Louis City,MO,29510,29510,36
Beaverhead,MT,30001,30001,43
Big Horn,MT,30003,30003,31
Blaine,MT,30005,30005,34
Broadwater,MT,30007,30007,47
Carbon,MT,30009,30009,51
Carter,MT,30011,30011,48
Cascade,MT,30013,30013,38
Chouteau,MT,30015,30015,42
Custer,MT,30017,30017,41
Daniels,MT,30019,30019,49
Dawson,MT,30021,30021,41
Deer Lodge,MT,30023,30023,49
Fallon,MT,30025,30025,39
Fergus,MT,30027,30027,45
Flathead,MT,30029,30029,42
Gallatin,MT,30031,30031,33
Garfield,MT,30033,30033,46
Glacier,MT,30035,30035,32
Golden Valley,MT,30037,30037,57
Granite,MT,30039,30039,54
Hill,MT,30041,30041,34
Jefferson,MT,30043,30043,48
Judith Basin,MT,30045,30045,52
Lake,MT,30047,30047,42
Lewis and Clark,MT,30049,30049,41
Liberty,MT,30051,30051,47
Lincoln,MT,30053,30053,52
McCone,MT,30055,30055,47
Madison,MT,30057,30057,53
Meagher,MT,30059,30059,48
Mineral,MT,30061,30061,52
Missoula,MT,30063,30063,36
Musselshell,MT,30065,30065,50
Park,MT,30067,30067,46
Petroleum,MT,30069,30069,52
Phillips,MT,30071,30071,49
Pondera,MT,30073,30073,41
Powder River,MT,30075,30075,53
Powell,MT,30077,30077,46
Prairie,MT,30079,30079,49
Ravalli,MT,30081,30081,49
Richland,MT,30083,30083,39
Roosevelt,MT,30085,30085,30
Rosebud,MT,30087,30087,37
Sanders,MT,30089,30089,54
Sheridan,MT,30091,30091,46
Silver Bow,MT,30093,30093,40
Stillwater,MT,30095,30095,47
Sweet Grass,MT,30097,30097,52
Teton,MT,30099,30099,44
Toole,MT,30101,30101,43
Treasure,MT,30103,30103,57
Valley,MT,30105,30105,44
Wheatland,MT,30107,30107,41
Wibaux,MT,30109,30109,47
Yellowstone,MT,30111,30111,38
Adams,NE,31001,31001,38
Antelope,NE,31003,31003,45
Arthur,NE,31005,31005,46
Banner,NE,31007,31007,49
Blaine,NE,31009,31009,53
Boone,NE,31011,31011,45
Box Butte,NE,31013,31013,39
Boyd,NE,31015,31015,54
Brown,NE,31017,31017,49
Buffalo,NE,31019,31019,34
Burt,NE,31021,31021,46
Butler,NE,31023,31023,43
Cass,NE,31025,31025,42
Cedar,NE,31027,31027,43
Chase,NE,31029,31029,44
Cherry,NE,31031,31031,43
Cheyenne,NE,31033,31033,40
Clay,NE,31035,31035,43
Colfax,NE,31037,31037,34
Cuming,NE,31039,31039,43
Custer,NE,31041,31041,43
Dakota,NE,31043,31043,33
Dawes,NE,31045,31045,35
Dawson,NE,31047,31047,36
Deuel,NE,31049,31049,49
Dixon,NE,31051,31051,41
Dodge,NE,31053,31053,39
Douglas,NE,31055,31055,35
Dundy,NE,31057,31057,43
Fillmore,NE,31059,31059,47
Franklin,NE,31061,31061,51
Frontier,NE,31063,31063,45
Furnas,NE,31065,31065,47
Gage,NE,31067,31067,44
Garden,NE,31069,31069,50
Garfield,NE,31071,31071,51
Gosper,NE,31073,31073,53
Grant,NE,31075,31075,39
Greeley,NE,31077,31077,46
Hall,NE,31079,31079,36
Hamilton,NE,31081,31081,42
Harlan,NE,31083,31083,45
Hayes,NE,31085,31085,46
Hitchcock,NE,31087,31087,46
Holt,NE,31089,31089,43
Hooker,NE,31091,31091,53
Howard,NE,31093,31093,43
Jefferson,NE,31095,31095,47
Johnson,NE,31097,31097,41
Kearney,NE,31099,31099,40
Keith,NE,31101,31101,49
Keya Paha,NE,31103,31103,45
Kimball,NE,31105,31105,46
Knox,NE,31107,31107,46
Lancaster,NE,31109,31109,34
Lincoln,NE,31111,31111,41
Logan,NE,31113,31113,39
Loup,NE,31115,31115,53
McPherson,NE,31117,31117,55
Madison,NE,31119,31119,37
Merrick,NE,31121,31121,44
Morrill,NE,31123,31123,42
Nance,NE,31125,31125,45
Nemaha,NE,31127,31127,39
Nuckolls,NE,31129,31129,49
Otoe,NE,31131,31131,41
Pawnee,NE,31133,31133,50
Perkins,NE,31135,31135,43
Phelps,NE,31137,31137,42
Pierce,NE,31139,31139,42
Platte,NE,31141,31141,38
Polk,NE,31143,31143,45
Red Willow,NE,31145,31145,41
Richardson,NE,31147,31147,48
Rock,NE,31149,31149,46
Saline,NE,31151,31151,36
Sarpy,NE,31153,31153,35
Saunders,NE,31155,31155,41
Scotts Bluff,NE,31157,31157,40
Seward,NE,31159,31159,38
Sheridan,NE,31161,31161,47
Sherman,NE,31163,31163,50
Sioux,NE,31165,31165,44
Stanton,NE,31167,31167,42
Thayer,NE,31169,31169,47
Thomas,NE,31171,31171,42
Thurston,NE,31173,31173,28
Valley,NE,31175,31175,46
Washington,NE,31177,31177,41
Wayne,NE,31179,31179,32
Webster,NE,31181,31181,45
Wheeler,NE,31183,31183,49
York,NE,31185,31185,40
Churchill,NV,32001,32001,40
Clark,NV,32003,32003,37
Douglas,NV,32005,32005,52
Elko,NV,32007,32007,34
Esmeralda,NV,32009,32009,55
Eureka,NV,32011,32011,48
Humboldt,NV,32013,32013,36
Lander,NV,32015,32015,37
Lincoln,NV,32017,32017,44
Lyon,NV,32019,32019,44
Mineral,NV,32021,32021,53
Nye,NV,32023,32023,53
Pershing,NV,32027,32027,42
Storey,NV,32029,32029,51
Washoe,NV,32031,32031,38
White Pine,NV,32033,32033,40
Carson City,NV,32510,32510,42
Belknap,NH,33001,33001,47
Carroll,NH,33003,33003,52
Cheshire,NH,33005,33005,43
Coos,NH,33007,33007,48
Grafton,NH,33009,33009,43
Hillsborough,NH,33011,33011,41
Merrimack,NH,33013,33013,43
Rockingham,NH,33015,33015,45
Strafford,NH,33017,33017,37
Sullivan,NH,33019,33019,46
Atlantic,NJ,34001,34001,42
Bergen,NJ,34003,34003,42
Burlington,NJ,34005,34005,42
Camden,NJ,34007,34007,39
Cape May,NJ,34009,34009,50
Cumberland,NJ,34011,34011,38
Essex,NJ,34013,34013,38
Gloucester,NJ,34015,34015,41
Hudson,NJ,34017,34017,35
Hunterdon,NJ,34019,34019,46
Mercer,NJ,34021,34021,39
Middlesex,NJ,34023,34023,39
Monmouth,NJ,34025,34025,43
Morris,NJ,34027,34027,43
Ocean,NJ,34029,34029,43
Passaic,NJ,34031,34031,37
Salem,NJ,34033,34033,42
Somerset,NJ,34035,34035,42
Sussex,NJ,34037,34037,45
Union,NJ,34039,34039,39
Warren,NJ,34041,34041,44
Bernalillo,NM,35001,35001,38
Catron,NM,35003,35003,58
Chaves,NM,35005,35005,36
Cibola,NM,35006,35006,37
Colfax,NM,35007,35007,50
Curry,NM,35009,35009,32
De Baca,NM,35011,35011,35
Doña Ana,NM,35013,35013,33
Eddy,NM,35015,35015,35
Grant,NM,35017,35017,46
Guadalupe,NM,35019,35019,43
Harding,NM,35021,35021,59
Hidalgo,NM,35023,35023,43
Lea,NM,35025,35025,32
Lincoln,NM,35027,35027,51
Los Alamos,NM,35028,35028,42
Luna,NM,35029,35029,37
McKinley,NM,35031,35031,32
Mora,NM,35033,35033,55
Otero,NM,35035,35035,36
Quay,NM,35037,35037,43
Rio Arriba,NM,35039,35039,41
Roosevelt,NM,35041,35041,30
Sandoval,NM,35043,35043,40
San Juan,NM,35045,35045,35
San Miguel,NM,35047,35047,44
Santa Fe,NM,35049,35049,46
Sierra,NM,35051,35051,56
Socorro,NM,35053,35053,39
Taos,NM,35055,35055,49
Torrance,NM,35057,35057,44
Union,NM,35059,35059,40
Valencia,NM,35061,35061,39
Albany,NY,36001,36001,38
Allegany,NY,36003,36003,39
Bronx,NY,36005,36005,34
Broome,NY,36007,36007,40
Cattaraugus,NY,36009,36009,42
Cayuga,NY,36011,36011,43
Chautauqua,NY,36013,36013,43
Chemung,NY,36015,36015,41
Chenango,NY,36017,36017,45
Clinton,NY,36019,36019,40
Columbia,NY,36021,36021,48
Cortland,NY,36023,36023,36
Delaware,NY,36025,36025,48
Dutchess,NY,36027,36027,42
Erie,NY,36029,36029,40
Essex,NY,36031,36031,48
Franklin,NY,36033,36033,40
Fulton,NY,36035,36035,44
Genesee,NY,36037,36037,43
Greene,NY,36039,36039,46
Hamilton,NY,36041,36041,55
Herkimer,NY,36043,36043,44
Jefferson,NY,36045,36045,33
Kings,NY,36047,36047,35
Lewis,NY,36049,36049,42
Livingston,NY,36051,36051,41
Madison,NY,36053,36053,42
Monroe,NY,36055,36055,39
Montgomery,NY,36057,36057,41
Nassau,NY,36059,36059,42
New York,NY,36061,36061,38
Niagara,NY,36063,36063,43
Oneida,NY,36065,36065,41
Onondaga,NY,36067,36067,39
Ontario,NY,36069,36069,44
Orange,NY,36071,36071,37
Orleans,NY,36073,36073,43
Oswego,NY,36075,36075,40
Otsego,NY,36077,36077,42
Putnam,NY,36079,36079,44
Queens,NY,36081,36081,39
Rensselaer,NY,36083,36083,40
Richmond,NY,36085,36085,40
Rockland,NY,36087,36087,36
St. Lawrence,NY,36089,36089,39
Saratoga,NY,36091,36091,43
Schenectady,NY,36093,36093,40
Schoharie,NY,36095,36095,45
Schuyler,NY,36097,36097,46
Seneca,NY,36099,36099,42
Steuben,NY,36101,36101,43
Suffolk,NY,36103,36103,42
Sullivan,NY,36105,36105,43
Tioga,NY,36107,36107,45
Tompkins,NY,36109,36109,31
Ulster,NY,36111,36111,44
Warren,NY,36113,36113,47
Washington,NY,36115,36115,44
Wayne,NY,36117,36117,44
Westchester,NY,36119,36119,41
Wyoming,NY,36121,36121,42
Yates,NY,36123,36123,41
Alamance,NC,37001,37001,39
Alexander,NC,37003,37003,44
Alleghany,NC,37005,37005,50
Anson,NC,37007,37007,41
Ashe,NC,37009,37009,48
Avery,NC,37011,37011,45
Beaufort,NC,37013,37013,46
Bertie,NC,37015,37015,45
Bladen,NC,37017,37017,45
Brunswick,NC,37019,37019,54
Buncombe,NC,37021,37021,42
Burke,NC,37023,37023,44
Cabarrus,NC,37025,37025,38
Caldwell,NC,37027,37027,45
Camden,NC,37029,37029,41
Carteret,NC,37031,37031,49
Caswell,NC,37033,37033,46
Catawba,NC,37035,37035,41
Chatham,NC,37037,37037,47
Cherokee,NC,37039,37039,52
Chowan,NC,37041,37041,46
Clay,NC,37043,37043,52
Cleveland,NC,37045,37045,42
Columbus,NC,37047,37047,42
Craven,NC,37049,37049,37
Cumberland,NC,37051,37051,31
Currituck,NC,37053,37053,43
Dare,NC,37055,37055,47
Davidson,NC,37057,37057,43
Davie,NC,37059,37059,45
Duplin,NC,37061,37061,41
Durham,NC,37063,37063,35
Edgecombe,NC,37065,37065,42
Forsyth,NC,37067,37067,38
Franklin,NC,37069,37069,41
Gaston,NC,37071,37071,40
Gates,NC,37073,37073,47
Graham,NC,37075,37075,46
Granville,NC,37077,37077,43
Greene,NC,37079,37079,41
Guilford,NC,37081,37081,37
Halifax,NC,37083,37083,43
Harnett,NC,37085,37085,34
Haywood,NC,37087,37087,48
Henderson,NC,37089,37089,47
Hertford,NC,37091,37091,42
Hoke,NC,37093,37093,33
Hyde,NC,37095,37095,41
Iredell,NC,37097,37097,41
Jackson,NC,37099,37099,38
Johnston,NC,37101,37101,38
Jones,NC,37103,37103,49
Lee,NC,37105,37105,39
Lenoir,NC,37107,37107,43
Lincoln,NC,37109,37109,43
McDowell,NC,37111,37111,44
Macon,NC,37113,37113,50
Madison,NC,37115,37115,44
Martin,NC,37117,37117,46
Mecklenburg,NC,37119,37119,35
Mitchell,NC,37121,37121,47
Montgomery,NC,37123,37123,44
Moore,NC,37125,37125,44
Nash,NC,37127,37127,42
New Hanover,NC,37129,37129,39
Northampton,NC,37131,37131,50
Onslow,NC,37133,37133,26
Orange,NC,37135,37135,35
Pamlico,NC,37137,37137,52
Pasquotank,NC,37139,37139,39
Pender,NC,37141,37141,43
Perquimans,NC,37143,37143,50
Person,NC,37145,37145,44
Pitt,NC,37147,37147,33
Polk,NC,37149,37149,53
Randolph,NC,37151,37151,42
Richmond,NC,37153,37153,41
Robeson,NC,37155,37155,37
Rockingham,NC,37157,37157,45
Rowan,NC,37159,37159,40
Rutherford,NC,37161,37161,45
Sampson,NC,37163,37163,40
Scotland,NC,37165,37165,39
Stanly,NC,37167,37167,42
Stokes,NC,37169,37169,46
Surry,NC,37171,37171,44
Swain,NC,37173,37173,42
Transylvania,NC,37175,37175,51
Tyrrell,NC,37177,37177,46
Union,NC,37179,37179,38
Vance,NC,37181,37181,41
Wake,NC,37183,37183,36
Warren,NC,37185,37185,48
Washington,NC,37187,37187,46
Watauga,NC,37189,37189,32
Wayne,NC,37191,37191,38
Wilkes,NC,37193,37193,45
Wilson,NC,37195,37195,41
Yadkin,NC,37197,37197,44
Yancey,NC,37199,37199,48
Adams,ND,38001,38001,46
Barnes,ND,38003,38003,45
Benson,ND,38005,38005,31
Billings,ND,38007,38007,44
Bottineau,ND,38009,38009,45
Bowman,ND,38011,38011,41
Burke,ND,38013,38013,37
Burleigh,ND,38015,38015,37
Cass,ND,38017,38017,33
Cavalier,ND,38019,38019,50
Dickey,ND,38021,38021,42
Divide,ND,38023,38023,51
Dunn,ND,38025,38025,39
Eddy,ND,38027,38027,46
Emmons,ND,38029,38029,51
Foster,ND,38031,38031,45
Golden Valley,ND,38033,38033,45
Grand Forks,ND,38035,38035,30
Grant,ND,38037,38037,50
Griggs,ND,38039,38039,51
Hettinger,ND,38041,38041,47
Kidder,ND,38043,38043,48
LaMoure,ND,38045,38045,48
Logan,ND,38047,38047,52
McHenry,ND,38049,38049,43
McIntosh,ND,38051,38051,54
McKenzie,ND,38053,38053,30
McLean,ND,38055,38055,46
Mercer,ND,38057,38057,44
Morton,ND,38059,38059,38
Mountrail,ND,38061,38061,33
Nelson,ND,38063,38063,52
Oliver,ND,38065,38065,47
Pembina,ND,38067,38067,48
Pierce,ND,38069,38069,46
Ramsey,ND,38071,38071,41
Ransom,ND,38073,38073,47
Renville,ND,38075,38075,39
Richland,ND,38077,38077,37
Rolette,ND,38079,38079,31
Sargent,ND,38081,38081,45
Sheridan,ND,38083,38083,51
Sioux,ND,38085,38085,28
Slope,ND,38087,38087,48
Stark,ND,38089,38089,34
Steele,ND,38091,38091,50
Stutsman,ND,38093,38093,41
Towner,ND,38095,38095,48
Traill,ND,38097,38097,41
Walsh,ND,38099,38099,44
Ward,ND,38101,38101,32
Wells,ND,38103,38103,52
Williams,ND,38105,38105,31
Adams,OH,39001,39001,42
Allen,OH,39003,39003,39
Ashland,OH,39005,39005,40
Ashtabula,OH,39007,39007,43
Athens,OH,39009,39009,30
Auglaize,OH,39011,39011,41
Belmont,OH,39013,39013,45
Brown,OH,39015,39015,42
Butler,OH,39017,39017,37
Carroll,OH,39019,39019,46
Champaign,OH,39021,39021,42
Clark,OH,39023,39023,41
Clermont,OH,39025,39025,40
Clinton,OH,39027,39027,39
Columbiana,OH,39029,39029,44
Coshocton,OH,39031,39031,41
Crawford,OH,39033,39033,43
Cuyahoga,OH,39035,39035,40
Darke,OH,39037,39037,42
Defiance,OH,39039,39039,40
Delaware,OH,39041,39041,39
Erie,OH,39043,39043,45
Fairfield,OH,39045,39045,39
Fayette,OH,39047,39047,41
Franklin,OH,39049,39049,34
Fulton,OH,39051,39051,41
Gallia,OH,39053,39053,41
Geauga,OH,39055,39055,45
Greene,OH,39057,39057,38
Guernsey,OH,39059,39059,42
Hamilton,OH,39061,39061,37
Hancock,OH,39063,39063,39
Hardin,OH,39065,39065,36
Harrison,OH,39067,39067,46
Henry,OH,39069,39069,41
Highland,OH,39071,39071,41
Hocking,OH,39073,39073,43
Holmes,OH,39075,39075,32
Huron,OH,39077,39077,40
Jackson,OH,39079,39079,40
Jefferson,OH,39081,39081,45
Knox,OH,39083,39083,39
Lake,OH,39085,39085,44
Lawrence,OH,39087,39087,42
Licking,OH,39089,39089,40
Logan,OH,39091,39091,41
Lorain,OH,39093,39093,42
Lucas,OH,39095,39095,38
Madison,OH,39097,39097,41
Mahoning,OH,39099,39099,44
Marion,OH,39101,39101,41
Medina,OH,39103,39103,42
Meigs,OH,39105,39105,44
Mercer,OH,39107,39107,40
Miami,OH,39109,39109,41
Monroe,OH,39111,39111,47
Montgomery,OH,39113,39113,39
Morgan,OH,39115,39115,45
Morrow,OH,39117,39117,42
Muskingum,OH,39119,39119,40
Noble,OH,39121,39121,50
Ottawa,OH,39123,39123,49
Paulding,OH,39125,39125,42
Perry,OH,39127,39127,40
Pickaway,OH,39129,39129,40
Pike,OH,39131,39131,41
Portage,OH,39133,39133,38
Preble,OH,39135,39135,43
Putnam,OH,39137,39137,40
Richland,OH,39139,39139,41
Ross,OH,39141,39141,41
Sandusky,OH,39143,39143,42
Scioto,OH,39145,39145,40
Seneca,OH,39147,39147,40
Shelby,OH,39149,39149,40
Stark,OH,39151,39151,42
Summit,OH,39153,39153,41
Trumbull,OH,39155,39155,44
Tuscarawas,OH,39157,39157,41
Union,OH,39159,39159,38
Van Wert,OH,39161,39161,41
Vinton,OH,39163,39163,43
Warren,OH,39165,39165,39
Washington,OH,39167,39167,44
Wayne,OH,39169,39169,39
Williams,OH,39171,39171,41
Wood,OH,39173,39173,35
Wyandot,OH,39175,39175,42
Adair,OK,40001,40001,37
Alfalfa,OK,40003,40003,44
Atoka,OK,40005,40005,40
Beaver,OK,40007,40007,39
Beckham,OK,40009,40009,36
Blaine,OK,40011,40011,44
Bryan,OK,40013,40013,37
Caddo,OK,40015,40015,38
Canadian,OK,40017,40017,36
Carter,OK,40019,40019,38
Cherokee,OK,40021,40021,35
Choctaw,OK,40023,40023,42
Cimarron,OK,40025,40025,44
Cleveland,OK,40027,40027,34
Coal,OK,40029,40029,42
Comanche,OK,40031,40031,33
Cotton,OK,40033,40033,44
Craig,OK,40035,40035,42
Creek,OK,40037,40037,40
Custer,OK,40039,40039,31
Delaware,OK,40041,40041,47
Dewey,OK,40043,40043,39
Ellis,OK,40045,40045,44
Garfield,OK,40047,40047,36
Garvin,OK,40049,40049,39
Grady,OK,40051,40051,39
Grant,OK,40053,40053,43
Greer,OK,40055,40055,40
Harmon,OK,40057,40057,41
Harper,OK,40059,40059,40
Haskell,OK,40061,40061,41
Hughes,OK,40063,40063,39
Jackson,OK,40065,40065,34
Jefferson,OK,40067,40067,42
Johnston,OK,40069,40069,40
Kay,OK,40071,40071,38
Kingfisher,OK,40073,40073,38
Kiowa,OK,40075,40075,43
Latimer,OK,40077,40077,41
Le Flore,OK,40079,40079,39
Lincoln,OK,40081,40081,41
Logan,OK,40083,40083,39
Love,OK,40085,40085,39
McClain,OK,40087,40087,39
McCurtain,OK,40089,40089,39
McIntosh,OK,40091,40091,48
Major,OK,40093,40093,41
Marshall,OK,40095,40095,43
Mayes,OK,40097,40097,41
Murray,OK,40099,40099,43
Muskogee,OK,40101,40101,38
Noble,OK,40103,40103,41
Nowata,OK,40105,40105,42
Okfuskee,OK,40107,40107,40
Oklahoma,OK,40109,40109,35
Okmulgee,OK,40111,40111,39
Osage,OK,40113,40113,43
Ottawa,OK,40115,40115,38
Pawnee,OK,40117,40117,42
Payne,OK,40119,40119,27
Pittsburg,OK,40121,40121,40
Pontotoc,OK,40123,40123,36
Pottawatomie,OK,40125,40125,38
Pushmataha,OK,40127,40127,45
Roger Mills,OK,40129,40129,41
Rogers,OK,40131,40131,39
Seminole,OK,40133,40133,39
Sequoyah,OK,40135,40135,41
Stephens,OK,40137,40137,41
Texas,OK,40139,40139,33
Tillman,OK,40141,40141,43
Tulsa,OK,40143,40143,36
Wagoner,OK,40145,40145,39
Washington,OK,40147,40147,40
Washita,OK,40149,40149,39
Woods,OK,40151,40151,33
Woodward,OK,40153,40153,37
Baker,OR,41001,41001,48
Benton,OR,41003,41003,33
Clackamas,OR,41005,41005,42
Clatsop,OR,41007,41007,44
Columbia,OR,41009,41009,43
Coos,OR,41011,41011,49
Crook,OR,41013,41013,48
Curry,OR,41015,41015,56
Deschutes,OR,41017,41017,42
Douglas,OR,41019,41019,47
Gilliam,OR,41021,41021,50
Grant,OR,41023,41023,53
Harney,OR,41025,41025,46
Hood River,OR,41027,41027,39
Jackson,OR,41029,41029,43
Jefferson,OR,41031,41031,41
Josephine,OR,41033,41033,48
Klamath,OR,41035,41035,42
Lake,OR,41037,41037,49
Lane,OR,41039,41039,39
Lincoln,OR,41041,41041,52
Linn,OR,41043,41043,40
Malheur,OR,41045,41045,36
Marion,OR,41047,41047,37
Morrow,OR,41049,41049,39
Multnomah,OR,41051,41051,37
Polk,OR,41053,41053,37
Sherman,OR,41055,41055,51
Tillamook,OR,41057,41057,48
Umatilla,OR,41059,41059,37
Union,OR,41061,41061,40
Wallowa,OR,41063,41063,53
Wasco,OR,41065,41065,41
Washington,OR,41067,41067,37
Wheeler,OR,41069,41069,59
Yamhill,OR,41071,41071,38
Adams,PA,42001,42001,44
Allegheny,PA,42003,42003,41
Armstrong,PA,42005,42005,47
Beaver,PA,42007,42007,45
Bedford,PA,42009,42009,47
Berks,PA,42011,42011,40
Blair,PA,42013,42013,43
Bradford,PA,42015,42015,45
Bucks,PA,42017,42017,44
Butler,PA,42019,42019,43
Cambria,PA,42021,42021,45
Cameron,PA,42023,42023,52
Carbon,PA,42025,42025,46
Centre,PA,42027,42027,32
Chester,PA,42029,42029,40
Clarion,PA,42031,42031,42
Clearfield,PA,42033,42033,45
Clinton,PA,42035,42035,39
Columbia,PA,42037,42037,41
Crawford,PA,42039,42039,43
Cumberland,PA,42041,42041,41
Dauphin,PA,42043,42043,40
Delaware,PA,42045,42045,39
Elk,PA,42047,42047,47
Erie,PA,42049,42049,40
Fayette,PA,42051,42051,45
Forest,PA,42053,42053,43
Franklin,PA,42055,42055,42
Fulton,PA,42057,42057,45
Greene,PA,42059,42059,42
Huntingdon,PA,42061,42061,44
Indiana,PA,42063,42063,40
Jefferson,PA,42065,42065,44
Juniata,PA,42067,42067,43
Lackawanna,PA,42069,42069,42
Lancaster,PA,42071,42071,39
Lawrence,PA,42073,42073,45
Lebanon,PA,42075,42075,41
Lehigh,PA,42077,42077,39
Luzerne,PA,42079,42079,43
Lycoming,PA,42081,42081,42
McKean,PA,42083,42083,43
Mercer,PA,42085,42085,45
Mifflin,PA,42087,42087,44
Monroe,PA,42089,42089,43
Montgomery,PA,42091,42091,41
Montour,PA,42093,42093,43
Northampton,PA,42095,42095,42
Northumberland,PA,42097,42097,45
Perry,PA,42099,42099,43
Philadelphia,PA,42101,42101,34
Pike,PA,42103,42103,48
Potter,PA,42105,42105,47
Schuylkill,PA,42107,42107,44
Snyder,PA,42109,42109,40
Somerset,PA,42111,42111,46
Sullivan,PA,42113,42113,54
Susquehanna,PA,42115,42115,48
Tioga,PA,42117,42117,45
Union,PA,42119,42119,40
Venango,PA,42121,42121,47
Warren,PA,42123,42123,47
Washington,PA,42125,42125,45
Wayne,PA,42127,42127,48
Westmoreland,PA,42129,42129,47
Wyoming,PA,42131,42131,45
York,PA,42133,42133,41
Bristol,RI,44001,44001,44
Kent,RI,44003,44003,44
Newport,RI,44005,44005,45
Providence,RI,44007,44007,37
Washington,RI,44009,44009,45
Abbeville,SC,45001,45001,44
Aiken,SC,45003,45003,41
Allendale,SC,45005,45005,42
Anderson,SC,45007,45007,41
Bamberg,SC,45009,45009,42
Barnwell,SC,45011,45011,41
Beaufort,SC,45013,45013,46
Berkeley,SC,45015,45015,36
Calhoun,SC,45017,45017,46
Charleston,SC,45019,45019,38
Cherokee,SC,45021,45021,39
Chester,SC,45023,45023,42
Chesterfield,SC,45025,45025,42
Clarendon,SC,45027,45027,45
Colleton,SC,45029,45029,43
Darlington,SC,45031,45031,41
Dillon,SC,45033,45033,38
Dorchester,SC,45035,45035,37
Edgefield,SC,45037,45037,43
Fairfield,SC,45039,45039,46
Florence,SC,45041,45041,39
Georgetown,SC,45043,45043,50
Greenville,SC,45045,45045,38
Greenwood,SC,45047,45047,40
Hampton,SC,45049,45049,40
Horry,SC,45051,45051,46
Jasper,SC,45053,45053,40
Kershaw,SC,45055,45055,41
Lancaster,SC,45057,45057,42
Laurens,SC,45059,45059,41
Lee,SC,45061,45061,42
Lexington,SC,45063,45063,39
McCormick,SC,45065,45065,55
Marion,SC,45067,45067,41
Marlboro,SC,45069,45069,40
Newberry,SC,45071,45071,42
Oconee,SC,45073,45073,46
Orangeburg,SC,45075,45075,40
Pickens,SC,45077,45077,36
Richland,SC,45079,45079,33
Saluda,SC,45081,45081,42
Spartanburg,SC,45083,45083,38
Sumter,SC,45085,45085,36
Union,SC,45087,45087,44
Williamsburg,SC,45089,45089,43
York,SC,45091,45091,39
Aurora,SD,46003,46003,38
Beadle,SD,46005,46005,38
Bennett,SD,46007,46007,29
Bon Homme,SD,46009,46009,42
Brookings,SD,46011,46011,27
Brown,SD,46013,46013,37
Brule,SD,46015,46015,41
Buffalo,SD,46017,46017,26
Butte,SD,46019,46019,40
Campbell,SD,46021,46021,51
Charles Mix,SD,46023,46023,36
Clark,SD,46025,46025,41
Clay,SD,46027,46027,25
Codington,SD,46029,46029,39
Corson,SD,46031,46031,29
Custer,SD,46033,46033,55
Davison,SD,46035,46035,39
Day,SD,46037,46037,48
Deuel,SD,46039,46039,43
Dewey,SD,46041,46041,27
Douglas,SD,46043,46043,47
Edmunds,SD,46045,46045,42
Fall River,SD,46047,46047,54
Faulk,SD,46049,46049,47
Grant,SD,46051,46051,43
Gregory,SD,46053,46053,45
Haakon,SD,46055,46055,44
Hamlin,SD,46057,46057,35
Hand,SD,46059,46059,47
Hanson,SD,46061,46061,37
Harding,SD,46063,46063,42
Hughes,SD,46065,46065,38
Hutchinson,SD,46067,46067,43
Hyde,SD,46069,46069,53
Jackson,SD,46071,46071,32
Jerauld,SD,46073,46073,52
Jones,SD,46075,46075,54
Kingsbury,SD,46077,46077,45
Lake,SD,46079,46079,43
Lawrence,SD,46081,46081,42
Lincoln,SD,46083,46083,35
Lyman,SD,46085,46085,36
McCook,SD,46087,46087,39
McPherson,SD,46089,46089,50
Marshall,SD,46091,46091,40
Meade,SD,46093,46093,37
Mellette,SD,46095,46095,33
Miner,SD,46097,46097,44
Minnehaha,SD,46099,46099,35
Moody,SD,46101,46101,40
Pennington,SD,46103,46103,39
Perkins,SD,46105,46105,48
Potter,SD,46107,46107,49
Roberts,SD,46109,46109,38
Sanborn,SD,46111,46111,43
Shannon,SD,46113,46113,26
Spink,SD,46115,46115,44
Stanley,SD,46117,46117,45
Sully,SD,46119,46119,47
Todd,SD,46121,46121,24
Tripp,SD,46123,46123,45
Turner,SD,46125,46125,42
Union,SD,46127,46127,40
Walworth,SD,46129,46129,43
Yankton,SD,46135,46135,42
Ziebach,SD,46137,46137,33
Anderson,TN,47001,47001,43
Bedford,TN,47003,47003,38
Benton,TN,47005,47005,48
Bledsoe,TN,47007,47007,44
Blount,TN,47009,47009,44
Bradley,TN,47011,47011,40
Campbell,TN,47013,47013,44
Cannon,TN,47015,47015,42
Carroll,TN,47017,47017,43
Carter,TN,47019,47019,45
Cheatham,TN,47021,47021,40
Chester,TN,47023,47023,38
Claiborne,TN,47025,47025,43
Clay,TN,47027,47027,47
Cocke,TN,47029,47029,45
Coffee,TN,47031,47031,40
Crockett,TN,47033,47033,41
Cumberland,TN,47035,47035,51
Davidson,TN,47037,47037,34
Decatur,TN,47039,47039,46
DeKalb,TN,47041,47041,41
Dickson,TN,47043,47043,39
Dyer,TN,47045,47045,41
Fayette,TN,47047,47047,46
Fentress,TN,47049,47049,45
Franklin,TN,47051,47051,42
Gibson,TN,47053,47053,40
Giles,TN,47055,47055,44
Grainger,TN,47057,47057,45
Greene,TN,47059,47059,45
Grundy,TN,47061,47061,43
Hamblen,TN,47063,47063,41
Hamilton,TN,47065,47065,40
Hancock,TN,47067,47067,45
Hardeman,TN,47069,47069,40
Hardin,TN,47071,47071,45
Hawkins,TN,47073,47073,45
Haywood,TN,47075,47075,42
Henderson,TN,47077,47077,42
Henry,TN,47079,47079,46
Hickman,TN,47081,47081,41
Houston,TN,47083,47083,44
Humphreys,TN,47085,47085,42
Jackson,TN,47087,47087,47
Jefferson,TN,47089,47089,44
Johnson,TN,47091,47091,46
Knox,TN,47093,47093,37
Lake,TN,47095,47095,42
Lauderdale,TN,47097,47097,38
Lawrence,TN,47099,47099,39
Lewis,TN,47101,47101,43
Lincoln,TN,47103,47103,43
Loudon,TN,47105,47105,48
McMinn,TN,47107,47107,43
McNairy,TN,47109,47109,44
Macon,TN,47111,47111,39
Madison,TN,47113,47113,39
Marion,TN,47115,47115,43
Marshall,TN,47117,47117,39
Maury,TN,47119,47119,39
Meigs,TN,47121,47121,46
Monroe,TN,47123,47123,44
Montgomery,TN,47125,47125,31
Moore,TN,47127,47127,45
Morgan,TN,47129,47129,42
Obion,TN,47131,47131,43
Overton,TN,47133,47133,43
Perry,TN,47135,47135,43
Pickett,TN,47137,47137,50
Polk,TN,47139,47139,46
Putnam,TN,47141,47141,36
Rhea,TN,47143,47143,39
Roane,TN,47145,47145,46
Robertson,TN,47147,47147,39
Rutherford,TN,47149,47149,34
Scott,TN,47151,47151,39
Sequatchie,TN,47153,47153,44
Sevier,TN,47155,47155,43
Shelby,TN,47157,47157,36
Smith,TN,47159,47159,40
Stewart,TN,47161,47161,44
Sullivan,TN,47163,47163,45
Sumner,TN,47165,47165,40
Tipton,TN,47167,47167,38
Trousdale,TN,47169,47169,35
Unicoi,TN,47171,47171,47
Union,TN,47173,47173,43
Van Buren,TN,47175,47175,47
Warren,TN,47177,47177,40
Washington,TN,47179,47179,40
Wayne,TN,47181,47181,43
Weakley,TN,47183,47183,39
White,TN,47185,47185,43
Williamson,TN,47187,47187,39
Wilson,TN,47189,47189,40
Anderson,TX,48001,48001,39
Andrews,TX,48003,48003,31
Angelina,TX,48005,48005,38
Aransas,TX,48007,48007,51
Archer,TX,48009,48009,45
Armstrong,TX,48011,48011,46
Atascosa,TX,48013,48013,35
Austin,TX,48015,48015,41
Bailey,TX,48017,48017,33
Bandera,TX,48019,48019,52
Bastrop,TX,48021,48021,38
Baylor,TX,48023,48023,46
Bee,TX,48025,48025,35
Bell,TX,48027,48027,31
Bexar,TX,48029,48029,34
Blanco,TX,48031,48031,50
Borden,TX,48033,48033,42
Bosque,TX,48035,48035,47
Bowie,TX,48037,48037,38
Brazoria,TX,48039,48039,36
Brazos,TX,48041,48041,27
Brewster,TX,48043,48043,44
Briscoe,TX,48045,48045,46
Brooks,TX,48047,48047,30
Brown,TX,48049,48049,42
Burleson,TX,48051,48051,43
Burnet,TX,48053,48053,45
Caldwell,TX,48055,48055,36
Calhoun,TX,48057,48057,38
Callahan,TX,48059,48059,44
Cameron,TX,48061,48061,32
Camp,TX,48063,48063,38
Carson,TX,48065,48065,41
Cass,TX,48067,48067,43
Castro,TX,48069,48069,35
Chambers,TX,48071,48071,35
Cherokee,TX,48073,48073,38
Childress,TX,48075,48075,35
Clay,TX,48077,48077,47
Cochran,TX,48079,48079,35
Coke,TX,48081,48081,48
Coleman,TX,48083,48083,47
Collin,TX,48085,48085,37
Collingsworth,TX,48087,48087,40
Colorado,TX,48089,48089,43
Comal,TX,48091,48091,42
Comanche,TX,48093,48093,45
Concho,TX,48095,48095,45
Cooke,TX,48097,48097,41
Coryell,TX,48099,48099,32
Cottle,TX,48101,48101,37
Crane,TX,48103,48103,33
Crockett,TX,48105,48105,39
Crosby,TX,48107,48107,38
Culberson,TX,48109,48109,34
Dallam,TX,48111,48111,32
Dallas,TX,48113,48113,33
Dawson,TX,48115,48115,34
Deaf Smith,TX,48117,48117,32
Delta,TX,48119,48119,44
Denton,TX,48121,48121,36
DeWitt,TX,48123,48123,41
Dickens,TX,48125,48125,46
Dimmit,TX,48127,48127,34
Donley,TX,48129,48129,41
Duval,TX,48131,48131,36
Eastland,TX,48133,48133,41
Ector,TX,48135,48135,30
Edwards,TX,48137,48137,49
Ellis,TX,48139,48139,36
El Paso,TX,48141,48141,32
Erath,TX,48143,48143,30
Falls,TX,48145,48145,39
Fannin,TX,48147,48147,41
Fayette,TX,48149,48149,47
Fisher,TX,48151,48151,45
Floyd,TX,48153,48153,37
Foard,TX,48155,48155,51
Fort Bend,TX,48157,48157,36
Franklin,TX,48159,48159,43
Freestone,TX,48161,48161,42
Frio,TX,48163,48163,31
Gaines,TX,48165,48165,28
Galveston,TX,48167,48167,38
Garza,TX,48169,48169,41
Gillespie,TX,48171,48171,50
Glasscock,TX,48173,48173,31
Goliad,TX,48175,48175,46
Gonzales,TX,48177,48177,36
Gray,TX,48179,48179,37
Grayson,TX,48181,48181,40
Gregg,TX,48183,48183,36
Grimes,TX,48185,48185,40
Guadalupe,TX,48187,48187,37
Hale,TX,48189,48189,33
Hall,TX,48191,48191,45
Hamilton,TX,48193,48193,46
Hansford,TX,48195,48195,35
Hardeman,TX,48197,48197,44
Hardin,TX,48199,48199,39
Harris,TX,48201,48201,34
Harrison,TX,48203,48203,39
Hartley,TX,48205,48205,38
Haskell,TX,48207,48207,44
Hays,TX,48209,48209,32
Hemphill,TX,48211,48211,36
Henderson,TX,48213,48213,44
Hidalgo,TX,48215,48215,29
Hill,TX,48217,48217,42
Hockley,TX,48219,48219,34
Hood,TX,48221,48221,47
Hopkins,TX,48223,48223,39
Houston,TX,48225,48225,45
Howard,TX,48227,48227,37
Hudspeth,TX,48229,48229,37
Hunt,TX,48231,48231,38
Hutchinson,TX,48233,48233,38
Irion,TX,48235,48235,43
Jack,TX,48237,48237,40
Jackson,TX,48239,48239,38
Jasper,TX,48241,48241,41
Jeff Davis,TX,48243,48243,56
Jefferson,TX,48245,48245,36
Jim Hogg,TX,48247,48247,32
Jim Wells,TX,48249,48249,35
Johnson,TX,48251,48251,37
Jones,TX,48253,48253,38
Karnes,TX,48255,48255,35
Kaufman,TX,48257,48257,36
Kendall,TX,48259,48259,41
Kenedy,TX,48261,48261,40
Kent,TX,48263,48263,51
Kerr,TX,48265,48265,47
Kimble,TX,48267,48267,52
King,TX,48269,48269,40
Kinney,TX,48271,48271,50
Kleberg,TX,48273,48273,28
Knox,TX,48275,48275,40
Lamar,TX,48277,48277,41
Lamb,TX,48279,48279,36
Lampasas,TX,48281,48281,43
La Salle,TX,48283,48283,37
Lavaca,TX,48285,48285,43
Lee,TX,48287,48287,41
Leon,TX,48289,48289,44
Liberty,TX,48291,48291,36
Limestone,TX,48293,48293,40
Lipscomb,TX,48295,48295,35
Live Oak,TX,48297,48297,42
Llano,TX,48299,48299,57
Loving,TX,48301,48301,55
Lubbock,TX,48303,48303,31
Lynn,TX,48305,48305,37
McCulloch,TX,48307,48307,45
McLennan,TX,48309,48309,33
McMullen,TX,48311,48311,38
Madison,TX,48313,48313,35
Marion,TX,48315,48315,51
Martin,TX,48317,48317,33
Mason,TX,48319,48319,46
Matagorda,TX,48321,48321,38
Maverick,TX,48323,48323,30
Medina,TX,48325,48325,39
Menard,TX,48327,48327,52
Midland,TX,48329,48329,32
Milam,TX,48331,48331,42
Mills,TX,48333,48333,52
Mitchell,TX,48335,48335,34
Montague,TX,48337,48337,45
Montgomery,TX,48339,48339,37
Moore,TX,48341,48341,31
Morris,TX,48343,48343,43
Motley,TX,48345,48345,41
Nacogdoches,TX,48347,48347,31
Navarro,TX,48349,48349,38
Newton,TX,48351,48351,44
Nolan,TX,48353,48353,38
Nueces,TX,48355,48355,36
Ochiltree,TX,48357,48357,32
Oldham,TX,48359,48359,36
Orange,TX,48361,48361,38
Palo Pinto,TX,48363,48363,41
Panola,TX,48365,48365,39
Parker,TX,48367,48367,40
Parmer,TX,48369,48369,33
Pecos,TX,48371,48371,36
Polk,TX,48373,48373,44
Potter,TX,48375,48375,34
Presidio,TX,48377,48377,42
Rains,TX,48379,48379,48
Randall,TX,48381,48381,36
Reagan,TX,48383,48383,30
Real,TX,48385,48385,47
Red River,TX,48387,48387,46
Reeves,TX,48389,48389,36
Refugio,TX,48391,48391,43
Roberts,TX,48393,48393,43
Robertson,TX,48395,48395,42
Rockwall,TX,48397,48397,38
Runnels,TX,48399,48399,41
Rusk,TX,48401,48401,38
Sabine,TX,48403,48403,53
San Augustine,TX,48405,48405,49
San Jacinto,TX,48407,48407,45
San Patricio,TX,48409,48409,36
San Saba,TX,48411,48411,42
Schleicher,TX,48413,48413,36
Scurry,TX,48415,48415,36
Shackelford,TX,48417,48417,43
Shelby,TX,48419,48419,38
Sherman,TX,48421,48421,40
Smith,TX,48423,48423,37
Somervell,TX,48425,48425,41
Starr,TX,48427,48427,29
Stephens,TX,48429,48429,39
Sterling,TX,48431,48431,41
Stonewall,TX,48433,48433,47
Sutton,TX,48435,48435,39
Swisher,TX,48437,48437,36
Tarrant,TX,48439,48439,34
Taylor,TX,48441,48441,33
Terrell,TX,48443,48443,55
Terry,TX,48445,48445,35
Throckmorton,TX,48447,48447,52
Titus,TX,48449,48449,34
Tom Green,TX,48451,48451,34
Travis,TX,48453,48453,34
Trinity,TX,48455,48455,49
Tyler,TX,48457,48457,42
Upshur,TX,48459,48459,41
Upton,TX,48461,48461,40
Uvalde,TX,48463,48463,34
Val Verde,TX,48465,48465,32
Van Zandt,TX,48467,48467,43
Victoria,TX,48469,48469,36
Walker,TX,48471,48471,35
Waller,TX,48473,48473,29
Ward,TX,48475,48475,34
Washington,TX,48477,48477,42
Webb,TX,48479,48479,29
Wharton,TX,48481,48481,37
Wheeler,TX,48483,48483,40
Wichita,TX,48485,48485,35
Wilbarger,TX,48487,48487,39
Willacy,TX,48489,48489,33
Williamson,TX,48491,48491,36
Wilson,TX,48493,48493,40
Winkler,TX,48495,48495,33
Wise,TX,48497,48497,38
Wood,TX,48499,48499,48
Yoakum,TX,48501,48501,30
Young,TX,48503,48503,41
Zapata,TX,48505,48505,30
Zavala,TX,48507,48507,33
Beaver,UT,49001,49001,33
Box Elder,UT,49003,49003,33
Cache,UT,49005,49005,25
Carbon,UT,49007,49007,38
Daggett,UT,49009,49009,43
Davis,UT,49011,49011,31
Duchesne,UT,49013,49013,32
Emery,UT,49015,49015,36
Garfield,UT,49017,49017,42
Grand,UT,49019,49019,40
Iron,UT,49021,49021,29
Juab,UT,49023,49023,30
Kane,UT,49025,49025,42
Millard,UT,49027,49027,35
Morgan,UT,49029,49029,32
Piute,UT,49031,49031,45
Rich,UT,49033,49033,34
Salt Lake,UT,49035,49035,33
San Juan,UT,49037,49037,32
Sanpete,UT,49039,49039,33
Sevier,UT,49041,49041,35
Summit,UT,49043,49043,40
Tooele,UT,49045,49045,31
Uintah,UT,49047,49047,31
Utah,UT,49049,49049,25
Wasatch,UT,49051,49051,34
Washington,UT,49053,49053,37
Wayne,UT,49055,49055,40
Weber,UT,49057,49057,33
Addison,VT,50001,50001,44
Bennington,VT,50003,50003,47
Caledonia,VT,50005,50005,45
Chittenden,VT,50007,50007,37
Essex,VT,50009,50009,51
Franklin,VT,50011,50011,40
Grand Isle,VT,50013,50013,48
Lamoille,VT,50015,50015,41
Orange,VT,50017,50017,47
Orleans,VT,50019,50019,46
Rutland,VT,50021,50021,47
Washington,VT,50023,50023,44
Windham,VT,50025,50025,48
Windsor,VT,50027,50027,48
Accomack,VA,51001,51001,46
Albemarle,VA,51003,51003,39
Alleghany,VA,51005,51005,48
Amelia,VA,51007,51007,45
Amherst,VA,51009,51009,45
Appomattox,VA,51011,51011,43
Arlington,VA,51013,51013,35
Augusta,VA,51015,51015,45
Bath,VA,51017,51017,48
Bedford,VA,51019,51019,46
Bland,VA,51021,51021,46
Botetourt,VA,51023,51023,47
Brunswick,VA,51025,51025,43
Buchanan,VA,51027,51027,47
Buckingham,VA,51029,51029,44
Campbell,VA,51031,51031,43
Caroline,VA,51033,51033,40
Carroll,VA,51035,51035,48
Charles City,VA,51036,51036,51
Charlotte,VA,51037,51037,46
Chesterfield,VA,51041,51041,39
Clarke,VA,51043,51043,47
Craig,VA,51045,51045,46
Culpeper,VA,51047,51047,39
Cumberland,VA,51049,51049,46
Dickenson,VA,51051,51051,45
Dinwiddie,VA,51053,51053,43
Essex,VA,51057,51057,46
Fairfax,VA,51059,51059,38
Fauquier,VA,51061,51061,41
Floyd,VA,51063,51063,47
Fluvanna,VA,51065,51065,43
Franklin,VA,51067,51067,47
Frederick,VA,51069,51069,41
Giles,VA,51071,51071,45
Gloucester,VA,51073,51073,45
Goochland,VA,51075,51075,48
Grayson,VA,51077,51077,48
Greene,VA,51079,51079,40
Greensville,VA,51081,51081,41
Halifax,VA,51083,51083,47
Hanover,VA,51085,51085,43
Henrico,VA,51087,51087,39
Henry,VA,51089,51089,48
Highland,VA,51091,51091,61
Isle of Wight,VA,51093,51093,44
James City,VA,51095,51095,47
King and Queen,VA,51097,51097,47
King George,VA,51099,51099,37
King William,VA,51101,51101,40
Lancaster,VA,51103,51103,57
Lee,VA,51105,51105,45
Loudoun,VA,51107,51107,36
Louisa,VA,51109,51109,45
Lunenburg,VA,51111,51111,45
Madison,VA,51113,51113,46
Mathews,VA,51115,51115,55
Mecklenburg,VA,51117,51117,48
Middlesex,VA,51119,51119,54
Montgomery,VA,51121,51121,29
Nelson,VA,51125,51125,51
New Kent,VA,51127,51127,43
Northampton,VA,51131,51131,49
Northumberland,VA,51133,51133,59
Nottoway,VA,51135,51135,41
Orange,VA,51137,51137,42
Page,VA,51139,51139,45
Patrick,VA,51141,51141,50
Pittsylvania,VA,51143,51143,47
Powhatan,VA,51145,51145,45
Prince Edward,VA,51147,51147,32
Prince George,VA,51149,51149,37
Prince William,VA,51153,51153,35
Pulaski,VA,51155,51155,47
Rappahannock,VA,51157,51157,50
Richmond,VA,51159,51159,47
Roanoke,VA,51161,51161,44
Rockbridge,VA,51163,51163,49
Rockingham,VA,51165,51165,42
Russell,VA,51167,51167,46
Scott,VA,51169,51169,47
Shenandoah,VA,51171,51171,45
Smyth,VA,51173,51173,45
Southampton,VA,51175,51175,47
Spotsylvania,VA,51177,51177,38
Stafford,VA,51179,51179,36
Surry,VA,51181,51181,50
Sussex,VA,51183,51183,41
Tazewell,VA,51185,51185,45
Warren,VA,51187,51187,41
Washington,VA,51191,51191,46
Westmoreland,VA,51193,51193,49
Wise,VA,51195,51195,41
Wythe,VA,51197,51197,45
York,VA,51199,51199,40
Alexandria City,VA,51510,51510,37
Bedford City,VA,51515,51515,N/A
Bristol City,VA,51520,51520,42
Buena Vista City,VA,51530,51530,36
Charlottesville City,VA,51540,51540,32
Chesapeake City,VA,51550,51550,37
Colonial Heights City,VA,51570,51570,41
Covington City,VA,51580,51580,42
Danville City,VA,51590,51590,41
Emporia City,VA,51595,51595,35
Fairfax City,VA,51600,51600,38
Falls Church City,VA,51610,51610,39
Franklin City,VA,51620,51620,39
Fredericksburg City,VA,51630,51630,30
Galax City,VA,51640,51640,45
Hampton City,VA,51650,51650,36
Harrisonburg City,VA,51660,51660,25
Hopewell City,VA,51670,51670,36
Lexington City,VA,51678,51678,22
Lynchburg City,VA,51680,51680,28
Manassas City,VA,51683,51683,34
Manassas Park City,VA,51685,51685,35
Martinsville City,VA,51690,51690,41
Newport News City,VA,51700,51700,34
Norfolk City,VA,51710,51710,31
Norton City,VA,51720,51720,38
Petersburg City,VA,51730,51730,38
Poquoson City,VA,51735,51735,42
Portsmouth City,VA,51740,51740,35
Radford City,VA,51750,51750,23
Richmond City,VA,51760,51760,34
Roanoke City,VA,51770,51770,39
Salem City,VA,51775,51775,41
Staunton City,VA,51790,51790,43
Suffolk City,VA,51800,51800,38
Virginia Beach City,VA,51810,51810,36
Waynesboro City,VA,51820,51820,39
Williamsburg City,VA,51830,51830,25
Winchester City,VA,51840,51840,38
Adams,WA,53001,53001,28
Asotin,WA,53003,53003,45
Benton,WA,53005,53005,36
Chelan,WA,53007,53007,40
Clallam,WA,53009,53009,51
Clark,WA,53011,53011,38
Columbia,WA,53013,53013,50
Cowlitz,WA,53015,53015,41
Douglas,WA,53017,53017,37
Ferry,WA,53019,53019,50
Franklin,WA,53021,53021,30
Garfield,WA,53023,53023,46
Grant,WA,53025,53025,33
Grays Harbor,WA,53027,53027,44
Island,WA,53029,53029,44
Jefferson,WA,53031,53031,58
King,WA,53033,53033,37
Kitsap,WA,53035,53035,39
Kittitas,WA,53037,53037,34
Klickitat,WA,53039,53039,47
Lewis,WA,53041,53041,43
Lincoln,WA,53043,53043,48
Mason,WA,53045,53045,46
Okanogan,WA,53047,53047,43
Pacific,WA,53049,53049,54
Pend Oreille,WA,53051,53051,51
Pierce,WA,53053,53053,36
San Juan,WA,53055,53055,57
Skagit,WA,53057,53057,42
Skamania,WA,53059,53059,47
Snohomish,WA,53061,53061,38
Spokane,WA,53063,53063,38
Stevens,WA,53065,53065,47
Thurston,WA,53067,53067,39
Wahkiakum,WA,53069,53069,55
Walla Walla,WA,53071,53071,38
Whatcom,WA,53073,53073,37
Whitman,WA,53075,53075,25
Yakima,WA,53077,53077,33
Barbour,WV,54001,54001,42
Berkeley,WV,54003,54003,39
Boone,WV,54005,54005,44
Braxton,WV,54007,54007,46
Brooke,WV,54009,54009,47
Cabell,WV,54011,54011,39
Calhoun,WV,54013,54013,48
Clay,WV,54015,54015,44
Doddridge,WV,54017,54017,45
Fayette,WV,54019,54019,44
Gilmer,WV,54021,54021,39
Grant,WV,54023,54023,46
Greenbrier,WV,54025,54025,46
Hampshire,WV,54027,54027,47
Hancock,WV,54029,54029,47
Hardy,WV,54031,54031,46
Harrison,WV,54033,54033,42
Jackson,WV,54035,54035,44
Jefferson,WV,54037,54037,41
Kanawha,WV,54039,54039,43
Lewis,WV,54041,54041,44
Lincoln,WV,54043,54043,43
Logan,WV,54045,54045,44
McDowell,WV,54047,54047,45
Marion,WV,54049,54049,41
Marshall,WV,54051,54051,46
Mason,WV,54053,54053,44
Mercer,WV,54055,54055,43
Mineral,WV,54057,54057,45
Mingo,WV,54059,54059,43
Monongalia,WV,54061,54061,32
Monroe,WV,54063,54063,48
Morgan,WV,54065,54065,48
Nicholas,WV,54067,54067,45
Ohio,WV,54069,54069,44
Pendleton,WV,54071,54071,51
Pleasants,WV,54073,54073,44
Pocahontas,WV,54075,54075,49
Preston,WV,54077,54077,43
Putnam,WV,54079,54079,42
Raleigh,WV,54081,54081,42
Randolph,WV,54083,54083,44
Ritchie,WV,54085,54085,47
Roane,WV,54087,54087,46
Summers,WV,54089,54089,49
Taylor,WV,54091,54091,44
Tucker,WV,54093,54093,49
Tyler,WV,54095,54095,47
Upshur,WV,54097,54097,42
Wayne,WV,54099,54099,44
Webster,WV,54101,54101,47
Wetzel,WV,54103,54103,46
Wirt,WV,54105,54105,45
Wood,WV,54107,54107,44
Wyoming,WV,54109,54109,45
Adams,WI,55001,55001,54
Ashland,WI,55003,55003,42
Barron,WI,55005,55005,44
Bayfield,WI,55007,55007,52
Brown,WI,55009,55009,37
Buffalo,WI,55011,55011,47
Burnett,WI,55013,55013,53
Calumet,WI,55015,55015,41
Chippewa,WI,55017,55017,41
Clark,WI,55019,55019,37
Columbia,WI,55021,55021,42
Crawford,WI,55023,55023,46
Dane,WI,55025,55025,35
Dodge,WI,55027,55027,43
Door,WI,55029,55029,53
Douglas,WI,55031,55031,42
Dunn,WI,55033,55033,35
Eau Claire,WI,55035,55035,35
Florence,WI,55037,55037,54
Fond du Lac,WI,55039,55039,42
Forest,WI,55041,55041,47
Grant,WI,55043,55043,36
Green,WI,55045,55045,43
Green Lake,WI,55047,55047,45
Iowa,WI,55049,55049,43
Iron,WI,55051,55051,55
Jackson,WI,55053,55053,42
Jefferson,WI,55055,55055,41
Juneau,WI,55057,55057,45
Kenosha,WI,55059,55059,39
Kewaunee,WI,55061,55061,44
La Crosse,WI,55063,55063,36
Lafayette,WI,55065,55065,42
Langlade,WI,55067,55067,49
Lincoln,WI,55069,55069,48
Manitowoc,WI,55071,55071,45
Marathon,WI,55073,55073,41
Marinette,WI,55075,55075,49
Marquette,WI,55077,55077,50
Menominee,WI,55078,55078,32
Milwaukee,WI,55079,55079,35
Monroe,WI,55081,55081,40
Oconto,WI,55083,55083,47
Oneida,WI,55085,55085,51
Outagamie,WI,55087,55087,38
Ozaukee,WI,55089,55089,44
Pepin,WI,55091,55091,46
Pierce,WI,55093,55093,37
Polk,WI,55095,55095,46
Portage,WI,55097,55097,37
Price,WI,55099,55099,52
Racine,WI,55101,55101,40
Richland,WI,55103,55103,45
Rock,WI,55105,55105,40
Rusk,WI,55107,55107,49
St. Croix,WI,55109,55109,39
Sauk,WI,55111,55111,41
Sawyer,WI,55113,55113,50
Shawano,WI,55115,55115,45
Sheboygan,WI,55117,55117,42
Taylor,WI,55119,55119,44
Trempealeau,WI,55121,55121,41
Vernon,WI,55123,55123,42
Vilas,WI,55125,55125,55
Walworth,WI,55127,55127,40
Washburn,WI,55129,55129,51
Washington,WI,55131,55131,43
Waukesha,WI,55133,55133,43
Waupaca,WI,55135,55135,46
Waushara,WI,55137,55137,49
Winnebago,WI,55139,55139,38
Wood,WI,55141,55141,44
Albany,WY,56001,56001,28
Big Horn,WY,56003,56003,42
Campbell,WY,56005,56005,34
Carbon,WY,56007,56007,39
Converse,WY,56009,56009,40
Crook,WY,56011,56011,43
Fremont,WY,56013,56013,39
Goshen,WY,56015,56015,44
Hot Springs,WY,56017,56017,47
Johnson,WY,56019,56019,45
Laramie,WY,56021,56021,37
Lincoln,WY,56023,56023,40
Natrona,WY,56025,56025,37
Niobrara,WY,56027,56027,46
Park,WY,56029,56029,45
Platte,WY,56031,56031,49
Sheridan,WY,56033,56033,42
Sublette,WY,56035,56035,39
Sweetwater,WY,56037,56037,35
Teton,WY,56039,56039,39
Uinta,WY,56041,56041,36
Washakie,WY,56043,56043,43
Weston,WY,56045,56045,43
Eastern,AS,60010,60010,N/A
Manu'a,AS,60020,60020,N/A
Rose Island,AS,60030,60030,N/A
Swains Island,AS,60040,60040,N/A
Western,AS,60050,60050,N/A
Guam,GU,66010,66010,N/A
Northern Islands,MP,69085,69085,N/A
Rota,MP,69100,69100,N/A
Saipan,MP,69110,69110,N/A
Tinian,MP,69120,69120,N/A
Adjuntas,PR,72001,72001,42
Aguada,PR,72003,72003,43
Aguadilla,PR,72005,72005,42
Aguas Buenas,PR,72007,72007,42
Aibonito,PR,72009,72009,43
Añasco,PR,72011,72011,43
Arecibo,PR,72013,72013,43
Arroyo,PR,72015,72015,40
Barceloneta,PR,72017,72017,41
Barranquitas,PR,72019,72019,37
Bayamón,PR,72021,72021,42
Cabo Rojo,PR,72023,72023,44
Caguas,PR,72025,72025,41
Camuy,PR,72027,72027,42
Canóvanas,PR,72029,72029,40
Carolina,PR,72031,72031,43
Cataño,PR,72033,72033,40
Cayey,PR,72035,72035,43
Ceiba,PR,72037,72037,43
Ciales,PR,72039,72039,42
Cidra,PR,72041,72041,41
Coamo,PR,72043,72043,42
Comerío,PR,72045,72045,39
Corozal,PR,72047,72047,40
Culebra,PR,72049,72049,43
Dorado,PR,72051,72051,41
Fajardo,PR,72053,72053,42
Florida,PR,72054,72054,40
Guánica,PR,72055,72055,43
Guayama,PR,72057,72057,39
Guayanilla,PR,72059,72059,41
Guaynabo,PR,72061,72061,44
Gurabo,PR,72063,72063,39
Hatillo,PR,72065,72065,42
Hormigueros,PR,72067,72067,47
Humacao,PR,72069,72069,43
Isabela,PR,72071,72071,42
Jayuya,PR,72073,72073,39
Juana Díaz,PR,72075,72075,39
Juncos,PR,72077,72077,39
Lajas,PR,72079,72079,45
Lares,PR,72081,72081,43
Las Marías,PR,72083,72083,42
Las Piedras,PR,72085,72085,40
Loíza,PR,72087,72087,40
Luquillo,PR,72089,72089,42
Manatí,PR,72091,72091,42
Maricao,PR,72093,72093,44
Maunabo,PR,72095,72095,44
Mayagüez,PR,72097,72097,41
Moca,PR,72099,72099,40
Morovis,PR,72101,72101,39
Naguabo,PR,72103,72103,38
Naranjito,PR,72105,72105,41
Orocovis,PR,72107,72107,40
Patillas,PR,72109,72109,45
Peñuelas,PR,72111,72111,39
Ponce,PR,72113,72113,41
Quebradillas,PR,72115,72115,41
Rincón,PR,72117,72117,46
Río Grande,PR,72119,72119,41
Sabana Grande,PR,72121,72121,42
Salinas,PR,72123,72123,41
San Germán,PR,72125,72125,44
San Juan,PR,72127,72127,43
San Lorenzo,PR,72129,72129,42
San Sebastián,PR,72131,72131,44
Santa Isabel,PR,72133,72133,39
Toa Alta,PR,72135,72135,38
Toa Baja,PR,72137,72137,41
Trujillo Alto,PR,72139,72139,41
Utuado,PR,72141,72141,44
Vega Alta,PR,72143,72143,40
Vega Baja,PR,72145,72145,42
Vieques,PR,72147,72147,47
Villalba,PR,72149,72149,40
Yabucoa,PR,72151,72151,43
Yauco,PR,72153,72153,44
St. Croix,VI,78010,78010,N/A
St. John,VI,78020,78020,N/A
St. Thomas,VI,78030,78030,N/A