County,State,FIPS Code,Formatted FIPS,Unemployment rate in 2020.
Autauga,AL,1001,01001,4.9
Baldwin,AL,1003,01003,5.6
Barbour,AL,1005,01005,7
Bibb,AL,1007,01007,6.6
Blount,AL,1009,01009,4.1
Bullock,AL,1011,01011,5.5
Butler,AL,1013,01013,8.8
Calhoun,AL,1015,01015,7.1
Chambers,AL,1017,01017,6.8
Cherokee,AL,1019,01019,4.6
Chilton,AL,1021,01021,5
Choctaw,AL,1023,01023,6.7
Clarke,AL,1025,01025,9
Clay,AL,1027,01027,4
Cleburne,AL,1029,01029,4.6
Coffee,AL,1031,01031,4.4
Colbert,AL,1033,01033,6.6
Conecuh,AL,1035,01035,7.3
Coosa,AL,1037,01037,5.5
Covington,AL,1039,01039,4.9
Crenshaw,AL,1041,01041,5.7
Cullman,AL,1043,01043,4.3
Dale,AL,1045,01045,4.9
Dallas,AL,1047,01047,10.7
DeKalb,AL,1049,01049,4.5
Elmore,AL,1051,01051,4.9
Escambia,AL,1053,01053,6
Etowah,AL,1055,01055,7.7
Fayette,AL,1057,01057,5
Franklin,AL,1059,01059,4.4
Geneva,AL,1061,01061,4.1
Greene,AL,1063,01063,10.9
Hale,AL,1065,01065,9.4
Henry,AL,1067,01067,4.8
Houston,AL,1069,01069,5.4
Jackson,AL,1071,01071,5.3
Jefferson,AL,1073,01073,6.2
Lamar,AL,1075,01075,4.9
Lauderdale,AL,1077,01077,5.5
Lawrence,AL,1079,01079,4.9
Lee,AL,1081,01081,5.2
Limestone,AL,1083,01083,4.3
Lowndes,AL,1085,01085,13.3
Macon,AL,1087,01087,9.6
Madison,AL,1089,01089,4.6
Marengo,AL,1091,01091,6.2
Marion,AL,1093,01093,5.1
Marshall,AL,1095,01095,4.2
Mobile,AL,1097,01097,7.9
Monroe,AL,1099,01099,8.2
Montgomery,AL,1101,01101,7.8
Morgan,AL,1103,01103,4.5
Perry,AL,1105,01105,10.9
Pickens,AL,1107,01107,6.5
Pike,AL,1109,01109,4.9
Randolph,AL,1111,01111,4.7
Russell,AL,1113,01113,5.1
St. Clair,AL,1115,01115,4.9
Shelby,AL,1117,01117,3.9
Sumter,AL,1119,01119,7
Talladega,AL,1121,01121,7
Tallapoosa,AL,1123,01123,6.9
Tuscaloosa,AL,1125,01125,6.6
Walker,AL,1127,01127,5.8
Washington,AL,1129,01129,8
Wilcox,AL,1131,01131,14.7
Winston,AL,1133,01133,4.7
Aleutians East,AK,2013,02013,4
Aleutians West,AK,2016,02016,4.5
Anchorage,AK,2020,02020,7.4
Bethel,AK,2050,02050,11.6
Bristol Bay,AK,2060,02060,7.4
Denali,AK,2068,02068,15.7
Dillingham,AK,2070,02070,8.2
Fairbanks North Star,AK,2090,02090,6.4
Haines,AK,2100,02100,15.6
Hoonah-Angoon,AK,2105,02105,13.5
Juneau,AK,2110,02110,6.6
Kenai Peninsula,AK,2122,02122,9.1
Ketchikan Gateway,AK,2130,02130,9.6
Kodiak Island,AK,2150,02150,6.2
Lake and Peninsula,AK,2164,02164,9.4
Matanuska-Susitna,AK,2170,02170,8.3
Nome,AK,2180,02180,10.5
North Slope,AK,2185,02185,5.9
Northwest Arctic,AK,2188,02188,12
Petersburg,AK,2195,02195,8.7
Prince of Wales-Hyder,AK,2198,02198,9.2
Sitka,AK,2220,02220,6.9
Skagway,AK,2230,02230,21.5
Southeast Fairbanks,AK,2240,02240,7.4
Valdez-Cordova,AK,2261,02261,8.7
Wade Hampton,AK,2270,02270,19.4
Wrangell,AK,2275,02275,8.4
Yakutat,AK,2282,02282,8.5
Yukon-Koyukuk,AK,2290,02290,12.1
Apache,AZ,4001,04001,12.8
Cochise,AZ,4003,04003,7
Coconino,AZ,4005,04005,9.7
Gila,AZ,4007,04007,7.7
Graham,AZ,4009,04009,6.3
Greenlee,AZ,4011,04011,5.5
La Paz,AZ,4012,04012,7.1
Maricopa,AZ,4013,04013,7.4
Mohave,AZ,4015,04015,10
Navajo,AZ,4017,04017,10.1
Pima,AZ,4019,04019,7.7
Pinal,AZ,4021,04021,7.5
Santa Cruz,AZ,4023,04023,11.4
Yavapai,AZ,4025,04025,7.5
Yuma,AZ,4027,04027,17.1
Arkansas,AR,5001,05001,4
Ashley,AR,5003,05003,9.3
Baxter,AR,5005,05005,5.9
Benton,AR,5007,05007,4.5
Boone,AR,5009,05009,5.3
Bradley,AR,5011,05011,5.8
Calhoun,AR,5013,05013,5.2
Carroll,AR,5015,05015,5.7
Chicot,AR,5017,05017,10.3
Clark,AR,5019,05019,5.9
Clay,AR,5021,05021,6
Cleburne,AR,5023,05023,7.6
Cleveland,AR,5025,05025,6.1
Columbia,AR,5027,05027,6.8
Conway,AR,5029,05029,6
Craighead,AR,5031,05031,5.3
Crawford,AR,5033,05033,5.4
Crittenden,AR,5035,05035,8.3
Cross,AR,5037,05037,6.1
Dallas,AR,5039,05039,5.3
Desha,AR,5041,05041,7
Drew,AR,5043,05043,6.9
Faulkner,AR,5045,05045,5.4
Franklin,AR,5047,05047,5.6
Fulton,AR,5049,05049,5.1
Garland,AR,5051,05051,8
Grant,AR,5053,05053,5.2
Greene,AR,5055,05055,6
Hempstead,AR,5057,05057,5.2
Hot Spring,AR,5059,05059,5.8
Howard,AR,5061,05061,5
Independence,AR,5063,05063,5.8
Izard,AR,5065,05065,8.4
Jackson,AR,5067,05067,7.1
Jefferson,AR,5069,05069,8
Johnson,AR,5071,05071,6.3
Lafayette,AR,5073,05073,7.6
Lawrence,AR,5075,05075,6.1
Lee,AR,5077,05077,7.5
Lincoln,AR,5079,05079,6
Little River,AR,5081,05081,6.4
Logan,AR,5083,05083,6.6
Lonoke,AR,5085,05085,5.5
Madison,AR,5087,05087,3.9
Marion,AR,5089,05089,6.4
Miller,AR,5091,05091,6.9
Mississippi,AR,5093,05093,9
Monroe,AR,5095,05095,6.7
Montgomery,AR,5097,05097,6.8
Nevada,AR,5099,05099,5.9
Newton,AR,5101,05101,5
Ouachita,AR,5103,05103,6
Perry,AR,5105,05105,5.5
Phillips,AR,5107,05107,9.1
Pike,AR,5109,05109,5.9
Poinsett,AR,5111,05111,5.5
Polk,AR,5113,05113,6.6
Pope,AR,5115,05115,5.9
Prairie,AR,5117,05117,5.3
Pulaski,AR,5119,05119,7.4
Randolph,AR,5121,05121,5.9
St. Francis,AR,5123,05123,7.9
Saline,AR,5125,05125,5.1
Scott,AR,5127,05127,4.5
Searcy,AR,5129,05129,6.4
Sebastian,AR,5131,05131,6
Sevier,AR,5133,05133,5.8
Sharp,AR,5135,05135,7.1
Stone,AR,5137,05137,7.1
Union,AR,5139,05139,8.3
Van Buren,AR,5141,05141,7.1
Washington,AR,5143,05143,4.6
White,AR,5145,05145,6.2
Woodruff,AR,5147,05147,5.8
Yell,AR,5149,05149,5.1
Alameda,CA,6001,06001,8.8
Alpine,CA,6003,06003,11.2
Amador,CA,6005,06005,9.1
Butte,CA,6007,06007,9.2
Calaveras,CA,6009,06009,7.6
Colusa,CA,6011,06011,16
Contra Costa,CA,6013,06013,8.9
Del Norte,CA,6015,06015,9.5
El Dorado,CA,6017,06017,8.3
Fresno,CA,6019,06019,11.3
Glenn,CA,6021,06021,8.9
Humboldt,CA,6023,06023,8.4
Imperial,CA,6025,06025,22.5
Inyo,CA,6027,06027,7.8
Kern,CA,6029,06029,12.5
Kings,CA,6031,06031,11.6
Lake,CA,6033,06033,9.6
Lassen,CA,6035,06035,7.1
Los Angeles,CA,6037,06037,12.8
Madera,CA,6039,06039,10.8
Marin,CA,6041,06041,6.7
Mariposa,CA,6043,06043,10.9
Mendocino,CA,6045,06045,8.9
Merced,CA,6047,06047,12.2
Modoc,CA,6049,06049,8.5
Mono,CA,6051,06051,11.8
Monterey,CA,6053,06053,10.8
Napa,CA,6055,06055,8.7
Nevada,CA,6057,06057,8
Orange,CA,6059,06059,8.8
Placer,CA,6061,06061,7.3
Plumas,CA,6063,06063,10.7
Riverside,CA,6065,06065,9.9
Sacramento,CA,6067,06067,9.3
San Benito,CA,6069,06069,9.9
San Bernardino,CA,6071,06071,9.4
San Diego,CA,6073,06073,9.2
San Francisco,CA,6075,06075,7.8
San Joaquin,CA,6077,06077,11.3
San Luis Obispo,CA,6079,06079,7.7
San Mateo,CA,6081,06081,6.9
Santa Barbara,CA,6083,06083,8
Santa Clara,CA,6085,06085,7
Santa Cruz,CA,6087,06087,9.5
Shasta,CA,6089,06089,8.7
Sierra,CA,6091,06091,8
Siskiyou,CA,6093,06093,9.7
Solano,CA,6095,06095,9.5
Sonoma,CA,6097,06097,7.9
Stanislaus,CA,6099,06099,10.7
Sutter,CA,6101,06101,11
Tehama,CA,6103,06103,8.8
Trinity,CA,6105,06105,8
Tulare,CA,6107,06107,13.2
Tuolumne,CA,6109,06109,10.4
Ventura,CA,6111,06111,8.6
Yolo,CA,6113,06113,7.5
Yuba,CA,6115,06115,10.5
Adams,CO,8001,08001,8
Alamosa,CO,8003,08003,6.4
Arapahoe,CO,8005,08005,7.9
Archuleta,CO,8007,08007,7.6
Baca,CO,8009,08009,2.3
Bent,CO,8011,08011,4.4
Boulder,CO,8013,08013,6.2
Broomfield,CO,8014,08014,6.6
Chaffee,CO,8015,08015,6.3
Cheyenne,CO,8017,08017,2.4
Clear Creek,CO,8019,08019,8.5
Conejos,CO,8021,08021,5.6
Costilla,CO,8023,08023,7.2
Crowley,CO,8025,08025,5.4
Custer,CO,8027,08027,5
Delta,CO,8029,08029,6.6
Denver,CO,8031,08031,8.2
Dolores,CO,8033,08033,6.9
Douglas,CO,8035,08035,5.8
Eagle,CO,8037,08037,9.5
Elbert,CO,8039,08039,4.7
El Paso,CO,8041,08041,7.3
Fremont,CO,8043,08043,7.7
Garfield,CO,8045,08045,6.8
Gilpin,CO,8047,08047,11.3
Grand,CO,8049,08049,8.4
Gunnison,CO,8051,08051,6.6
Hinsdale,CO,8053,08053,4.2
Huerfano,CO,8055,08055,9.4
Jackson,CO,8057,08057,4.3
Jefferson,CO,8059,08059,7.1
Kiowa,CO,8061,08061,2.3
Kit Carson,CO,8063,08063,2.8
Lake,CO,8065,08065,8.2
La Plata,CO,8067,08067,6.8
Larimer,CO,8069,08069,6.3
Las Animas,CO,8071,08071,7.4
Lincoln,CO,8073,08073,4.5
Logan,CO,8075,08075,4.7
Mesa,CO,8077,08077,7.5
Mineral,CO,8079,08079,5.8
Moffat,CO,8081,08081,6
Montezuma,CO,8083,08083,7.1
Montrose,CO,8085,08085,6.6
Morgan,CO,8087,08087,5.4
Otero,CO,8089,08089,6.2
Ouray,CO,8091,08091,8.1
Park,CO,8093,08093,5.7
Phillips,CO,8095,08095,2.7
Pitkin,CO,8097,08097,10.5
Prowers,CO,8099,08099,4.4
Pueblo,CO,8101,08101,8.2
Rio Blanco,CO,8103,08103,5.4
Rio Grande,CO,8105,08105,7.1
Routt,CO,8107,08107,7.9
Saguache,CO,8109,08109,7
San Juan,CO,8111,08111,6.7
San Miguel,CO,8113,08113,10.9
Sedgwick,CO,8115,08115,3.4
Summit,CO,8117,08117,9.8
Teller,CO,8119,08119,7.5
Washington,CO,8121,08121,3.1
Weld,CO,8123,08123,7
Yuma,CO,8125,08125,2.8
Fairfield,CT,9001,09001,7.9
Hartford,CT,9003,09003,8.1
Litchfield,CT,9005,09005,6.9
Middlesex,CT,9007,09007,6.5
New Haven,CT,9009,09009,8
New London,CT,9011,09011,9.6
Tolland,CT,9013,09013,6.2
Windham,CT,9015,09015,7.8
Kent,DE,10001,10001,8.6
New Castle,DE,10003,10003,7.7
Sussex,DE,10005,10005,7.5
District of Columbia,DC,11001,11001,8
Alachua,FL,12001,12001,5.4
Baker,FL,12003,12003,4.9
Bay,FL,12005,12005,6.1
Bradford,FL,12007,12007,5.9
Brevard,FL,12009,12009,6.6
Broward,FL,12011,12011,8.8
Calhoun,FL,12013,12013,5.2
Charlotte,FL,12015,12015,7.3
Citrus,FL,12017,12017,8.4
Clay,FL,12019,12019,5.4
Collier,FL,12021,12021,6.9
Columbia,FL,12023,12023,5.8
DeSoto,FL,12027,12027,5.2
Dixie,FL,12029,12029,5.5
Duval,FL,12031,12031,6.7
Escambia,FL,12033,12033,6.7
Flagler,FL,12035,12035,7.6
Franklin,FL,12037,12037,5.4
Gadsden,FL,12039,12039,6.8
Gilchrist,FL,12041,12041,4.9
Glades,FL,12043,12043,5.6
Gulf,FL,12045,12045,5.9
Hamilton,FL,12047,12047,7.6
Hardee,FL,12049,12049,6.5
Hendry,FL,12051,12051,8.1
Hernando,FL,12053,12053,8.1
Highlands,FL,12055,12055,7.7
Hillsborough,FL,12057,12057,7.1
Holmes,FL,12059,12059,5.5
Indian River,FL,12061,12061,7.4
Jackson,FL,12063,12063,5.4
Jefferson,FL,12065,12065,5.6
Lafayette,FL,12067,12067,4.2
Lake,FL,12069,12069,8.9
Lee,FL,12071,12071,7.3
Leon,FL,12073,12073,5.8
Levy,FL,12075,12075,6
Liberty,FL,12077,12077,4.8
Madison,FL,12079,12079,6
Manatee,FL,12081,12081,6.8
Marion,FL,12083,12083,7
Martin,FL,12085,12085,6.1
Miami-Dade,FL,12086,12086,8
Monroe,FL,12087,12087,7.9
Nassau,FL,12089,12089,5.7
Okaloosa,FL,12091,12091,5.5
Okeechobee,FL,12093,12093,5.4
Orange,FL,12095,12095,10.6
Osceola,FL,12097,12097,13.5
Palm Beach,FL,12099,12099,7.6
Pasco,FL,12101,12101,7.2
Pinellas,FL,12103,12103,7
Polk,FL,12105,12105,9
Putnam,FL,12107,12107,7.9
St. Johns,FL,12109,12109,5.3
St. Lucie,FL,12111,12111,7.8
Santa Rosa,FL,12113,12113,5.2
Sarasota,FL,12115,12115,6.8
Seminole,FL,12117,12117,7.2
Sumter,FL,12119,12119,7.9
Suwannee,FL,12121,12121,5.6
Taylor,FL,12123,12123,6.2
Union,FL,12125,12125,4.7
Volusia,FL,12127,12127,7.6
Wakulla,FL,12129,12129,4.5
Walton,FL,12131,12131,5.9
Washington,FL,12133,12133,5.8
Appling,GA,13001,13001,4.7
Atkinson,GA,13003,13003,3.9
Bacon,GA,13005,13005,4.9
Baker,GA,13007,13007,6
Baldwin,GA,13009,13009,6.9
Banks,GA,13011,13011,4.3
Barrow,GA,13013,13013,5.1
Bartow,GA,13015,13015,6.2
Ben Hill,GA,13017,13017,6.9
Berrien,GA,13019,13019,5.8
Bibb,GA,13021,13021,7.5
Bleckley,GA,13023,13023,6.5
Brantley,GA,13025,13025,5.4
Brooks,GA,13027,13027,5.2
Bryan,GA,13029,13029,5.3
Bulloch,GA,13031,13031,6.5
Burke,GA,13033,13033,7.2
Butts,GA,13035,13035,6.2
Calhoun,GA,13037,13037,5.1
Camden,GA,13039,13039,4.7
Candler,GA,13043,13043,4.4
Carroll,GA,13045,13045,6.4
Catoosa,GA,13047,13047,4.3
Charlton,GA,13049,13049,3.8
Chatham,GA,13051,13051,7.6
Chattahoochee,GA,13053,13053,6.2
Chattooga,GA,13055,13055,8.4
Cherokee,GA,13057,13057,4.9
Clarke,GA,13059,13059,6.4
Clay,GA,13061,13061,12.4
Clayton,GA,13063,13063,10.3
Clinch,GA,13065,13065,4
Cobb,GA,13067,13067,5.9
Coffee,GA,13069,13069,5.8
Colquitt,GA,13071,13071,4.5
Columbia,GA,13073,13073,4.2
Cook,GA,13075,13075,4.7
Coweta,GA,13077,13077,6.2
Crawford,GA,13079,13079,5
Crisp,GA,13081,13081,7.9
Dade,GA,13083,13083,4.1
Dawson,GA,13085,13085,4.7
Decatur,GA,13087,13087,4.8
DeKalb,GA,13089,13089,8
Dodge,GA,13091,13091,6
Dooly,GA,13093,13093,7.7
Dougherty,GA,13095,13095,8.6
Douglas,GA,13097,13097,7.4
Early,GA,13099,13099,5.8
Echols,GA,13101,13101,3.9
Effingham,GA,13103,13103,5
Elbert,GA,13105,13105,6.9
Emanuel,GA,13107,13107,7.1
Evans,GA,13109,13109,5.1
Fannin,GA,13111,13111,4.7
Fayette,GA,13113,13113,5.4
Floyd,GA,13115,13115,6.3
Forsyth,GA,13117,13117,4.6
Franklin,GA,13119,13119,5.9
Fulton,GA,13121,13121,8
Gilmer,GA,13123,13123,4.7
Glascock,GA,13125,13125,4.1
Glynn,GA,13127,13127,6.8
Gordon,GA,13129,13129,5.5
Grady,GA,13131,13131,4.4
Greene,GA,13133,13133,5.9
Gwinnett,GA,13135,13135,6.3
Habersham,GA,13137,13137,5.4
Hall,GA,13139,13139,4.7
Hancock,GA,13141,13141,8.8
Haralson,GA,13143,13143,5.9
Harris,GA,13145,13145,4.6
Hart,GA,13147,13147,5.4
Heard,GA,13149,13149,6.5
Henry,GA,13151,13151,7.4
Houston,GA,13153,13153,5.2
Irwin,GA,13155,13155,5.5
Jackson,GA,13157,13157,4.4
Jasper,GA,13159,13159,4.9
Jeff Davis,GA,13161,13161,5.1
Jefferson,GA,13163,13163,6.7
Jenkins,GA,13165,13165,6.3
Johnson,GA,13167,13167,4.9
Jones,GA,13169,13169,4.6
Lamar,GA,13171,13171,6.3
Lanier,GA,13173,13173,5.2
Laurens,GA,13175,13175,6.7
Lee,GA,13177,13177,4.6
Liberty,GA,13179,13179,6.2
Lincoln,GA,13181,13181,5.4
Long,GA,13183,13183,4.4
Lowndes,GA,13185,13185,6
Lumpkin,GA,13187,13187,4.8
McDuffie,GA,13189,13189,7.8
McIntosh,GA,13191,13191,5.7
Macon,GA,13193,13193,6.7
Madison,GA,13195,13195,5.2
Marion,GA,13197,13197,5.1
Meriwether,GA,13199,13199,8.6
Miller,GA,13201,13201,4
Mitchell,GA,13205,13205,6.5
Monroe,GA,13207,13207,5.1
Montgomery,GA,13209,13209,5.4
Morgan,GA,13211,13211,5.4
Murray,GA,13213,13213,7.6
Muscogee,GA,13215,13215,7.8
Newton,GA,13217,13217,7.1
Oconee,GA,13219,13219,3.8
Oglethorpe,GA,13221,13221,4.8
Paulding,GA,13223,13223,5.4
Peach,GA,13225,13225,6.2
Pickens,GA,13227,13227,4.8
Pierce,GA,13229,13229,4.5
Pike,GA,13231,13231,5
Polk,GA,13233,13233,6
Pulaski,GA,13235,13235,4.5
Putnam,GA,13237,13237,6.6
Quitman,GA,13239,13239,6.5
Rabun,GA,13241,13241,5.3
Randolph,GA,13243,13243,5.9
Richmond,GA,13245,13245,7.6
Rockdale,GA,13247,13247,7.6
Schley,GA,13249,13249,4.3
Screven,GA,13251,13251,8.2
Seminole,GA,13253,13253,5
Spalding,GA,13255,13255,7.6
Stephens,GA,13257,13257,6.4
Stewart,GA,13259,13259,5.7
Sumter,GA,13261,13261,7.4
Talbot,GA,13263,13263,6.9
Taliaferro,GA,13265,13265,7.2
Tattnall,GA,13267,13267,4.3
Taylor,GA,13269,13269,6.7
Telfair,GA,13271,13271,9.9
Terrell,GA,13273,13273,7.5
Thomas,GA,13275,13275,6.2
Tift,GA,13277,13277,5.1
Toombs,GA,13279,13279,6.6
Towns,GA,13281,13281,6.7
Treutlen,GA,13283,13283,6
Troup,GA,13285,13285,7.3
Turner,GA,13287,13287,7.2
Twiggs,GA,13289,13289,7.4
Union,GA,13291,13291,4.4
Upson,GA,13293,13293,6.6
Walker,GA,13295,13295,4.9
Walton,GA,13297,13297,5.4
Ware,GA,13299,13299,5.6
Warren,GA,13301,13301,6.8
Washington,GA,13303,13303,6.4
Wayne,GA,13305,13305,5.6
Webster,GA,13307,13307,5.7
Wheeler,GA,13309,13309,7.2
White,GA,13311,13311,4.4
Whitfield,GA,13313,13313,7.3
Wilcox,GA,13315,13315,5.7
Wilkes,GA,13317,13317,6.7
Wilkinson,GA,13319,13319,5.4
Worth,GA,13321,13321,5.4
Hawaii,HI,15001,15001,11.4
Honolulu,HI,15003,15003,10.2
Kalawao,HI,15005,15005,N/A
Kauai,HI,15007,15007,16.2
Maui,HI,15009,15009,17.8
Ada,ID,16001,16001,5.4
Adams,ID,16003,16003,9.3
Bannock,ID,16005,16005,4.9
Bear Lake,ID,16007,16007,4.2
Benewah,ID,16009,16009,7.5
Bingham,ID,16011,16011,3.9
Blaine,ID,16013,16013,7.8
Boise,ID,16015,16015,8
Bonner,ID,16017,16017,7.5
Bonneville,ID,16019,16019,4
Boundary,ID,16021,16021,6.2
Butte,ID,16023,16023,3.6
Camas,ID,16025,16025,4.8
Canyon,ID,16027,16027,5.9
Caribou,ID,16029,16029,3.6
Cassia,ID,16031,16031,3.7
Clark,ID,16033,16033,4
Clearwater,ID,16035,16035,8.2
Custer,ID,16037,16037,5
Elmore,ID,16039,16039,4.8
Franklin,ID,16041,16041,3.6
Fremont,ID,16043,16043,3.6
Gem,ID,16045,16045,5.9
Gooding,ID,16047,16047,3.8
Idaho,ID,16049,16049,6.7
Jefferson,ID,16051,16051,3.4
Jerome,ID,16053,16053,4
Kootenai,ID,16055,16055,6.9
Latah,ID,16057,16057,4.7
Lemhi,ID,16059,16059,6.7
Lewis,ID,16061,16061,7.7
Lincoln,ID,16063,16063,5.8
Madison,ID,16065,16065,2.7
Minidoka,ID,16067,16067,3.8
Nez Perce,ID,16069,16069,4.9
Oneida,ID,16071,16071,4.2
Owyhee,ID,16073,16073,6
Payette,ID,16075,16075,5.3
Power,ID,16077,16077,4.1
Shoshone,ID,16079,16079,9.1
Teton,ID,16081,16081,5.7
Twin Falls,ID,16083,16083,5.3
Valley,ID,16085,16085,7.9
Washington,ID,16087,16087,5.4
Adams,IL,17001,17001,6.3
Alexander,IL,17003,17003,9.8
Bond,IL,17005,17005,6.8
Boone,IL,17007,17007,11.2
Brown,IL,17009,17009,3.8
Bureau,IL,17011,17011,7.6
Calhoun,IL,17013,17013,7.6
Carroll,IL,17015,17015,7.2
Cass,IL,17017,17017,6.7
Champaign,IL,17019,17019,6.4
Christian,IL,17021,17021,8.1
Clark,IL,17023,17023,7.9
Clay,IL,17025,17025,9.4
Clinton,IL,17027,17027,5.8
Coles,IL,17029,17029,7.4
Cook,IL,17031,17031,11.1
Crawford,IL,17033,17033,7
Cumberland,IL,17035,17035,5.7
DeKalb,IL,17037,17037,8.2
De Witt,IL,17039,17039,6.5
Douglas,IL,17041,17041,5.6
DuPage,IL,17043,17043,7.9
Edgar,IL,17045,17045,6.6
Edwards,IL,17047,17047,8.2
Effingham,IL,17049,17049,6.6
Fayette,IL,17051,17051,7.5
Ford,IL,17053,17053,6.4
Franklin,IL,17055,17055,10.5
Fulton,IL,17057,17057,8.6
Gallatin,IL,17059,17059,9.2
Greene,IL,17061,17061,6.5
Grundy,IL,17063,17063,8.8
Hamilton,IL,17065,17065,6.7
Hancock,IL,17067,17067,6.9
Hardin,IL,17069,17069,9.2
Henderson,IL,17071,17071,6.9
Henry,IL,17073,17073,7.8
Iroquois,IL,17075,17075,6.2
Jackson,IL,17077,17077,7.7
Jasper,IL,17079,17079,6
Jefferson,IL,17081,17081,10.1
Jersey,IL,17083,17083,7.4
Jo Daviess,IL,17085,17085,8.3
Johnson,IL,17087,17087,8.9
Kane,IL,17089,17089,9.1
Kankakee,IL,17091,17091,8.8
Kendall,IL,17093,17093,8.4
Knox,IL,17095,17095,8.6
Lake,IL,17097,17097,8.1
LaSalle,IL,17099,17099,9.4
Lawrence,IL,17101,17101,8.7
Lee,IL,17103,17103,6.8
Livingston,IL,17105,17105,6.7
Logan,IL,17107,17107,6.7
McDonough,IL,17109,17109,7.1
McHenry,IL,17111,17111,8.3
McLean,IL,17113,17113,6.8
Macon,IL,17115,17115,9.9
Macoupin,IL,17117,17117,6.9
Madison,IL,17119,17119,7.7
Marion,IL,17121,17121,9.3
Marshall,IL,17123,17123,7.4
Mason,IL,17125,17125,8
Massac,IL,17127,17127,10
Menard,IL,17129,17129,6.4
Mercer,IL,17131,17131,8
Monroe,IL,17133,17133,5.6
Montgomery,IL,17135,17135,8.7
Morgan,IL,17137,17137,6.9
Moultrie,IL,17139,17139,5
Ogle,IL,17141,17141,8.1
Peoria,IL,17143,17143,10.4
Perry,IL,17145,17145,9.4
Piatt,IL,17147,17147,5.4
Pike,IL,17149,17149,6
Pope,IL,17151,17151,7.9
Pulaski,IL,17153,17153,11.7
Putnam,IL,17155,17155,8.3
Randolph,IL,17157,17157,7.1
Richland,IL,17159,17159,6.8
Rock Island,IL,17161,17161,9.4
St. Clair,IL,17163,17163,9
Saline,IL,17165,17165,9.7
Sangamon,IL,17167,17167,8.2
Schuyler,IL,17169,17169,6.2
Scott,IL,17171,17171,6.6
Shelby,IL,17173,17173,6.4
Stark,IL,17175,17175,7.3
Stephenson,IL,17177,17177,7.3
Tazewell,IL,17179,17179,8.1
Union,IL,17181,17181,8.1
Vermilion,IL,17183,17183,8.8
Wabash,IL,17185,17185,8.3
Warren,IL,17187,17187,6.2
Washington,IL,17189,17189,5.3
Wayne,IL,17191,17191,8.3
White,IL,17193,17193,7.6
Whiteside,IL,17195,17195,8
Will,IL,17197,17197,9.5
Williamson,IL,17199,17199,8.7
Winnebago,IL,17201,17201,11.4
Woodford,IL,17203,17203,6.1
Adams,IN,18001,18001,5.6
Allen,IN,18003,18003,7.7
Bartholomew,IN,18005,18005,6.5
Benton,IN,18007,18007,5.2
Blackford,IN,18009,18009,8
Boone,IN,18011,18011,4.3
Brown,IN,18013,18013,6.7
Carroll,IN,18015,18015,6
Cass,IN,18017,18017,6.8
Clark,IN,18019,18019,7.2
Clay,IN,18021,18021,6.6
Clinton,IN,18023,18023,5.6
Crawford,IN,18025,18025,7.1
Daviess,IN,18027,18027,3.8
Dearborn,IN,18029,18029,6.9
Decatur,IN,18031,18031,7.5
DeKalb,IN,18033,18033,6.9
Delaware,IN,18035,18035,7.3
Dubois,IN,18037,18037,4.5
Elkhart,IN,18039,18039,7.5
Fayette,IN,18041,18041,9.9
Floyd,IN,18043,18043,6.5
Fountain,IN,18045,18045,6.5
Franklin,IN,18047,18047,5.9
Fulton,IN,18049,18049,6.6
Gibson,IN,18051,18051,6.2
Grant,IN,18053,18053,6.3
Greene,IN,18055,18055,6.2
Hamilton,IN,18057,18057,4.7
Hancock,IN,18059,18059,5.6
Harrison,IN,18061,18061,6.3
Hendricks,IN,18063,18063,5
Henry,IN,18065,18065,6.6
Howard,IN,18067,18067,10.9
Huntington,IN,18069,18069,6.6
Jackson,IN,18071,18071,7.2
Jasper,IN,18073,18073,7
Jay,IN,18075,18075,6.6
Jefferson,IN,18077,18077,7.4
Jennings,IN,18079,18079,7.6
Johnson,IN,18081,18081,5.6
Knox,IN,18083,18083,5.9
Kosciusko,IN,18085,18085,6.1
LaGrange,IN,18087,18087,6.4
Lake,IN,18089,18089,10.3
LaPorte,IN,18091,18091,9.5
Lawrence,IN,18093,18093,6.9
Madison,IN,18095,18095,7.9
Marion,IN,18097,18097,7.9
Marshall,IN,18099,18099,6.4
Martin,IN,18101,18101,4.2
Miami,IN,18103,18103,8.2
Monroe,IN,18105,18105,5.5
Montgomery,IN,18107,18107,5.2
Morgan,IN,18109,18109,5.4
Newton,IN,18111,18111,6.9
Noble,IN,18113,18113,8.4
Ohio,IN,18115,18115,7.4
Orange,IN,18117,18117,11.1
Owen,IN,18119,18119,6.3
Parke,IN,18121,18121,5.5
Perry,IN,18123,18123,6.5
Pike,IN,18125,18125,5.9
Porter,IN,18127,18127,8.1
Posey,IN,18129,18129,4.9
Pulaski,IN,18131,18131,6.1
Putnam,IN,18133,18133,6.2
Randolph,IN,18135,18135,6.6
Ripley,IN,18137,18137,6.4
Rush,IN,18139,18139,6.3
St. Joseph,IN,18141,18141,8.4
Scott,IN,18143,18143,8.4
Shelby,IN,18145,18145,7.1
Spencer,IN,18147,18147,5.6
Starke,IN,18149,18149,8
Steuben,IN,18151,18151,6.2
Sullivan,IN,18153,18153,7
Switzerland,IN,18155,18155,8.1
Tippecanoe,IN,18157,18157,6.3
Tipton,IN,18159,18159,6.1
Union,IN,18161,18161,5.5
Vanderburgh,IN,18163,18163,7.2
Vermillion,IN,18165,18165,7.5
Vigo,IN,18167,18167,7.9
Wabash,IN,18169,18169,6.1
Warren,IN,18171,18171,5.4
Warrick,IN,18173,18173,5.4
Washington,IN,18175,18175,6.9
Wayne,IN,18177,18177,6.8
Wells,IN,18179,18179,5.7
White,IN,18181,18181,5
Whitley,IN,18183,18183,5.9
Adair,IA,19001,19001,4
Adams,IA,19003,19003,3.8
Allamakee,IA,19005,19005,5.1
Appanoose,IA,19007,19007,5.3
Audubon,IA,19009,19009,3.4
Benton,IA,19011,19011,5
Black Hawk,IA,19013,19013,6.2
Boone,IA,19015,19015,4.1
Bremer,IA,19017,19017,3.9
Buchanan,IA,19019,19019,4.6
Buena Vista,IA,19021,19021,3.7
Butler,IA,19023,19023,4.7
Calhoun,IA,19025,19025,4.1
Carroll,IA,19027,19027,4
Cass,IA,19029,19029,3.9
Cedar,IA,19031,19031,4.4
Cerro Gordo,IA,19033,19033,5.2
Cherokee,IA,19035,19035,3.8
Chickasaw,IA,19037,19037,4.7
Clarke,IA,19039,19039,5.4
Clay,IA,19041,19041,4.5
Clayton,IA,19043,19043,5.7
Clinton,IA,19045,19045,6.7
Crawford,IA,19047,19047,5.2
Dallas,IA,19049,19049,3.6
Davis,IA,19051,19051,4
Decatur,IA,19053,19053,3.8
Delaware,IA,19055,19055,4
Des Moines,IA,19057,19057,7.5
Dickinson,IA,19059,19059,5.1
Dubuque,IA,19061,19061,5.9
Emmet,IA,19063,19063,5
Fayette,IA,19065,19065,5.5
Floyd,IA,19067,19067,6
Franklin,IA,19069,19069,3.8
Fremont,IA,19071,19071,3.1
Greene,IA,19073,19073,4.2
Grundy,IA,19075,19075,4.4
Guthrie,IA,19077,19077,5
Hamilton,IA,19079,19079,4.4
Hancock,IA,19081,19081,4.7
Hardin,IA,19083,19083,4.6
Harrison,IA,19085,19085,4
Henry,IA,19087,19087,5.3
Howard,IA,19089,19089,4.5
Humboldt,IA,19091,19091,4.2
Ida,IA,19093,19093,3.6
Iowa,IA,19095,19095,4.4
Jackson,IA,19097,19097,6.1
Jasper,IA,19099,19099,5.3
Jefferson,IA,19101,19101,5.7
Johnson,IA,19103,19103,4.8
Jones,IA,19105,19105,5.7
Keokuk,IA,19107,19107,4.9
Kossuth,IA,19109,19109,3.8
Lee,IA,19111,19111,6.5
Linn,IA,19113,19113,6.4
Louisa,IA,19115,19115,5
Lucas,IA,19117,19117,3.6
Lyon,IA,19119,19119,2.5
Madison,IA,19121,19121,5.7
Mahaska,IA,19123,19123,4.8
Marion,IA,19125,19125,4.2
Marshall,IA,19127,19127,7.1
Mills,IA,19129,19129,3.9
Mitchell,IA,19131,19131,3.4
Monona,IA,19133,19133,4.8
Monroe,IA,19135,19135,5.2
Montgomery,IA,19137,19137,4.7
Muscatine,IA,19139,19139,6
O'Brien,IA,19141,19141,3.4
Osceola,IA,19143,19143,2.9
Page,IA,19145,19145,5
Palo Alto,IA,19147,19147,4.6
Plymouth,IA,19149,19149,3.6
Pocahontas,IA,19151,19151,3.5
Polk,IA,19153,19153,6
Pottawattamie,IA,19155,19155,5.2
Poweshiek,IA,19157,19157,4.9
Ringgold,IA,19159,19159,3.9
Sac,IA,19161,19161,3.5
Scott,IA,19163,19163,6.8
Shelby,IA,19165,19165,3.6
Sioux,IA,19167,19167,2.7
Story,IA,19169,19169,3.6
Tama,IA,19171,19171,5.1
Taylor,IA,19173,19173,3.7
Union,IA,19175,19175,5.9
Van Buren,IA,19177,19177,4.6
Wapello,IA,19179,19179,6
Warren,IA,19181,19181,4.6
Washington,IA,19183,19183,4.1
Wayne,IA,19185,19185,4.5
Webster,IA,19187,19187,5.2
Winnebago,IA,19189,19189,6.4
Winneshiek,IA,19191,19191,4.9
Woodbury,IA,19193,19193,5.3
Worth,IA,19195,19195,5.4
Wright,IA,19197,19197,4
Allen,KS,20001,20001,5.4
Anderson,KS,20003,20003,4.1
Atchison,KS,20005,20005,6.9
Barber,KS,20007,20007,3.4
Barton,KS,20009,20009,4.6
Bourbon,KS,20011,20011,5.6
Brown,KS,20013,20013,4.5
Butler,KS,20015,20015,6.5
Chase,KS,20017,20017,5.5
Chautauqua,KS,20019,20019,6.1
Cherokee,KS,20021,20021,5.2
Cheyenne,KS,20023,20023,2.2
Clark,KS,20025,20025,2
Clay,KS,20027,20027,4.5
Cloud,KS,20029,20029,4.1
Coffey,KS,20031,20031,5.2
Comanche,KS,20033,20033,3.5
Cowley,KS,20035,20035,6.5
Crawford,KS,20037,20037,5.5
Decatur,KS,20039,20039,3.7
Dickinson,KS,20041,20041,4.9
Doniphan,KS,20043,20043,4.5
Douglas,KS,20045,20045,6.1
Edwards,KS,20047,20047,3
Elk,KS,20049,20049,4.8
Ellis,KS,20051,20051,3.5
Ellsworth,KS,20053,20053,3.3
Finney,KS,20055,20055,3.5
Ford,KS,20057,20057,3.4
Franklin,KS,20059,20059,5.4
Geary,KS,20061,20061,6.9
Gove,KS,20063,20063,2.9
Graham,KS,20065,20065,4.6
Grant,KS,20067,20067,4.1
Gray,KS,20069,20069,2.2
Greeley,KS,20071,20071,1.8
Greenwood,KS,20073,20073,5.2
Hamilton,KS,20075,20075,1.7
Harper,KS,20077,20077,4.4
Harvey,KS,20079,20079,5.3
Haskell,KS,20081,20081,2.4
Hodgeman,KS,20083,20083,2.7
Jackson,KS,20085,20085,5.4
Jefferson,KS,20087,20087,4.9
Jewell,KS,20089,20089,3.1
Johnson,KS,20091,20091,5.1
Kearny,KS,20093,20093,2.7
Kingman,KS,20095,20095,5.2
Kiowa,KS,20097,20097,3.3
Labette,KS,20099,20099,5.6
Lane,KS,20101,20101,2.9
Leavenworth,KS,20103,20103,5.8
Lincoln,KS,20105,20105,2.9
Linn,KS,20107,20107,7
Logan,KS,20109,20109,2.5
Lyon,KS,20111,20111,4.8
McPherson,KS,20113,20113,3.5
Marion,KS,20115,20115,4.1
Marshall,KS,20117,20117,3.1
Meade,KS,20119,20119,2.8
Miami,KS,20121,20121,5
Mitchell,KS,20123,20123,2.7
Montgomery,KS,20125,20125,7.3
Morris,KS,20127,20127,3.9
Morton,KS,20129,20129,3
Nemaha,KS,20131,20131,3
Neosho,KS,20133,20133,6.4
Ness,KS,20135,20135,3.4
Norton,KS,20137,20137,2.7
Osage,KS,20139,20139,5.1
Osborne,KS,20141,20141,2.9
Ottawa,KS,20143,20143,4.3
Pawnee,KS,20145,20145,3.8
Phillips,KS,20147,20147,3.4
Pottawatomie,KS,20149,20149,4.3
Pratt,KS,20151,20151,3.6
Rawlins,KS,20153,20153,2.5
Reno,KS,20155,20155,5.5
Republic,KS,20157,20157,3.3
Rice,KS,20159,20159,4.2
Riley,KS,20161,20161,5
Rooks,KS,20163,20163,4
Rush,KS,20165,20165,4.6
Russell,KS,20167,20167,4.2
Saline,KS,20169,20169,5.5
Scott,KS,20171,20171,2.5
Sedgwick,KS,20173,20173,8.7
Seward,KS,20175,20175,4.4
Shawnee,KS,20177,20177,5.9
Sheridan,KS,20179,20179,2.3
Sherman,KS,20181,20181,3.4
Smith,KS,20183,20183,2.7
Stafford,KS,20185,20185,3.7
Stanton,KS,20187,20187,2.4
Stevens,KS,20189,20189,2.9
Sumner,KS,20191,20191,8.1
Thomas,KS,20193,20193,2.9
Trego,KS,20195,20195,3.5
Wabaunsee,KS,20197,20197,4.2
Wallace,KS,20199,20199,2.2
Washington,KS,20201,20201,2.5
Wichita,KS,20203,20203,2.1
Wilson,KS,20205,20205,7.8
Woodson,KS,20207,20207,5.9
Wyandotte,KS,20209,20209,7.8
Adair,KY,21001,21001,7.2
Allen,KY,21003,21003,5.5
Anderson,KY,21005,21005,6.1
Ballard,KY,21007,21007,6.6
Barren,KY,21009,21009,7.5
Bath,KY,21011,21011,8.3
Bell,KY,21013,21013,7.8
Boone,KY,21015,21015,5.4
Bourbon,KY,21017,21017,5.9
Boyd,KY,21019,21019,8.3
Boyle,KY,21021,21021,7.4
Bracken,KY,21023,21023,6.2
Breathitt,KY,21025,21025,10.2
Breckinridge,KY,21027,21027,7.3
Bullitt,KY,21029,21029,6.4
Butler,KY,21031,21031,6.9
Caldwell,KY,21033,21033,6.2
Calloway,KY,21035,21035,6.2
Campbell,KY,21037,21037,5.6
Carlisle,KY,21039,21039,4.7
Carroll,KY,21041,21041,5.9
Carter,KY,21043,21043,9.6
Casey,KY,21045,21045,6.2
Christian,KY,21047,21047,7.8
Clark,KY,21049,21049,6.6
Clay,KY,21051,21051,8.6
Clinton,KY,21053,21053,5.1
Crittenden,KY,21055,21055,5.5
Cumberland,KY,21057,21057,4.9
Daviess,KY,21059,21059,6.1
Edmonson,KY,21061,21061,7.7
Elliott,KY,21063,21063,10.1
Estill,KY,21065,21065,7.5
Fayette,KY,21067,21067,5.7
Fleming,KY,21069,21069,7.3
Floyd,KY,21071,21071,9.2
Franklin,KY,21073,21073,6.6
Fulton,KY,21075,21075,6.5
Gallatin,KY,21077,21077,6
Garrard,KY,21079,21079,6.3
Grant,KY,21081,21081,7.1
Graves,KY,21083,21083,5.9
Grayson,KY,21085,21085,7.8
Green,KY,21087,21087,5.4
Greenup,KY,21089,21089,8.9
Hancock,KY,21091,21091,6.1
Hardin,KY,21093,21093,7.1
Harlan,KY,21095,21095,11.9
Harrison,KY,21097,21097,6.1
Hart,KY,21099,21099,6.4
Henderson,KY,21101,21101,6.1
Henry,KY,21103,21103,5.7
Hickman,KY,21105,21105,5.5
Hopkins,KY,21107,21107,7.4
Jackson,KY,21109,21109,8.7
Jefferson,KY,21111,21111,6.8
Jessamine,KY,21113,21113,5.6
Johnson,KY,21115,21115,8.7
Kenton,KY,21117,21117,5.8
Knott,KY,21119,21119,8.5
Knox,KY,21121,21121,8.2
Larue,KY,21123,21123,7.2
Laurel,KY,21125,21125,6.9
Lawrence,KY,21127,21127,8.3
Lee,KY,21129,21129,7
Leslie,KY,21131,21131,10.8
Letcher,KY,21133,21133,10.2
Lewis,KY,21135,21135,9.5
Lincoln,KY,21137,21137,7.9
Livingston,KY,21139,21139,7.5
Logan,KY,21141,21141,5.5
Lyon,KY,21143,21143,5.3
McCracken,KY,21145,21145,7.2
McCreary,KY,21147,21147,7.3
McLean,KY,21149,21149,5.6
Madison,KY,21151,21151,6
Magoffin,KY,21153,21153,16.1
Marion,KY,21155,21155,7.8
Marshall,KY,21157,21157,6.1
Martin,KY,21159,21159,11.6
Mason,KY,21161,21161,8
Meade,KY,21163,21163,7.1
Menifee,KY,21165,21165,8.9
Mercer,KY,21167,21167,7.3
Metcalfe,KY,21169,21169,7.8
Monroe,KY,21171,21171,5.4
Montgomery,KY,21173,21173,8
Morgan,KY,21175,21175,6.9
Muhlenberg,KY,21177,21177,8.7
Nelson,KY,21179,21179,6.9
Nicholas,KY,21181,21181,6.8
Ohio,KY,21183,21183,7.2
Oldham,KY,21185,21185,4.8
Owen,KY,21187,21187,6.4
Owsley,KY,21189,21189,7.4
Pendleton,KY,21191,21191,5.2
Perry,KY,21193,21193,8.9
Pike,KY,21195,21195,8.4
Powell,KY,21197,21197,7.3
Pulaski,KY,21199,21199,7.3
Robertson,KY,21201,21201,6.1
Rockcastle,KY,21203,21203,7.1
Rowan,KY,21205,21205,7.5
Russell,KY,21207,21207,8.2
Scott,KY,21209,21209,6.3
Shelby,KY,21211,21211,5.5
Simpson,KY,21213,21213,7.2
Spencer,KY,21215,21215,5.8
Taylor,KY,21217,21217,6
Todd,KY,21219,21219,4.8
Trigg,KY,21221,21221,6.9
Trimble,KY,21223,21223,6.8
Union,KY,21225,21225,6.3
Warren,KY,21227,21227,6.6
Washington,KY,21229,21229,6.2
Wayne,KY,21231,21231,6.5
Webster,KY,21233,21233,6.4
Whitley,KY,21235,21235,7.1
Wolfe,KY,21237,21237,7.7
Woodford,KY,21239,21239,5
Acadia,LA,22001,22001,7.3
Allen,LA,22003,22003,9.2
Ascension,LA,22005,22005,6.7
Assumption,LA,22007,22007,10.1
Avoyelles,LA,22009,22009,8
Beauregard,LA,22011,22011,6.7
Bienville,LA,22013,22013,7.7
Bossier,LA,22015,22015,6.4
Caddo,LA,22017,22017,9
Calcasieu,LA,22019,22019,9
Caldwell,LA,22021,22021,7.3
Cameron,LA,22023,22023,5.7
Catahoula,LA,22025,22025,7.1
Claiborne,LA,22027,22027,6.6
Concordia,LA,22029,22029,8.1
De Soto,LA,22031,22031,7.3
East Baton Rouge,LA,22033,22033,7.8
East Carroll,LA,22035,22035,11.7
East Feliciana,LA,22037,22037,6.7
Evangeline,LA,22039,22039,7.7
Franklin,LA,22041,22041,8.1
Grant,LA,22043,22043,6.5
Iberia,LA,22045,22045,9.4
Iberville,LA,22047,22047,9.8
Jackson,LA,22049,22049,5.3
Jefferson,LA,22051,22051,9.3
Jefferson Davis,LA,22053,22053,7.5
Lafayette,LA,22055,22055,7.1
Lafourche,LA,22057,22057,6.5
La Salle,LA,22059,22059,4.7
Lincoln,LA,22061,22061,6.3
Livingston,LA,22063,22063,6.4
Madison,LA,22065,22065,8.4
Morehouse,LA,22067,22067,9.8
Natchitoches,LA,22069,22069,6.8
Orleans,LA,22071,22071,12.2
Ouachita,LA,22073,22073,7.4
Plaquemines,LA,22075,22075,7
Pointe Coupee,LA,22077,22077,7.8
Rapides,LA,22079,22079,6.2
Red River,LA,22081,22081,6.2
Richland,LA,22083,22083,7.6
Sabine,LA,22085,22085,5.5
St. Bernard,LA,22087,22087,10.2
St. Charles,LA,22089,22089,7.8
St. Helena,LA,22091,22091,11.5
St. James,LA,22093,22093,9.7
St. John the Baptist,LA,22095,22095,11.2
St. Landry,LA,22097,22097,8.7
St. Martin,LA,22099,22099,8.1
St. Mary,LA,22101,22101,9.2
St. Tammany,LA,22103,22103,6.8
Tangipahoa,LA,22105,22105,9.5
Tensas,LA,22107,22107,8.4
Terrebonne,LA,22109,22109,7.7
Union,LA,22111,22111,7.1
Vermilion,LA,22113,22113,7.4
Vernon,LA,22115,22115,7.1
Washington,LA,22117,22117,8.2
Webster,LA,22119,22119,7.9
West Baton Rouge,LA,22121,22121,7.2
West Carroll,LA,22123,22123,10.1
West Feliciana,LA,22125,22125,5.4
Winn,LA,22127,22127,7.1
Androscoggin,ME,23001,23001,5.5
Aroostook,ME,23003,23003,5.5
Cumberland,ME,23005,23005,5.3
Franklin,ME,23007,23007,6.1
Hancock,ME,23009,23009,5.7
Kennebec,ME,23011,23011,5
Knox,ME,23013,23013,5.4
Lincoln,ME,23015,23015,5.3
Oxford,ME,23017,23017,6.7
Penobscot,ME,23019,23019,5.4
Piscataquis,ME,23021,23021,5.5
Sagadahoc,ME,23023,23023,4.7
Somerset,ME,23025,23025,6.6
Waldo,ME,23027,23027,5.2
Washington,ME,23029,23029,6.2
York,ME,23031,23031,5.4
Allegany,MD,24001,24001,7.8
Anne Arundel,MD,24003,24003,5.8
Baltimore,MD,24005,24005,6.8
Calvert,MD,24009,24009,5.2
Caroline,MD,24011,24011,5.5
Carroll,MD,24013,24013,5.1
Cecil,MD,24015,24015,5.9
Charles,MD,24017,24017,6.7
Dorchester,MD,24019,24019,6.7
Frederick,MD,24021,24021,5.9
Garrett,MD,24023,24023,6.6
Harford,MD,24025,24025,5.8
Howard,MD,24027,24027,5.2
Kent,MD,24029,24029,6.6
Montgomery,MD,24031,24031,6.3
Prince George's,MD,24033,24033,8.2
Queen Anne's,MD,24035,24035,5.5
St. Mary's,MD,24037,24037,4.8
Somerset,MD,24039,24039,8.3
Talbot,MD,24041,24041,6
Washington,MD,24043,24043,6.7
Wicomico,MD,24045,24045,7.5
Worcester,MD,24047,24047,11.2
Baltimore City,MD,24510,24510,8.8
Barnstable,MA,25001,25001,10.2
Berkshire,MA,25003,25003,9.1
Bristol,MA,25005,25005,10.2
Dukes,MA,25007,25007,9.2
Essex,MA,25009,25009,9.8
Franklin,MA,25011,25011,7.4
Hampden,MA,25013,25013,10.4
Hampshire,MA,25015,25015,7.2
Middlesex,MA,25017,25017,7.3
Nantucket,MA,25019,25019,10.3
Norfolk,MA,25021,25021,8.3
Plymouth,MA,25023,25023,9.5
Suffolk,MA,25025,25025,9.7
Worcester,MA,25027,25027,8.8
Alcona,MI,26001,26001,9.9
Alger,MI,26003,26003,10.7
Allegan,MI,26005,26005,7.3
Alpena,MI,26007,26007,7.7
Antrim,MI,26009,26009,9.7
Arenac,MI,26011,26011,11.4
Baraga,MI,26013,26013,11.7
Barry,MI,26015,26015,7.4
Bay,MI,26017,26017,9.2
Benzie,MI,26019,26019,9.4
Berrien,MI,26021,26021,8.6
Branch,MI,26023,26023,8.1
Calhoun,MI,26025,26025,9.7
Cass,MI,26027,26027,8.8
Charlevoix,MI,26029,26029,9.8
Cheboygan,MI,26031,26031,14.6
Chippewa,MI,26033,26033,8.9
Clare,MI,26035,26035,11.5
Clinton,MI,26037,26037,6.6
Crawford,MI,26039,26039,10.4
Delta,MI,26041,26041,8.7
Dickinson,MI,26043,26043,7
Eaton,MI,26045,26045,7.7
Emmet,MI,26047,26047,10.5
Genesee,MI,26049,26049,11.2
Gladwin,MI,26051,26051,9.7
Gogebic,MI,26053,26053,7.7
Grand Traverse,MI,26055,26055,8.4
Gratiot,MI,26057,26057,8
Hillsdale,MI,26059,26059,9.1
Houghton,MI,26061,26061,7.2
Huron,MI,26063,26063,8.5
Ingham,MI,26065,26065,7.5
Ionia,MI,26067,26067,7.9
Iosco,MI,26069,26069,10.5
Iron,MI,26071,26071,8.1
Isabella,MI,26073,26073,8.4
Jackson,MI,26075,26075,9
Kalamazoo,MI,26077,26077,7.2
Kalkaska,MI,26079,26079,11.1
Kent,MI,26081,26081,7.6
Keweenaw,MI,26083,26083,8.9
Lake,MI,26085,26085,10.8
Lapeer,MI,26087,26087,12.5
Leelanau,MI,26089,26089,8
Lenawee,MI,26091,26091,9
Livingston,MI,26093,26093,8.8
Luce,MI,26095,26095,8.6
Mackinac,MI,26097,26097,13.4
Macomb,MI,26099,26099,12
Manistee,MI,26101,26101,10.8
Marquette,MI,26103,26103,8.3
Mason,MI,26105,26105,9.2
Mecosta,MI,26107,26107,9.1
Menominee,MI,26109,26109,6.4
Midland,MI,26111,26111,7.5
Missaukee,MI,26113,26113,9.1
Monroe,MI,26115,26115,8.9
Montcalm,MI,26117,26117,9.1
Montmorency,MI,26119,26119,13.1
Muskegon,MI,26121,26121,11.4
Newaygo,MI,26123,26123,8.7
Oakland,MI,26125,26125,9.3
Oceana,MI,26127,26127,10.3
Ogemaw,MI,26129,26129,10.9
Ontonagon,MI,26131,26131,10.3
Osceola,MI,26133,26133,8.3
Oscoda,MI,26135,26135,11.9
Otsego,MI,26137,26137,10.3
Ottawa,MI,26139,26139,6.8
Presque Isle,MI,26141,26141,11.1
Roscommon,MI,26143,26143,12.1
Saginaw,MI,26145,26145,9.9
St. Clair,MI,26147,26147,12
St. Joseph,MI,26149,26149,9.1
Sanilac,MI,26151,26151,9.7
Schoolcraft,MI,26153,26153,9.7
Shiawassee,MI,26155,26155,9.2
Tuscola,MI,26157,26157,10.1
Van Buren,MI,26159,26159,8.3
Washtenaw,MI,26161,26161,6.4
Wayne,MI,26163,26163,13.8
Wexford,MI,26165,26165,10.2
Aitkin,MN,27001,27001,8.1
Anoka,MN,27003,27003,6.3
Becker,MN,27005,27005,6.2
Beltrami,MN,27007,27007,6.3
Benton,MN,27009,27009,6.6
Big Stone,MN,27011,27011,4.7
Blue Earth,MN,27013,27013,5.4
Brown,MN,27015,27015,5.1
Carlton,MN,27017,27017,7.2
Carver,MN,27019,27019,5.2
Cass,MN,27021,27021,9.2
Chippewa,MN,27023,27023,5.1
Chisago,MN,27025,27025,6.6
Clay,MN,27027,27027,4.3
Clearwater,MN,27029,27029,9.4
Cook,MN,27031,27031,8.4
Cottonwood,MN,27033,27033,4.6
Crow Wing,MN,27035,27035,7.2
Dakota,MN,27037,27037,6.2
Dodge,MN,27039,27039,5.4
Douglas,MN,27041,27041,4.8
Faribault,MN,27043,27043,6.2
Fillmore,MN,27045,27045,5
Freeborn,MN,27047,27047,5.6
Goodhue,MN,27049,27049,5.9
Grant,MN,27051,27051,5.3
Hennepin,MN,27053,27053,6.6
Houston,MN,27055,27055,4.3
Hubbard,MN,27057,27057,7.1
Isanti,MN,27059,27059,6.8
Itasca,MN,27061,27061,8.4
Jackson,MN,27063,27063,4.8
Kanabec,MN,27065,27065,8
Kandiyohi,MN,27067,27067,4.8
Kittson,MN,27069,27069,4.6
Koochiching,MN,27071,27071,7.4
Lac qui Parle,MN,27073,27073,4.7
Lake,MN,27075,27075,7.3
Lake of the Woods,MN,27077,27077,6.1
Le Sueur,MN,27079,27079,6.8
Lincoln,MN,27081,27081,4.4
Lyon,MN,27083,27083,4.5
McLeod,MN,27085,27085,5.7
Mahnomen,MN,27087,27087,13
Marshall,MN,27089,27089,6.5
Martin,MN,27091,27091,5.2
Meeker,MN,27093,27093,5.2
Mille Lacs,MN,27095,27095,8.4
Morrison,MN,27097,27097,6.8
Mower,MN,27099,27099,5
Murray,MN,27101,27101,5.1
Nicollet,MN,27103,27103,4.8
Nobles,MN,27105,27105,4.2
Norman,MN,27107,27107,6.3
Olmsted,MN,27109,27109,5.4
Otter Tail,MN,27111,27111,5.4
Pennington,MN,27113,27113,6.2
Pine,MN,27115,27115,8.6
Pipestone,MN,27117,27117,4
Polk,MN,27119,27119,5.6
Pope,MN,27121,27121,4.5
Ramsey,MN,27123,27123,6.9
Red Lake,MN,27125,27125,6.4
Redwood,MN,27127,27127,5.5
Renville,MN,27129,27129,5.5
Rice,MN,27131,27131,5.2
Rock,MN,27133,27133,3
Roseau,MN,27135,27135,5.7
St. Louis,MN,27137,27137,7.2
Scott,MN,27139,27139,5.9
Sherburne,MN,27141,27141,6.1
Sibley,MN,27143,27143,5.5
Stearns,MN,27145,27145,5.7
Steele,MN,27147,27147,5.5
Stevens,MN,27149,27149,3.3
Swift,MN,27151,27151,5.8
Todd,MN,27153,27153,5.3
Traverse,MN,27155,27155,4.4
Wabasha,MN,27157,27157,5.3
Wadena,MN,27159,27159,7.6
Waseca,MN,27161,27161,6.2
Washington,MN,27163,27163,5.6
Watonwan,MN,27165,27165,4.6
Wilkin,MN,27167,27167,4.1
Winona,MN,27169,27169,4.9
Wright,MN,27171,27171,5.5
Yellow Medicine,MN,27173,27173,4.6
Adams,MS,28001,28001,11
Alcorn,MS,28003,28003,6.2
Amite,MS,28005,28005,8.4
Attala,MS,28007,28007,8.3
Benton,MS,28009,28009,8.3
Bolivar,MS,28011,28011,8.7
Calhoun,MS,28013,28013,8.1
Carroll,MS,28015,28015,7.7
Chickasaw,MS,28017,28017,10.9
Choctaw,MS,28019,28019,6.4
Claiborne,MS,28021,28021,14.4
Clarke,MS,28023,28023,8.4
Clay,MS,28025,28025,11.6
Coahoma,MS,28027,28027,12.5
Copiah,MS,28029,28029,8.3
Covington,MS,28031,28031,6.9
DeSoto,MS,28033,28033,6
Forrest,MS,28035,28035,8
Franklin,MS,28037,28037,8.3
George,MS,28039,28039,9.1
Greene,MS,28041,28041,9.7
Grenada,MS,28043,28043,7.2
Hancock,MS,28045,28045,8.5
Harrison,MS,28047,28047,9.5
Hinds,MS,28049,28049,9.3
Holmes,MS,28051,28051,16.2
Humphreys,MS,28053,28053,14.7
Issaquena,MS,28055,28055,9.2
Itawamba,MS,28057,28057,7
Jackson,MS,28059,28059,9.5
Jasper,MS,28061,28061,8.9
Jefferson,MS,28063,28063,18.4
Jefferson Davis,MS,28065,28065,9.6
Jones,MS,28067,28067,7.1
Kemper,MS,28069,28069,9.6
Lafayette,MS,28071,28071,6.1
Lamar,MS,28073,28073,6
Lauderdale,MS,28075,28075,7.5
Lawrence,MS,28077,28077,8.7
Leake,MS,28079,28079,7.9
Lee,MS,28081,28081,8.1
Leflore,MS,28083,28083,10.7
Lincoln,MS,28085,28085,7.3
Lowndes,MS,28087,28087,8.3
Madison,MS,28089,28089,6.6
Marion,MS,28091,28091,7.1
Marshall,MS,28093,28093,7.6
Monroe,MS,28095,28095,8.9
Montgomery,MS,28097,28097,8
Neshoba,MS,28099,28099,9.3
Newton,MS,28101,28101,7.9
Noxubee,MS,28103,28103,11
Oktibbeha,MS,28105,28105,7.6
Panola,MS,28107,28107,9.8
Pearl River,MS,28109,28109,7.3
Perry,MS,28111,28111,8.7
Pike,MS,28113,28113,8.9
Pontotoc,MS,28115,28115,7.8
Prentiss,MS,28117,28117,7
Quitman,MS,28119,28119,10.9
Rankin,MS,28121,28121,5.3
Scott,MS,28123,28123,5.8
Sharkey,MS,28125,28125,10.9
Simpson,MS,28127,28127,6.8
Smith,MS,28129,28129,5.8
Stone,MS,28131,28131,7.5
Sunflower,MS,28133,28133,11.2
Tallahatchie,MS,28135,28135,7.4
Tate,MS,28137,28137,7.7
Tippah,MS,28139,28139,7
Tishomingo,MS,28141,28141,6.5
Tunica,MS,28143,28143,14.9
Union,MS,28145,28145,7.1
Walthall,MS,28147,28147,8.4
Warren,MS,28149,28149,8.7
Washington,MS,28151,28151,11
Wayne,MS,28153,28153,8.7
Webster,MS,28155,28155,7.4
Wilkinson,MS,28157,28157,13.4
Winston,MS,28159,28159,8.7
Yalobusha,MS,28161,28161,7.9
Yazoo,MS,28163,28163,9.7
Adair,MO,29001,29001,5.1
Andrew,MO,29003,29003,4
Atchison,MO,29005,29005,4
Audrain,MO,29007,29007,5.9
Barry,MO,29009,29009,6.5
Barton,MO,29011,29011,4.9
Bates,MO,29013,29013,5.3
Benton,MO,29015,29015,7.3
Bollinger,MO,29017,29017,5.6
Boone,MO,29019,29019,4.2
Buchanan,MO,29021,29021,4.9
Butler,MO,29023,29023,6.3
Caldwell,MO,29025,29025,5.4
Callaway,MO,29027,29027,4.5
Camden,MO,29029,29029,7
Cape Girardeau,MO,29031,29031,5.2
Carroll,MO,29033,29033,6
Carter,MO,29035,29035,6.5
Cass,MO,29037,29037,5.3
Cedar,MO,29039,29039,4.5
Chariton,MO,29041,29041,4
Christian,MO,29043,29043,4.9
Clark,MO,29045,29045,6
Clay,MO,29047,29047,6.1
Clinton,MO,29049,29049,5.9
Cole,MO,29051,29051,4.4
Cooper,MO,29053,29053,5.6
Crawford,MO,29055,29055,6.4
Dade,MO,29057,29057,4.4
Dallas,MO,29059,29059,5.9
Daviess,MO,29061,29061,4.2
DeKalb,MO,29063,29063,4.3
Dent,MO,29065,29065,4.8
Douglas,MO,29067,29067,7.7
Dunklin,MO,29069,29069,7.3
Franklin,MO,29071,29071,6.2
Gasconade,MO,29073,29073,5.8
Gentry,MO,29075,29075,3.4
Greene,MO,29077,29077,5.3
Grundy,MO,29079,29079,4.6
Harrison,MO,29081,29081,4.5
Henry,MO,29083,29083,5.9
Hickory,MO,29085,29085,5.1
Holt,MO,29087,29087,3.4
Howard,MO,29089,29089,4.1
Howell,MO,29091,29091,6.7
Iron,MO,29093,29093,7
Jackson,MO,29095,29095,7.1
Jasper,MO,29097,29097,5.7
Jefferson,MO,29099,29099,6.1
Johnson,MO,29101,29101,5.7
Knox,MO,29103,29103,4
Laclede,MO,29105,29105,8.3
Lafayette,MO,29107,29107,5.3
Lawrence,MO,29109,29109,6.1
Lewis,MO,29111,29111,4.9
Lincoln,MO,29113,29113,6.3
Linn,MO,29115,29115,6.1
Livingston,MO,29117,29117,3.8
McDonald,MO,29119,29119,5
Macon,MO,29121,29121,4.8
Madison,MO,29123,29123,6.5
Maries,MO,29125,29125,4.8
Marion,MO,29127,29127,4.8
Mercer,MO,29129,29129,3.6
Miller,MO,29131,29131,6.2
Mississippi,MO,29133,29133,5.3
Moniteau,MO,29135,29135,4.2
Monroe,MO,29137,29137,5.9
Montgomery,MO,29139,29139,5
Morgan,MO,29141,29141,6.3
New Madrid,MO,29143,29143,5.8
Newton,MO,29145,29145,5.8
Nodaway,MO,29147,29147,4.6
Oregon,MO,29149,29149,6.7
Osage,MO,29151,29151,3.6
Ozark,MO,29153,29153,7.2
Pemiscot,MO,29155,29155,8
Perry,MO,29157,29157,5.7
Pettis,MO,29159,29159,6.8
Phelps,MO,29161,29161,4.8
Pike,MO,29163,29163,5.5
Platte,MO,29165,29165,5.4
Polk,MO,29167,29167,4.7
Pulaski,MO,29169,29169,5.6
Putnam,MO,29171,29171,4.4
Ralls,MO,29173,29173,4.5
Randolph,MO,29175,29175,5.9
Ray,MO,29177,29177,6.9
Reynolds,MO,29179,29179,5.7
Ripley,MO,29181,29181,7.9
St. Charles,MO,29183,29183,5.2
St. Clair,MO,29185,29185,6.1
Ste. Genevieve,MO,29186,29186,4.9
St. Francois,MO,29187,29187,7
St. Louis,MO,29189,29189,6.3
Saline,MO,29195,29195,4.5
Schuyler,MO,29197,29197,5.7
Scotland,MO,29199,29199,3.3
Scott,MO,29201,29201,5.3
Shannon,MO,29203,29203,7.3
Shelby,MO,29205,29205,4.5
Stoddard,MO,29207,29207,6
Stone,MO,29209,29209,9.8
Sullivan,MO,29211,29211,4.3
Taney,MO,29213,29213,12.9
Texas,MO,29215,29215,5.8
Vernon,MO,29217,29217,4.4
Warren,MO,29219,29219,5.8
Washington,MO,29221,29221,7.2
Wayne,MO,29223,29223,6.1
Webster,MO,29225,29225,5.3
Worth,MO,29227,29227,4.2
Wright,MO,29229,29229,7
St. Louis City,MO,29510,29510,8.5
Beaverhead,MT,30001,30001,4
Big Horn,MT,30003,30003,7.3
Blaine,MT,30005,30005,4.8
Broadwater,MT,30007,30007,6.3
Carbon,MT,30009,30009,6
Carter,MT,30011,30011,2.9
Cascade,MT,30013,30013,5.9
Chouteau,MT,30015,30015,3.9
Custer,MT,30017,30017,4.8
Daniels,MT,30019,30019,2.8
Dawson,MT,30021,30021,5.6
Deer Lodge,MT,30023,30023,5.1
Fallon,MT,30025,30025,4
Fergus,MT,30027,30027,4.6
Flathead,MT,30029,30029,7.8
Gallatin,MT,30031,30031,5
Garfield,MT,30033,30033,2.7
Glacier,MT,30035,30035,9.8
Golden Valley,MT,30037,30037,4.7
Granite,MT,30039,30039,8.2
Hill,MT,30041,30041,5
Jefferson,MT,30043,30043,5.1
Judith Basin,MT,30045,30045,4.9
Lake,MT,30047,30047,6.2
Lewis and Clark,MT,30049,30049,5
Liberty,MT,30051,30051,2.8
Lincoln,MT,30053,30053,10.1
McCone,MT,30055,30055,2.9
Madison,MT,30057,30057,5.1
Meagher,MT,30059,30059,4.7
Mineral,MT,30061,30061,10.2
Missoula,MT,30063,30063,6.3
Musselshell,MT,30065,30065,6.1
Park,MT,30067,30067,7.4
Petroleum,MT,30069,30069,3.4
Phillips,MT,30071,30071,4.9
Pondera,MT,30073,30073,4.9
Powder River,MT,30075,30075,3.1
Powell,MT,30077,30077,4.6
Prairie,MT,30079,30079,6.8
Ravalli,MT,30081,30081,5.8
Richland,MT,30083,30083,6.4
Roosevelt,MT,30085,30085,6
Rosebud,MT,30087,30087,5.7
Sanders,MT,30089,30089,7.8
Sheridan,MT,30091,30091,4.8
Silver Bow,MT,30093,30093,6.6
Stillwater,MT,30095,30095,5.1
Sweet Grass,MT,30097,30097,3.6
Teton,MT,30099,30099,4.4
Toole,MT,30101,30101,5
Treasure,MT,30103,30103,3.6
Valley,MT,30105,30105,4.3
Wheatland,MT,30107,30107,7.3
Wibaux,MT,30109,30109,5.1
Yellowstone,MT,30111,30111,5.4
Adams,NE,31001,31001,4
Antelope,NE,31003,31003,2.3
Arthur,NE,31005,31005,5.2
Banner,NE,31007,31007,2.6
Blaine,NE,31009,31009,3.5
Boone,NE,31011,31011,2.5
Box Butte,NE,31013,31013,4.8
Boyd,NE,31015,31015,2.8
Brown,NE,31017,31017,2.7
Buffalo,NE,31019,31019,4
Burt,NE,31021,31021,3.9
Butler,NE,31023,31023,3.4
Cass,NE,31025,31025,4.3
Cedar,NE,31027,31027,2.7
Chase,NE,31029,31029,1.8
Cherry,NE,31031,31031,2.4
Cheyenne,NE,31033,31033,4.4
Clay,NE,31035,31035,3.2
Colfax,NE,31037,31037,2.9
Cuming,NE,31039,31039,2.5
Custer,NE,31041,31041,2.7
Dakota,NE,31043,31043,4.8
Dawes,NE,31045,31045,2.8
Dawson,NE,31047,31047,3.4
Deuel,NE,31049,31049,3
Dixon,NE,31051,31051,3.2
Dodge,NE,31053,31053,3.5
Douglas,NE,31055,31055,5.1
Dundy,NE,31057,31057,2.2
Fillmore,NE,31059,31059,2.8
Franklin,NE,31061,31061,3.5
Frontier,NE,31063,31063,2.9
Furnas,NE,31065,31065,2.8
Gage,NE,31067,31067,4
Garden,NE,31069,31069,3.5
Garfield,NE,31071,31071,2
Gosper,NE,31073,31073,2.6
Grant,NE,31075,31075,2
Greeley,NE,31077,31077,2.9
Hall,NE,31079,31079,5.8
Hamilton,NE,31081,31081,3.7
Harlan,NE,31083,31083,2.9
Hayes,NE,31085,31085,2.2
Hitchcock,NE,31087,31087,3.5
Holt,NE,31089,31089,2.4
Hooker,NE,31091,31091,2.7
Howard,NE,31093,31093,4.4
Jefferson,NE,31095,31095,2.7
Johnson,NE,31097,31097,3.9
Kearney,NE,31099,31099,3.2
Keith,NE,31101,31101,3.2
Keya Paha,NE,31103,31103,2
Kimball,NE,31105,31105,3.5
Knox,NE,31107,31107,3
Lancaster,NE,31109,31109,4.2
Lincoln,NE,31111,31111,3.9
Logan,NE,31113,31113,2.5
Loup,NE,31115,31115,2.9
McPherson,NE,31117,31117,2.7
Madison,NE,31119,31119,3.9
Merrick,NE,31121,31121,4
Morrill,NE,31123,31123,3.6
Nance,NE,31125,31125,3.2
Nemaha,NE,31127,31127,3.6
Nuckolls,NE,31129,31129,2.7
Otoe,NE,31131,31131,3.5
Pawnee,NE,31133,31133,2.8
Perkins,NE,31135,31135,1.8
Phelps,NE,31137,31137,3
Pierce,NE,31139,31139,3.3
Platte,NE,31141,31141,3.7
Polk,NE,31143,31143,3
Red Willow,NE,31145,31145,3.3
Richardson,NE,31147,31147,3.2
Rock,NE,31149,31149,2.1
Saline,NE,31151,31151,3.6
Sarpy,NE,31153,31153,4.1
Saunders,NE,31155,31155,3.7
Scotts Bluff,NE,31157,31157,4.2
Seward,NE,31159,31159,4.1
Sheridan,NE,31161,31161,2.4
Sherman,NE,31163,31163,3.2
Sioux,NE,31165,31165,2.3
Stanton,NE,31167,31167,3.4
Thayer,NE,31169,31169,2.7
Thomas,NE,31171,31171,4
Thurston,NE,31173,31173,5.2
Valley,NE,31175,31175,2.8
Washington,NE,31177,31177,3.7
Wayne,NE,31179,31179,2.8
Webster,NE,31181,31181,3.8
Wheeler,NE,31183,31183,1.8
York,NE,31185,31185,3.4
Churchill,NV,32001,32001,5.6
Clark,NV,32003,32003,14.7
Douglas,NV,32005,32005,8.6
Elko,NV,32007,32007,5.7
Esmeralda,NV,32009,32009,5.2
Eureka,NV,32011,32011,3.5
Humboldt,NV,32013,32013,4.9
Lander,NV,32015,32015,4.8
Lincoln,NV,32017,32017,5.1
Lyon,NV,32019,32019,8.5
Mineral,NV,32021,32021,5.6
Nye,NV,32023,32023,9.7
Pershing,NV,32027,32027,4.9
Storey,NV,32029,32029,8.3
Washoe,NV,32031,32031,7.8
White Pine,NV,32033,32033,4.2
Carson City,NV,32510,32510,8.2
Belknap,NH,33001,33001,6.9
Carroll,NH,33003,33003,7.7
Cheshire,NH,33005,33005,6.1
Coos,NH,33007,33007,7.9
Grafton,NH,33009,33009,5.8
Hillsborough,NH,33011,33011,7
Merrimack,NH,33013,33013,5.8
Rockingham,NH,33015,33015,7.1
Strafford,NH,33017,33017,6.3
Sullivan,NH,33019,33019,5.4
Atlantic,NJ,34001,34001,17.8
Bergen,NJ,34003,34003,9.6
Burlington,NJ,34005,34005,8.2
Camden,NJ,34007,34007,10.1
Cape May,NJ,34009,34009,13.8
Cumberland,NJ,34011,34011,10.8
Essex,NJ,34013,34013,11.7
Gloucester,NJ,34015,34015,9.3
Hudson,NJ,34017,34017,10.6
Hunterdon,NJ,34019,34019,7.2
Mercer,NJ,34021,34021,7.4
Middlesex,NJ,34023,34023,8.7
Monmouth,NJ,34025,34025,8.8
Morris,NJ,34027,34027,7.8
Ocean,NJ,34029,34029,9.5
Passaic,NJ,34031,34031,12.6
Salem,NJ,34033,34033,9.5
Somerset,NJ,34035,34035,7.8
Sussex,NJ,34037,34037,9.4
Union,NJ,34039,34039,9.9
Warren,NJ,34041,34041,8.5
Bernalillo,NM,35001,35001,8.1
Catron,NM,35003,35003,7.2
Chaves,NM,35005,35005,8.1
Cibola,NM,35006,35006,9.2
Colfax,NM,35007,35007,7.1
Curry,NM,35009,35009,5.5
De Baca,NM,35011,35011,4.9
Doa Ana,NM,35013,35013,8.3
Eddy,NM,35015,35015,6.9
Grant,NM,35017,35017,9
Guadalupe,NM,35019,35019,6.7
Harding,NM,35021,35021,4.3
Hidalgo,NM,35023,35023,5.8
Lea,NM,35025,35025,11
Lincoln,NM,35027,35027,8.8
Los Alamos,NM,35028,35028,3.7
Luna,NM,35029,35029,15.9
McKinley,NM,35031,35031,10.3
Mora,NM,35033,35033,8
Otero,NM,35035,35035,8.3
Quay,NM,35037,35037,7.4
Rio Arriba,NM,35039,35039,8.1
Roosevelt,NM,35041,35041,6.2
Sandoval,NM,35043,35043,8.6
San Juan,NM,35045,35045,10
San Miguel,NM,35047,35047,8.3
Santa Fe,NM,35049,35049,8.3
Sierra,NM,35051,35051,9.2
Socorro,NM,35053,35053,7.1
Taos,NM,35055,35055,11.6
Torrance,NM,35057,35057,9.5
Union,NM,35059,35059,5.1
Valencia,NM,35061,35061,8.2
Albany,NY,36001,36001,7.2
Allegany,NY,36003,36003,8.1
Bronx,NY,36005,36005,16
Broome,NY,36007,36007,8.7
Cattaraugus,NY,36009,36009,9.4
Cayuga,NY,36011,36011,7.9
Chautauqua,NY,36013,36013,8.9
Chemung,NY,36015,36015,8.8
Chenango,NY,36017,36017,6.9
Clinton,NY,36019,36019,8
Columbia,NY,36021,36021,6.2
Cortland,NY,36023,36023,7.9
Delaware,NY,36025,36025,7.2
Dutchess,NY,36027,36027,7.7
Erie,NY,36029,36029,9.5
Essex,NY,36031,36031,8.1
Franklin,NY,36033,36033,8.2
Fulton,NY,36035,36035,8.6
Genesee,NY,36037,36037,7.4
Greene,NY,36039,36039,8.3
Hamilton,NY,36041,36041,7.9
Herkimer,NY,36043,36043,8.2
Jefferson,NY,36045,36045,8.7
Kings,NY,36047,36047,12.5
Lewis,NY,36049,36049,7.7
Livingston,NY,36051,36051,7.1
Madison,NY,36053,36053,7.8
Monroe,NY,36055,36055,8.6
Montgomery,NY,36057,36057,8.8
Nassau,NY,36059,36059,8.4
New York,NY,36061,36061,9.5
Niagara,NY,36063,36063,10.4
Oneida,NY,36065,36065,8.1
Onondaga,NY,36067,36067,8.4
Ontario,NY,36069,36069,7.3
Orange,NY,36071,36071,8.4
Orleans,NY,36073,36073,8.4
Oswego,NY,36075,36075,8.9
Otsego,NY,36077,36077,7.2
Putnam,NY,36079,36079,7.6
Queens,NY,36081,36081,12.5
Rensselaer,NY,36083,36083,7
Richmond,NY,36085,36085,10.6
Rockland,NY,36087,36087,8.1
St. Lawrence,NY,36089,36089,8.2
Saratoga,NY,36091,36091,6.7
Schenectady,NY,36093,36093,8.1
Schoharie,NY,36095,36095,7.1
Schuyler,NY,36097,36097,8.6
Seneca,NY,36099,36099,8.2
Steuben,NY,36101,36101,8.2
Suffolk,NY,36103,36103,8.5
Sullivan,NY,36105,36105,8.8
Tioga,NY,36107,36107,7.8
Tompkins,NY,36109,36109,6.2
Ulster,NY,36111,36111,8
Warren,NY,36113,36113,8.4
Washington,NY,36115,36115,7.2
Wayne,NY,36117,36117,7.4
Westchester,NY,36119,36119,8.4
Wyoming,NY,36121,36121,7.5
Yates,NY,36123,36123,6.5
Alamance,NC,37001,37001,7.2
Alexander,NC,37003,37003,7.4
Alleghany,NC,37005,37005,7.3
Anson,NC,37007,37007,7.7
Ashe,NC,37009,37009,6.2
Avery,NC,37011,37011,6.3
Beaufort,NC,37013,37013,6.3
Bertie,NC,37015,37015,6.4
Bladen,NC,37017,37017,7.2
Brunswick,NC,37019,37019,8.8
Buncombe,NC,37021,37021,8.3
Burke,NC,37023,37023,7.2
Cabarrus,NC,37025,37025,7
Caldwell,NC,37027,37027,7.9
Camden,NC,37029,37029,5.5
Carteret,NC,37031,37031,6.2
Caswell,NC,37033,37033,7.8
Catawba,NC,37035,37035,8
Chatham,NC,37037,37037,5.4
Cherokee,NC,37039,37039,7.9
Chowan,NC,37041,37041,6.1
Clay,NC,37043,37043,7.4
Cleveland,NC,37045,37045,7.8
Columbus,NC,37047,37047,8.2
Craven,NC,37049,37049,6.6
Cumberland,NC,37051,37051,9.5
Currituck,NC,37053,37053,6.3
Dare,NC,37055,37055,9.8
Davidson,NC,37057,37057,7.1
Davie,NC,37059,37059,6.8
Duplin,NC,37061,37061,5.6
Durham,NC,37063,37063,6.5
Edgecombe,NC,37065,37065,10.6
Forsyth,NC,37067,37067,7.4
Franklin,NC,37069,37069,6.8
Gaston,NC,37071,37071,8
Gates,NC,37073,37073,5.7
Graham,NC,37075,37075,9.9
Granville,NC,37077,37077,5.9
Greene,NC,37079,37079,5.6
Guilford,NC,37081,37081,8.6
Halifax,NC,37083,37083,9.2
Harnett,NC,37085,37085,7.5
Haywood,NC,37087,37087,7.5
Henderson,NC,37089,37089,6.9
Hertford,NC,37091,37091,7
Hoke,NC,37093,37093,8.7
Hyde,NC,37095,37095,10.2
Iredell,NC,37097,37097,7.3
Jackson,NC,37099,37099,7.6
Johnston,NC,37101,37101,6.3
Jones,NC,37103,37103,5.8
Lee,NC,37105,37105,8
Lenoir,NC,37107,37107,6.2
Lincoln,NC,37109,37109,6.6
McDowell,NC,37111,37111,7
Macon,NC,37113,37113,6.7
Madison,NC,37115,37115,6.9
Martin,NC,37117,37117,6.9
Mecklenburg,NC,37119,37119,7.8
Mitchell,NC,37121,37121,7.8
Montgomery,NC,37123,37123,6.7
Moore,NC,37125,37125,7.2
Nash,NC,37127,37127,8.4
New Hanover,NC,37129,37129,7.3
Northampton,NC,37131,37131,7.3
Onslow,NC,37133,37133,7.2
Orange,NC,37135,37135,5.4
Pamlico,NC,37137,37137,5.6
Pasquotank,NC,37139,37139,7.3
Pender,NC,37141,37141,6.6
Perquimans,NC,37143,37143,6.7
Person,NC,37145,37145,7.4
Pitt,NC,37147,37147,6.8
Polk,NC,37149,37149,6.2
Randolph,NC,37151,37151,7.4
Richmond,NC,37153,37153,9.2
Robeson,NC,37155,37155,8.8
Rockingham,NC,37157,37157,8.4
Rowan,NC,37159,37159,7.9
Rutherford,NC,37161,37161,9.3
Sampson,NC,37163,37163,5.8
Scotland,NC,37165,37165,12
Stanly,NC,37167,37167,6.3
Stokes,NC,37169,37169,6.4
Surry,NC,37171,37171,6.9
Swain,NC,37173,37173,8.5
Transylvania,NC,37175,37175,6.1
Tyrrell,NC,37177,37177,8.9
Union,NC,37179,37179,6
Vance,NC,37181,37181,10.1
Wake,NC,37183,37183,6.4
Warren,NC,37185,37185,9.8
Washington,NC,37187,37187,8.2
Watauga,NC,37189,37189,6.2
Wayne,NC,37191,37191,6.5
Wilkes,NC,37193,37193,6.8
Wilson,NC,37195,37195,8.9
Yadkin,NC,37197,37197,7.1
Yancey,NC,37199,37199,6.6
Adams,ND,38001,38001,3.8
Barnes,ND,38003,38003,3.9
Benson,ND,38005,38005,6.8
Billings,ND,38007,38007,3.7
Bottineau,ND,38009,38009,5.4
Bowman,ND,38011,38011,3.4
Burke,ND,38013,38013,5.3
Burleigh,ND,38015,38015,4.4
Cass,ND,38017,38017,4.4
Cavalier,ND,38019,38019,3.5
Dickey,ND,38021,38021,3.3
Divide,ND,38023,38023,3.2
Dunn,ND,38025,38025,4.6
Eddy,ND,38027,38027,4.7
Emmons,ND,38029,38029,5
Foster,ND,38031,38031,3.5
Golden Valley,ND,38033,38033,3.2
Grand Forks,ND,38035,38035,4.6
Grant,ND,38037,38037,2.8
Griggs,ND,38039,38039,3.1
Hettinger,ND,38041,38041,4
Kidder,ND,38043,38043,5.1
LaMoure,ND,38045,38045,2.6
Logan,ND,38047,38047,3.2
McHenry,ND,38049,38049,5.5
McIntosh,ND,38051,38051,3.3
McKenzie,ND,38053,38053,7.6
McLean,ND,38055,38055,4.5
Mercer,ND,38057,38057,5.8
Morton,ND,38059,38059,5.1
Mountrail,ND,38061,38061,5.1
Nelson,ND,38063,38063,4.5
Oliver,ND,38065,38065,5.2
Pembina,ND,38067,38067,5.8
Pierce,ND,38069,38069,4.3
Ramsey,ND,38071,38071,4.5
Ransom,ND,38073,38073,4.1
Renville,ND,38075,38075,4.9
Richland,ND,38077,38077,3.9
Rolette,ND,38079,38079,13.4
Sargent,ND,38081,38081,4.4
Sheridan,ND,38083,38083,6
Sioux,ND,38085,38085,3.9
Slope,ND,38087,38087,3.1
Stark,ND,38089,38089,7.1
Steele,ND,38091,38091,3
Stutsman,ND,38093,38093,3.5
Towner,ND,38095,38095,2.8
Traill,ND,38097,38097,3.6
Walsh,ND,38099,38099,4.5
Ward,ND,38101,38101,6
Wells,ND,38103,38103,4.4
Williams,ND,38105,38105,9.6
Adams,OH,39001,39001,9.2
Allen,OH,39003,39003,8.5
Ashland,OH,39005,39005,6.5
Ashtabula,OH,39007,39007,8.3
Athens,OH,39009,39009,7.3
Auglaize,OH,39011,39011,6.9
Belmont,OH,39013,39013,10.1
Brown,OH,39015,39015,8.2
Butler,OH,39017,39017,7.2
Carroll,OH,39019,39019,8.8
Champaign,OH,39021,39021,7.1
Clark,OH,39023,39023,8.1
Clermont,OH,39025,39025,6.9
Clinton,OH,39027,39027,8.3
Columbiana,OH,39029,39029,9.4
Coshocton,OH,39031,39031,8.9
Crawford,OH,39033,39033,9.4
Cuyahoga,OH,39035,39035,10.4
Darke,OH,39037,39037,6.7
Defiance,OH,39039,39039,8.2
Delaware,OH,39041,39041,5.3
Erie,OH,39043,39043,10.5
Fairfield,OH,39045,39045,6.6
Fayette,OH,39047,39047,7.4
Franklin,OH,39049,39049,7.4
Fulton,OH,39051,39051,7.9
Gallia,OH,39053,39053,8
Geauga,OH,39055,39055,6.7
Greene,OH,39057,39057,6.4
Guernsey,OH,39059,39059,8.7
Hamilton,OH,39061,39061,7.8
Hancock,OH,39063,39063,6.8
Hardin,OH,39065,39065,8.1
Harrison,OH,39067,39067,9.2
Henry,OH,39069,39069,8.1
Highland,OH,39071,39071,8.7
Hocking,OH,39073,39073,7.4
Holmes,OH,39075,39075,3.9
Huron,OH,39077,39077,9.5
Jackson,OH,39079,39079,8.7
Jefferson,OH,39081,39081,10.1
Knox,OH,39083,39083,6.2
Lake,OH,39085,39085,8.4
Lawrence,OH,39087,39087,8.5
Licking,OH,39089,39089,6.5
Logan,OH,39091,39091,8.3
Lorain,OH,39093,39093,9.9
Lucas,OH,39095,39095,10.4
Madison,OH,39097,39097,5.9
Mahoning,OH,39099,39099,10.2
Marion,OH,39101,39101,7.6
Medina,OH,39103,39103,7.6
Meigs,OH,39105,39105,9.6
Mercer,OH,39107,39107,5.4
Miami,OH,39109,39109,7
Monroe,OH,39111,39111,10.6
Montgomery,OH,39113,39113,8.6
Morgan,OH,39115,39115,9.3
Morrow,OH,39117,39117,7.1
Muskingum,OH,39119,39119,7.8
Noble,OH,39121,39121,9.6
Ottawa,OH,39123,39123,9.1
Paulding,OH,39125,39125,7.5
Perry,OH,39127,39127,8.4
Pickaway,OH,39129,39129,6.8
Pike,OH,39131,39131,9.4
Portage,OH,39133,39133,7.3
Preble,OH,39135,39135,6.7
Putnam,OH,39137,39137,5.6
Richland,OH,39139,39139,9
Ross,OH,39141,39141,8
Sandusky,OH,39143,39143,8.1
Scioto,OH,39145,39145,8.7
Seneca,OH,39147,39147,8.1
Shelby,OH,39149,39149,7.7
Stark,OH,39151,39151,8.1
Summit,OH,39153,39153,8.2
Trumbull,OH,39155,39155,10.4
Tuscarawas,OH,39157,39157,7.6
Union,OH,39159,39159,5.8
Van Wert,OH,39161,39161,7
Vinton,OH,39163,39163,9.1
Warren,OH,39165,39165,6.4
Washington,OH,39167,39167,8.6
Wayne,OH,39169,39169,5.9
Williams,OH,39171,39171,7.8
Wood,OH,39173,39173,7.1
Wyandot,OH,39175,39175,7
Adair,OK,40001,40001,5.8
Alfalfa,OK,40003,40003,3.6
Atoka,OK,40005,40005,7
Beaver,OK,40007,40007,2.7
Beckham,OK,40009,40009,7.5
Blaine,OK,40011,40011,5.9
Bryan,OK,40013,40013,5.1
Caddo,OK,40015,40015,5.9
Canadian,OK,40017,40017,6
Carter,OK,40019,40019,7
Cherokee,OK,40021,40021,5.4
Choctaw,OK,40023,40023,7.6
Cimarron,OK,40025,40025,2
Cleveland,OK,40027,40027,5.6
Coal,OK,40029,40029,6.6
Comanche,OK,40031,40031,6.7
Cotton,OK,40033,40033,7
Craig,OK,40035,40035,5.4
Creek,OK,40037,40037,6.5
Custer,OK,40039,40039,5.4
Delaware,OK,40041,40041,5.3
Dewey,OK,40043,40043,4.8
Ellis,OK,40045,40045,4.5
Garfield,OK,40047,40047,5.5
Garvin,OK,40049,40049,6.2
Grady,OK,40051,40051,6.1
Grant,OK,40053,40053,3.3
Greer,OK,40055,40055,7.4
Harmon,OK,40057,40057,3.5
Harper,OK,40059,40059,3.3
Haskell,OK,40061,40061,7.8
Hughes,OK,40063,40063,7.5
Jackson,OK,40065,40065,4.1
Jefferson,OK,40067,40067,6.7
Johnston,OK,40069,40069,7.7
Kay,OK,40071,40071,6.7
Kingfisher,OK,40073,40073,4.3
Kiowa,OK,40075,40075,5
Latimer,OK,40077,40077,10
Le Flore,OK,40079,40079,7
Lincoln,OK,40081,40081,5.6
Logan,OK,40083,40083,5.1
Love,OK,40085,40085,4.2
McClain,OK,40087,40087,5.5
McCurtain,OK,40089,40089,6.6
McIntosh,OK,40091,40091,8.4
Major,OK,40093,40093,4.7
Marshall,OK,40095,40095,6.4
Mayes,OK,40097,40097,5
Murray,OK,40099,40099,6.2
Muskogee,OK,40101,40101,6
Noble,OK,40103,40103,4.1
Nowata,OK,40105,40105,5.2
Okfuskee,OK,40107,40107,6.6
Oklahoma,OK,40109,40109,6.4
Okmulgee,OK,40111,40111,7.2
Osage,OK,40113,40113,6.4
Ottawa,OK,40115,40115,5.7
Pawnee,OK,40117,40117,6.5
Payne,OK,40119,40119,5.3
Pittsburg,OK,40121,40121,7.6
Pontotoc,OK,40123,40123,5.2
Pottawatomie,OK,40125,40125,6.1
Pushmataha,OK,40127,40127,6.7
Roger Mills,OK,40129,40129,4.8
Rogers,OK,40131,40131,5.8
Seminole,OK,40133,40133,7.4
Sequoyah,OK,40135,40135,6.8
Stephens,OK,40137,40137,7.7
Texas,OK,40139,40139,2.3
Tillman,OK,40141,40141,6.3
Tulsa,OK,40143,40143,6.6
Wagoner,OK,40145,40145,5.8
Washington,OK,40147,40147,5.9
Washita,OK,40149,40149,6.7
Woods,OK,40151,40151,3.4
Woodward,OK,40153,40153,6.7
Baker,OR,41001,41001,7.2
Benton,OR,41003,41003,5.6
Clackamas,OR,41005,41005,7.2
Clatsop,OR,41007,41007,9.6
Columbia,OR,41009,41009,7.9
Coos,OR,41011,41011,8.6
Crook,OR,41013,41013,8.8
Curry,OR,41015,41015,8.7
Deschutes,OR,41017,41017,7.9
Douglas,OR,41019,41019,7.7
Gilliam,OR,41021,41021,6.1
Grant,OR,41023,41023,8.3
Harney,OR,41025,41025,5.9
Hood River,OR,41027,41027,6.3
Jackson,OR,41029,41029,7.8
Jefferson,OR,41031,41031,8.2
Josephine,OR,41033,41033,7.9
Klamath,OR,41035,41035,8.7
Lake,OR,41037,41037,5.6
Lane,OR,41039,41039,7.9
Lincoln,OR,41041,41041,10.9
Linn,OR,41043,41043,7.8
Malheur,OR,41045,41045,5.2
Marion,OR,41047,41047,6.9
Morrow,OR,41049,41049,5.2
Multnomah,OR,41051,41051,8.6
Polk,OR,41053,41053,6.6
Sherman,OR,41055,41055,6.1
Tillamook,OR,41057,41057,8.1
Umatilla,OR,41059,41059,6.8
Union,OR,41061,41061,7.8
Wallowa,OR,41063,41063,7.1
Wasco,OR,41065,41065,7.1
Washington,OR,41067,41067,6.5
Wheeler,OR,41069,41069,4.3
Yamhill,OR,41071,41071,6.8
Adams,PA,42001,42001,6.9
Allegheny,PA,42003,42003,9
Armstrong,PA,42005,42005,9.8
Beaver,PA,42007,42007,10.3
Bedford,PA,42009,42009,9.1
Berks,PA,42011,42011,9.5
Blair,PA,42013,42013,8.7
Bradford,PA,42015,42015,7.5
Bucks,PA,42017,42017,8.3
Butler,PA,42019,42019,7.9
Cambria,PA,42021,42021,9.5
Cameron,PA,42023,42023,12.6
Carbon,PA,42025,42025,9.8
Centre,PA,42027,42027,5.8
Chester,PA,42029,42029,6.4
Clarion,PA,42031,42031,8.2
Clearfield,PA,42033,42033,9.2
Clinton,PA,42035,42035,8.7
Columbia,PA,42037,42037,8.1
Crawford,PA,42039,42039,8.9
Cumberland,PA,42041,42041,6.7
Dauphin,PA,42043,42043,8.8
Delaware,PA,42045,42045,9.1
Elk,PA,42047,42047,12.3
Erie,PA,42049,42049,9.8
Fayette,PA,42051,42051,11.7
Forest,PA,42053,42053,10.6
Franklin,PA,42055,42055,7.6
Fulton,PA,42057,42057,11.5
Greene,PA,42059,42059,9.7
Huntingdon,PA,42061,42061,10.4
Indiana,PA,42063,42063,9.1
Jefferson,PA,42065,42065,8.8
Juniata,PA,42067,42067,7.2
Lackawanna,PA,42069,42069,9.6
Lancaster,PA,42071,42071,7.5
Lawrence,PA,42073,42073,10.3
Lebanon,PA,42075,42075,7.9
Lehigh,PA,42077,42077,9.6
Luzerne,PA,42079,42079,10.9
Lycoming,PA,42081,42081,8.8
McKean,PA,42083,42083,9.9
Mercer,PA,42085,42085,9.7
Mifflin,PA,42087,42087,8.4
Monroe,PA,42089,42089,11.5
Montgomery,PA,42091,42091,7.6
Montour,PA,42093,42093,6.1
Northampton,PA,42095,42095,9
Northumberland,PA,42097,42097,9.4
Perry,PA,42099,42099,6.8
Philadelphia,PA,42101,42101,12.4
Pike,PA,42103,42103,10.6
Potter,PA,42105,42105,9.3
Schuylkill,PA,42107,42107,9.2
Snyder,PA,42109,42109,7.6
Somerset,PA,42111,42111,9.5
Sullivan,PA,42113,42113,8.5
Susquehanna,PA,42115,42115,7.3
Tioga,PA,42117,42117,9
Union,PA,42119,42119,6.8
Venango,PA,42121,42121,8.9
Warren,PA,42123,42123,8.1
Washington,PA,42125,42125,9.4
Wayne,PA,42127,42127,9.2
Westmoreland,PA,42129,42129,9.1
Wyoming,PA,42131,42131,8.4
York,PA,42133,42133,8
Bristol,RI,44001,44001,7.6
Kent,RI,44003,44003,8.7
Newport,RI,44005,44005,8.2
Providence,RI,44007,44007,10.2
Washington,RI,44009,44009,7.8
Abbeville,SC,45001,45001,6.6
Aiken,SC,45003,45003,5
Allendale,SC,45005,45005,9.4
Anderson,SC,45007,45007,5.9
Bamberg,SC,45009,45009,9
Barnwell,SC,45011,45011,7.4
Beaufort,SC,45013,45013,5.4
Berkeley,SC,45015,45015,5.6
Calhoun,SC,45017,45017,6.1
Charleston,SC,45019,45019,6.3
Cherokee,SC,45021,45021,8.1
Chester,SC,45023,45023,8.9
Chesterfield,SC,45025,45025,6.1
Clarendon,SC,45027,45027,6.8
Colleton,SC,45029,45029,6.1
Darlington,SC,45031,45031,6.5
Dillon,SC,45033,45033,6.1
Dorchester,SC,45035,45035,5.8
Edgefield,SC,45037,45037,5.1
Fairfield,SC,45039,45039,7.9
Florence,SC,45041,45041,5.6
Georgetown,SC,45043,45043,7.5
Greenville,SC,45045,45045,5.7
Greenwood,SC,45047,45047,6.4
Hampton,SC,45049,45049,5
Horry,SC,45051,45051,8.6
Jasper,SC,45053,45053,5.1
Kershaw,SC,45055,45055,5.3
Lancaster,SC,45057,45057,6.9
Laurens,SC,45059,45059,6.9
Lee,SC,45061,45061,7.6
Lexington,SC,45063,45063,4.4
McCormick,SC,45065,45065,6.7
Marion,SC,45067,45067,7.8
Marlboro,SC,45069,45069,9.8
Newberry,SC,45071,45071,4.8
Oconee,SC,45073,45073,5.4
Orangeburg,SC,45075,45075,9
Pickens,SC,45077,45077,5.3
Richland,SC,45079,45079,5.8
Saluda,SC,45081,45081,4.3
Spartanburg,SC,45083,45083,6.6
Sumter,SC,45085,45085,6.8
Union,SC,45087,45087,9
Williamsburg,SC,45089,45089,8.1
York,SC,45091,45091,6.1
Aurora,SD,46003,46003,3.2
Beadle,SD,46005,46005,3.9
Bennett,SD,46007,46007,5
Bon Homme,SD,46009,46009,4.1
Brookings,SD,46011,46011,4.4
Brown,SD,46013,46013,4.4
Brule,SD,46015,46015,4.4
Buffalo,SD,46017,46017,8
Butte,SD,46019,46019,5.4
Campbell,SD,46021,46021,3.7
Charles Mix,SD,46023,46023,6.3
Clark,SD,46025,46025,3.9
Clay,SD,46027,46027,4.5
Codington,SD,46029,46029,4.9
Corson,SD,46031,46031,5
Custer,SD,46033,46033,6
Davison,SD,46035,46035,4.2
Day,SD,46037,46037,5.7
Deuel,SD,46039,46039,5.4
Dewey,SD,46041,46041,7.7
Douglas,SD,46043,46043,3
Edmunds,SD,46045,46045,2.9
Fall River,SD,46047,46047,6
Faulk,SD,46049,46049,3.5
Grant,SD,46051,46051,4
Gregory,SD,46053,46053,3.8
Haakon,SD,46055,46055,2.5
Hamlin,SD,46057,46057,3.5
Hand,SD,46059,46059,2.7
Hanson,SD,46061,46061,5.2
Harding,SD,46063,46063,3.6
Hughes,SD,46065,46065,3.4
Hutchinson,SD,46067,46067,3.8
Hyde,SD,46069,46069,3.1
Jackson,SD,46071,46071,4.3
Jerauld,SD,46073,46073,2.5
Jones,SD,46075,46075,3.7
Kingsbury,SD,46077,46077,3.7
Lake,SD,46079,46079,3.8
Lawrence,SD,46081,46081,6.2
Lincoln,SD,46083,46083,3.6
Lyman,SD,46085,46085,5.7
McCook,SD,46087,46087,3.7
McPherson,SD,46089,46089,5.1
Marshall,SD,46091,46091,4.8
Meade,SD,46093,46093,4.9
Mellette,SD,46095,46095,6.2
Miner,SD,46097,46097,4.8
Minnehaha,SD,46099,46099,4.5
Moody,SD,46101,46101,5.3
Pennington,SD,46103,46103,5.3
Perkins,SD,46105,46105,3.8
Potter,SD,46107,46107,3.2
Roberts,SD,46109,46109,6.4
Sanborn,SD,46111,46111,4.1
Shannon,SD,46113,46113,10.1
Spink,SD,46115,46115,4.1
Stanley,SD,46117,46117,3.9
Sully,SD,46119,46119,2.8
Todd,SD,46121,46121,6.4
Tripp,SD,46123,46123,3.1
Turner,SD,46125,46125,3.9
Union,SD,46127,46127,5.1
Walworth,SD,46129,46129,6.1
Yankton,SD,46135,46135,4.6
Ziebach,SD,46137,46137,4.8
Anderson,TN,47001,47001,6.7
Bedford,TN,47003,47003,7.9
Benton,TN,47005,47005,8.2
Bledsoe,TN,47007,47007,8.6
Blount,TN,47009,47009,6.4
Bradley,TN,47011,47011,6.6
Campbell,TN,47013,47013,7.6
Cannon,TN,47015,47015,6.5
Carroll,TN,47017,47017,7.4
Carter,TN,47019,47019,7
Cheatham,TN,47021,47021,5.6
Chester,TN,47023,47023,5.7
Claiborne,TN,47025,47025,7
Clay,TN,47027,47027,8.1
Cocke,TN,47029,47029,10.2
Coffee,TN,47031,47031,7.8
Crockett,TN,47033,47033,5.9
Cumberland,TN,47035,47035,7.7
Davidson,TN,47037,47037,8
Decatur,TN,47039,47039,8.6
DeKalb,TN,47041,47041,9.1
Dickson,TN,47043,47043,5.9
Dyer,TN,47045,47045,8
Fayette,TN,47047,47047,6.4
Fentress,TN,47049,47049,6.5
Franklin,TN,47051,47051,7.9
Gibson,TN,47053,47053,7
Giles,TN,47055,47055,8.4
Grainger,TN,47057,47057,7.2
Greene,TN,47059,47059,8.3
Grundy,TN,47061,47061,9.8
Hamblen,TN,47063,47063,7.1
Hamilton,TN,47065,47065,7.1
Hancock,TN,47067,47067,8.4
Hardeman,TN,47069,47069,8.2
Hardin,TN,47071,47071,7.1
Hawkins,TN,47073,47073,7.7
Haywood,TN,47075,47075,8.9
Henderson,TN,47077,47077,8
Henry,TN,47079,47079,7.5
Hickman,TN,47081,47081,5.8
Houston,TN,47083,47083,8.2
Humphreys,TN,47085,47085,6.4
Jackson,TN,47087,47087,8
Jefferson,TN,47089,47089,7.5
Johnson,TN,47091,47091,6.5
Knox,TN,47093,47093,5.9
Lake,TN,47095,47095,8.8
Lauderdale,TN,47097,47097,9.2
Lawrence,TN,47099,47099,7.8
Lewis,TN,47101,47101,7.5
Lincoln,TN,47103,47103,8.6
Loudon,TN,47105,47105,6.4
McMinn,TN,47107,47107,7.8
McNairy,TN,47109,47109,8.7
Macon,TN,47111,47111,6.5
Madison,TN,47113,47113,7.5
Marion,TN,47115,47115,7.6
Marshall,TN,47117,47117,9.1
Maury,TN,47119,47119,8.1
Meigs,TN,47121,47121,8.6
Monroe,TN,47123,47123,8
Montgomery,TN,47125,47125,7.6
Moore,TN,47127,47127,5.4
Morgan,TN,47129,47129,6.5
Obion,TN,47131,47131,7
Overton,TN,47133,47133,6.3
Perry,TN,47135,47135,9.5
Pickett,TN,47137,47137,6.1
Polk,TN,47139,47139,6.9
Putnam,TN,47141,47141,6.6
Rhea,TN,47143,47143,9.8
Roane,TN,47145,47145,6.6
Robertson,TN,47147,47147,6.1
Rutherford,TN,47149,47149,6.9
Scott,TN,47151,47151,8.6
Sequatchie,TN,47153,47153,7.8
Sevier,TN,47155,47155,9.6
Shelby,TN,47157,47157,9.7
Smith,TN,47159,47159,6
Stewart,TN,47161,47161,6.6
Sullivan,TN,47163,47163,7.2
Sumner,TN,47165,47165,6.5
Tipton,TN,47167,47167,6.9
Trousdale,TN,47169,47169,6.1
Unicoi,TN,47171,47171,8.3
Union,TN,47173,47173,6.9
Van Buren,TN,47175,47175,8.7
Warren,TN,47177,47177,8.9
Washington,TN,47179,47179,6.4
Wayne,TN,47181,47181,7.1
Weakley,TN,47183,47183,5.8
White,TN,47185,47185,7.1
Williamson,TN,47187,47187,4.8
Wilson,TN,47189,47189,6.3
Anderson,TX,48001,48001,5.6
Andrews,TX,48003,48003,8.2
Angelina,TX,48005,48005,7.6
Aransas,TX,48007,48007,8.5
Archer,TX,48009,48009,5.3
Armstrong,TX,48011,48011,4.3
Atascosa,TX,48013,48013,8.4
Austin,TX,48015,48015,6.6
Bailey,TX,48017,48017,4.8
Bandera,TX,48019,48019,5.8
Bastrop,TX,48021,48021,6
Baylor,TX,48023,48023,3.5
Bee,TX,48025,48025,9.8
Bell,TX,48027,48027,7
Bexar,TX,48029,48029,7.5
Blanco,TX,48031,48031,3.8
Borden,TX,48033,48033,3.3
Bosque,TX,48035,48035,5.5
Bowie,TX,48037,48037,7.4
Brazoria,TX,48039,48039,8.6
Brazos,TX,48041,48041,5.3
Brewster,TX,48043,48043,6.7
Briscoe,TX,48045,48045,4.8
Brooks,TX,48047,48047,10.7
Brown,TX,48049,48049,6.5
Burleson,TX,48051,48051,6.3
Burnet,TX,48053,48053,4.7
Caldwell,TX,48055,48055,6.3
Calhoun,TX,48057,48057,5.8
Callahan,TX,48059,48059,5.4
Cameron,TX,48061,48061,10.2
Camp,TX,48063,48063,7.4
Carson,TX,48065,48065,4.2
Cass,TX,48067,48067,7.9
Castro,TX,48069,48069,3.6
Chambers,TX,48071,48071,9.5
Cherokee,TX,48073,48073,7.9
Childress,TX,48075,48075,3.7
Clay,TX,48077,48077,5.5
Cochran,TX,48079,48079,7.1
Coke,TX,48081,48081,5.5
Coleman,TX,48083,48083,7.4
Collin,TX,48085,48085,6.3
Collingsworth,TX,48087,48087,4.3
Colorado,TX,48089,48089,5.6
Comal,TX,48091,48091,6.2
Comanche,TX,48093,48093,5.5
Concho,TX,48095,48095,4.5
Cooke,TX,48097,48097,7.1
Coryell,TX,48099,48099,6.6
Cottle,TX,48101,48101,4.9
Crane,TX,48103,48103,13.6
Crockett,TX,48105,48105,8.9
Crosby,TX,48107,48107,5.2
Culberson,TX,48109,48109,6.5
Dallam,TX,48111,48111,2.8
Dallas,TX,48113,48113,7.7
Dawson,TX,48115,48115,8.7
Deaf Smith,TX,48117,48117,3.6
Delta,TX,48119,48119,5.5
Denton,TX,48121,48121,6.5
DeWitt,TX,48123,48123,6
Dickens,TX,48125,48125,6.3
Dimmit,TX,48127,48127,6.4
Donley,TX,48129,48129,4.4
Duval,TX,48131,48131,12.1
Eastland,TX,48133,48133,6.7
Ector,TX,48135,48135,11
Edwards,TX,48137,48137,3.5
Ellis,TX,48139,48139,6
El Paso,TX,48141,48141,8.3
Erath,TX,48143,48143,5.7
Falls,TX,48145,48145,6
Fannin,TX,48147,48147,4.7
Fayette,TX,48149,48149,4.7
Fisher,TX,48151,48151,4.5
Floyd,TX,48153,48153,6.2
Foard,TX,48155,48155,4.2
Fort Bend,TX,48157,48157,7.7
Franklin,TX,48159,48159,5.3
Freestone,TX,48161,48161,8.3
Frio,TX,48163,48163,5.7
Gaines,TX,48165,48165,5.6
Galveston,TX,48167,48167,8.7
Garza,TX,48169,48169,6.8
Gillespie,TX,48171,48171,4.8
Glasscock,TX,48173,48173,3.6
Goliad,TX,48175,48175,7.7
Gonzales,TX,48177,48177,5.4
Gray,TX,48179,48179,8.1
Grayson,TX,48181,48181,5.9
Gregg,TX,48183,48183,8.3
Grimes,TX,48185,48185,8
Guadalupe,TX,48187,48187,6.1
Hale,TX,48189,48189,6.8
Hall,TX,48191,48191,5.8
Hamilton,TX,48193,48193,4.5
Hansford,TX,48195,48195,3.5
Hardeman,TX,48197,48197,4.4
Hardin,TX,48199,48199,9
Harris,TX,48201,48201,8.9
Harrison,TX,48203,48203,7.9
Hartley,TX,48205,48205,2.1
Haskell,TX,48207,48207,4.3
Hays,TX,48209,48209,6.3
Hemphill,TX,48211,48211,4.4
Henderson,TX,48213,48213,6.4
Hidalgo,TX,48215,48215,11.6
Hill,TX,48217,48217,6.3
Hockley,TX,48219,48219,7.9
Hood,TX,48221,48221,6.6
Hopkins,TX,48223,48223,5.1
Houston,TX,48225,48225,5.3
Howard,TX,48227,48227,8.1
Hudspeth,TX,48229,48229,8
Hunt,TX,48231,48231,6.5
Hutchinson,TX,48233,48233,7.2
Irion,TX,48235,48235,6
Jack,TX,48237,48237,7
Jackson,TX,48239,48239,5.8
Jasper,TX,48241,48241,11.2
Jeff Davis,TX,48243,48243,5.1
Jefferson,TX,48245,48245,11.9
Jim Hogg,TX,48247,48247,9.5
Jim Wells,TX,48249,48249,13
Johnson,TX,48251,48251,6.5
Jones,TX,48253,48253,7
Karnes,TX,48255,48255,6.3
Kaufman,TX,48257,48257,6.5
Kendall,TX,48259,48259,5
Kenedy,TX,48261,48261,5.4
Kent,TX,48263,48263,3.9
Kerr,TX,48265,48265,5.9
Kimble,TX,48267,48267,5.1
King,TX,48269,48269,1.7
Kinney,TX,48271,48271,6
Kleberg,TX,48273,48273,8.4
Knox,TX,48275,48275,5.6
Lamar,TX,48277,48277,6.5
Lamb,TX,48279,48279,5.2
Lampasas,TX,48281,48281,5.4
La Salle,TX,48283,48283,6.8
Lavaca,TX,48285,48285,5.2
Lee,TX,48287,48287,4.9
Leon,TX,48289,48289,7.8
Liberty,TX,48291,48291,10.6
Limestone,TX,48293,48293,7.1
Lipscomb,TX,48295,48295,4.2
Live Oak,TX,48297,48297,7.5
Llano,TX,48299,48299,5.7
Loving,TX,48301,48301,1.7
Lubbock,TX,48303,48303,5.7
Lynn,TX,48305,48305,5.4
McCulloch,TX,48307,48307,7.5
McLennan,TX,48309,48309,6.2
McMullen,TX,48311,48311,2.8
Madison,TX,48313,48313,7.2
Marion,TX,48315,48315,8.2
Martin,TX,48317,48317,6.1
Mason,TX,48319,48319,5.6
Matagorda,TX,48321,48321,10.5
Maverick,TX,48323,48323,15
Medina,TX,48325,48325,6.3
Menard,TX,48327,48327,5.2
Midland,TX,48329,48329,8.1
Milam,TX,48331,48331,7.1
Mills,TX,48333,48333,4.1
Mitchell,TX,48335,48335,7.9
Montague,TX,48337,48337,6.6
Montgomery,TX,48339,48339,7.5
Moore,TX,48341,48341,3.8
Morris,TX,48343,48343,11.4
Motley,TX,48345,48345,4.6
Nacogdoches,TX,48347,48347,6.6
Navarro,TX,48349,48349,6.2
Newton,TX,48351,48351,11
Nolan,TX,48353,48353,5.3
Nueces,TX,48355,48355,9
Ochiltree,TX,48357,48357,5.8
Oldham,TX,48359,48359,3.9
Orange,TX,48361,48361,10.5
Palo Pinto,TX,48363,48363,7
Panola,TX,48365,48365,8.4
Parker,TX,48367,48367,5.9
Parmer,TX,48369,48369,2.6
Pecos,TX,48371,48371,8.1
Polk,TX,48373,48373,8.7
Potter,TX,48375,48375,5.5
Presidio,TX,48377,48377,14.7
Rains,TX,48379,48379,4.7
Randall,TX,48381,48381,4.5
Reagan,TX,48383,48383,9.7
Real,TX,48385,48385,6.7
Red River,TX,48387,48387,6.4
Reeves,TX,48389,48389,7.1
Refugio,TX,48391,48391,8.2
Roberts,TX,48393,48393,4.6
Robertson,TX,48395,48395,6.4
Rockwall,TX,48397,48397,6
Runnels,TX,48399,48399,4.9
Rusk,TX,48401,48401,7.3
Sabine,TX,48403,48403,10.8
San Augustine,TX,48405,48405,9.6
San Jacinto,TX,48407,48407,8.1
San Patricio,TX,48409,48409,10.3
San Saba,TX,48411,48411,5.2
Schleicher,TX,48413,48413,6.9
Scurry,TX,48415,48415,8.2
Shackelford,TX,48417,48417,5.3
Shelby,TX,48419,48419,6.8
Sherman,TX,48421,48421,3.1
Smith,TX,48423,48423,6.8
Somervell,TX,48425,48425,6.5
Starr,TX,48427,48427,17.3
Stephens,TX,48429,48429,6.1
Sterling,TX,48431,48431,6.4
Stonewall,TX,48433,48433,5
Sutton,TX,48435,48435,9.8
Swisher,TX,48437,48437,5.2
Tarrant,TX,48439,48439,7.3
Taylor,TX,48441,48441,5.5
Terrell,TX,48443,48443,4.6
Terry,TX,48445,48445,7.3
Throckmorton,TX,48447,48447,4.9
Titus,TX,48449,48449,6.7
Tom Green,TX,48451,48451,6.3
Travis,TX,48453,48453,6.3
Trinity,TX,48455,48455,8.1
Tyler,TX,48457,48457,9.9
Upshur,TX,48459,48459,7.7
Upton,TX,48461,48461,5.6
Uvalde,TX,48463,48463,6.4
Val Verde,TX,48465,48465,7.9
Van Zandt,TX,48467,48467,6.1
Victoria,TX,48469,48469,8.3
Walker,TX,48471,48471,7.2
Waller,TX,48473,48473,7.8
Ward,TX,48475,48475,9.4
Washington,TX,48477,48477,5.6
Webb,TX,48479,48479,8.5
Wharton,TX,48481,48481,6.8
Wheeler,TX,48483,48483,6
Wichita,TX,48485,48485,6.7
Wilbarger,TX,48487,48487,5.9
Willacy,TX,48489,48489,12
Williamson,TX,48491,48491,5.9
Wilson,TX,48493,48493,5.7
Winkler,TX,48495,48495,9.3
Wise,TX,48497,48497,6.5
Wood,TX,48499,48499,6.6
Yoakum,TX,48501,48501,11.9
Young,TX,48503,48503,5.3
Zapata,TX,48505,48505,12.4
Zavala,TX,48507,48507,14.1
Beaver,UT,49001,49001,4
Box Elder,UT,49003,49003,4.4
Cache,UT,49005,49005,2.9
Carbon,UT,49007,49007,5.2
Daggett,UT,49009,49009,4.5
Davis,UT,49011,49011,4.1
Duchesne,UT,49013,49013,7.7
Emery,UT,49015,49015,4.7
Garfield,UT,49017,49017,10.2
Grand,UT,49019,49019,9.5
Iron,UT,49021,49021,4.5
Juab,UT,49023,49023,2.9
Kane,UT,49025,49025,5.4
Millard,UT,49027,49027,3.2
Morgan,UT,49029,49029,3.3
Piute,UT,49031,49031,6.3
Rich,UT,49033,49033,3.4
Salt Lake,UT,49035,49035,5.1
San Juan,UT,49037,49037,10.2
Sanpete,UT,49039,49039,3.7
Sevier,UT,49041,49041,4.2
Summit,UT,49043,49043,7.2
Tooele,UT,49045,49045,4.8
Uintah,UT,49047,49047,9.2
Utah,UT,49049,49049,3.7
Wasatch,UT,49051,49051,6.4
Washington,UT,49053,49053,5.3
Wayne,UT,49055,49055,7.6
Weber,UT,49057,49057,4.8
Addison,VT,50001,50001,5
Bennington,VT,50003,50003,6.6
Caledonia,VT,50005,50005,5.8
Chittenden,VT,50007,50007,4.8
Essex,VT,50009,50009,6.5
Franklin,VT,50011,50011,5.3
Grand Isle,VT,50013,50013,5.9
Lamoille,VT,50015,50015,7.8
Orange,VT,50017,50017,4.8
Orleans,VT,50019,50019,7.9
Rutland,VT,50021,50021,6.9
Washington,VT,50023,50023,4.8
Windham,VT,50025,50025,6.3
Windsor,VT,50027,50027,5.3
Accomack,VA,51001,51001,6.5
Albemarle,VA,51003,51003,5.4
Alleghany,VA,51005,51005,6.5
Amelia,VA,51007,51007,5.8
Amherst,VA,51009,51009,5.6
Appomattox,VA,51011,51011,5.8
Arlington,VA,51013,51013,4.5
Augusta,VA,51015,51015,4.6
Bath,VA,51017,51017,9.9
Bedford,VA,51019,51019,5.1
Bland,VA,51021,51021,5.6
Botetourt,VA,51023,51023,4.5
Brunswick,VA,51025,51025,8
Buchanan,VA,51027,51027,9.5
Buckingham,VA,51029,51029,7.4
Campbell,VA,51031,51031,5.9
Caroline,VA,51033,51033,6.7
Carroll,VA,51035,51035,8.2
Charles City,VA,51036,51036,6.5
Charlotte,VA,51037,51037,5.6
Chesterfield,VA,51041,51041,5.9
Clarke,VA,51043,51043,4.5
Craig,VA,51045,51045,5.1
Culpeper,VA,51047,51047,5
Cumberland,VA,51049,51049,6.1
Dickenson,VA,51051,51051,8
Dinwiddie,VA,51053,51053,6.4
Essex,VA,51057,51057,7
Fairfax,VA,51059,51059,5.8
Fauquier,VA,51061,51061,4.7
Floyd,VA,51063,51063,5.1
Fluvanna,VA,51065,51065,5.3
Franklin,VA,51067,51067,5.5
Frederick,VA,51069,51069,4.6
Giles,VA,51071,51071,6.3
Gloucester,VA,51073,51073,5.4
Goochland,VA,51075,51075,4.9
Grayson,VA,51077,51077,5.7
Greene,VA,51079,51079,5.2
Greensville,VA,51081,51081,6.8
Halifax,VA,51083,51083,7
Hanover,VA,51085,51085,4.8
Henrico,VA,51087,51087,6.5
Henry,VA,51089,51089,7.6
Highland,VA,51091,51091,3.7
Isle of Wight,VA,51093,51093,5.1
James City,VA,51095,51095,6.9
King and Queen,VA,51097,51097,5.1
King George,VA,51099,51099,4.5
King William,VA,51101,51101,5.4
Lancaster,VA,51103,51103,7.2
Lee,VA,51105,51105,6.4
Loudoun,VA,51107,51107,5.3
Louisa,VA,51109,51109,5.2
Lunenburg,VA,51111,51111,5.3
Madison,VA,51113,51113,3.8
Mathews,VA,51115,51115,4.9
Mecklenburg,VA,51117,51117,6.8
Middlesex,VA,51119,51119,5.1
Montgomery,VA,51121,51121,4.8
Nelson,VA,51125,51125,5.6
New Kent,VA,51127,51127,4.6
Northampton,VA,51131,51131,7.8
Northumberland,VA,51133,51133,6.3
Nottoway,VA,51135,51135,5.1
Orange,VA,51137,51137,5.6
Page,VA,51139,51139,7.3
Patrick,VA,51141,51141,6.9
Pittsylvania,VA,51143,51143,6.5
Powhatan,VA,51145,51145,4.8
Prince Edward,VA,51147,51147,6.5
Prince George,VA,51149,51149,6.5
Prince William,VA,51153,51153,6.5
Pulaski,VA,51155,51155,7.9
Rappahannock,VA,51157,51157,4.5
Richmond,VA,51159,51159,4.9
Roanoke,VA,51161,51161,5.1
Rockbridge,VA,51163,51163,5.5
Rockingham,VA,51165,51165,4.7
Russell,VA,51167,51167,6.6
Scott,VA,51169,51169,5.3
Shenandoah,VA,51171,51171,5.3
Smyth,VA,51173,51173,6.4
Southampton,VA,51175,51175,5
Spotsylvania,VA,51177,51177,6
Stafford,VA,51179,51179,5.7
Surry,VA,51181,51181,5.7
Sussex,VA,51183,51183,8.5
Tazewell,VA,51185,51185,7.6
Warren,VA,51187,51187,5.8
Washington,VA,51191,51191,5.8
Westmoreland,VA,51193,51193,5.9
Wise,VA,51195,51195,7.6
Wythe,VA,51197,51197,7.7
York,VA,51199,51199,5.6
Alexandria City,VA,51510,51510,6
Bedford City,VA,51515,51515,N/A
Bristol City,VA,51520,51520,7.7
Buena Vista City,VA,51530,51530,5.7
Charlottesville City,VA,51540,51540,6.4
Chesapeake City,VA,51550,51550,6.1
Colonial Heights City,VA,51570,51570,7.1
Covington City,VA,51580,51580,9.6
Danville City,VA,51590,51590,9.7
Emporia City,VA,51595,51595,11.1
Fairfax City,VA,51600,51600,5.6
Falls Church City,VA,51610,51610,3.8
Franklin City,VA,51620,51620,8.5
Fredericksburg City,VA,51630,51630,7.2
Galax City,VA,51640,51640,7.7
Hampton City,VA,51650,51650,8.5
Harrisonburg City,VA,51660,51660,6.4
Hopewell City,VA,51670,51670,10.7
Lexington City,VA,51678,51678,7
Lynchburg City,VA,51680,51680,7.2
Manassas City,VA,51683,51683,6.5
Manassas Park City,VA,51685,51685,6.8
Martinsville City,VA,51690,51690,10.9
Newport News City,VA,51700,51700,8.7
Norfolk City,VA,51710,51710,8.7
Norton City,VA,51720,51720,7.5
Petersburg City,VA,51730,51730,13.9
Poquoson City,VA,51735,51735,4.2
Portsmouth City,VA,51740,51740,9.6
Radford City,VA,51750,51750,6.3
Richmond City,VA,51760,51760,8.8
Roanoke City,VA,51770,51770,7.7
Salem City,VA,51775,51775,5.8
Staunton City,VA,51790,51790,6.3
Suffolk City,VA,51800,51800,6.5
Virginia Beach City,VA,51810,51810,6.2
Waynesboro City,VA,51820,51820,6.5
Williamsburg City,VA,51830,51830,8.2
Winchester City,VA,51840,51840,5.8
Adams,WA,53001,53001,7.3
Asotin,WA,53003,53003,5.2
Benton,WA,53005,53005,8.2
Chelan,WA,53007,53007,8.4
Clallam,WA,53009,53009,10.2
Clark,WA,53011,53011,8.5
Columbia,WA,53013,53013,7.3
Cowlitz,WA,53015,53015,9.3
Douglas,WA,53017,53017,8.5
Ferry,WA,53019,53019,11.5
Franklin,WA,53021,53021,9
Garfield,WA,53023,53023,8.4
Grant,WA,53025,53025,8.8
Grays Harbor,WA,53027,53027,11.7
Island,WA,53029,53029,8.3
Jefferson,WA,53031,53031,9.4
King,WA,53033,53033,7.5
Kitsap,WA,53035,53035,7.7
Kittitas,WA,53037,53037,9
Klickitat,WA,53039,53039,8.2
Lewis,WA,53041,53041,9.4
Lincoln,WA,53043,53043,6.8
Mason,WA,53045,53045,9.8
Okanogan,WA,53047,53047,9
Pacific,WA,53049,53049,10.7
Pend Oreille,WA,53051,53051,10.7
Pierce,WA,53053,53053,9.6
San Juan,WA,53055,53055,7.9
Skagit,WA,53057,53057,9.8
Skamania,WA,53059,53059,9.2
Snohomish,WA,53061,53061,8.5
Spokane,WA,53063,53063,8.8
Stevens,WA,53065,53065,9.4
Thurston,WA,53067,53067,8.3
Wahkiakum,WA,53069,53069,8.8
Walla Walla,WA,53071,53071,6.9
Whatcom,WA,53073,53073,9.3
Whitman,WA,53075,53075,5.9
Yakima,WA,53077,53077,9.7
Barbour,WV,54001,54001,8.3
Berkeley,WV,54003,54003,6.2
Boone,WV,54005,54005,10.5
Braxton,WV,54007,54007,10.4
Brooke,WV,54009,54009,9
Cabell,WV,54011,54011,8
Calhoun,WV,54013,54013,16.1
Clay,WV,54015,54015,12.5
Doddridge,WV,54017,54017,6.3
Fayette,WV,54019,54019,10
Gilmer,WV,54021,54021,10.1
Grant,WV,54023,54023,6.5
Greenbrier,WV,54025,54025,8.1
Hampshire,WV,54027,54027,5.5
Hancock,WV,54029,54029,10
Hardy,WV,54031,54031,7.2
Harrison,WV,54033,54033,7.9
Jackson,WV,54035,54035,8.6
Jefferson,WV,54037,54037,5.9
Kanawha,WV,54039,54039,8.9
Lewis,WV,54041,54041,10.9
Lincoln,WV,54043,54043,10
Logan,WV,54045,54045,12.2
McDowell,WV,54047,54047,12.6
Marion,WV,54049,54049,8.7
Marshall,WV,54051,54051,9.9
Mason,WV,54053,54053,8.5
Mercer,WV,54055,54055,9.4
Mineral,WV,54057,54057,7.6
Mingo,WV,54059,54059,14.3
Monongalia,WV,54061,54061,6.3
Monroe,WV,54063,54063,7.1
Morgan,WV,54065,54065,6
Nicholas,WV,54067,54067,10.3
Ohio,WV,54069,54069,8.4
Pendleton,WV,54071,54071,4.9
Pleasants,WV,54073,54073,11.1
Pocahontas,WV,54075,54075,9.3
Preston,WV,54077,54077,7.3
Putnam,WV,54079,54079,7.4
Raleigh,WV,54081,54081,8.9
Randolph,WV,54083,54083,9.2
Ritchie,WV,54085,54085,8.4
Roane,WV,54087,54087,12.4
Summers,WV,54089,54089,7.8
Taylor,WV,54091,54091,7.4
Tucker,WV,54093,54093,8.5
Tyler,WV,54095,54095,10.3
Upshur,WV,54097,54097,9.6
Wayne,WV,54099,54099,8.4
Webster,WV,54101,54101,9.4
Wetzel,WV,54103,54103,9.8
Wirt,WV,54105,54105,10.7
Wood,WV,54107,54107,8.8
Wyoming,WV,54109,54109,10.5
Adams,WI,55001,55001,9.5
Ashland,WI,55003,55003,8.5
Barron,WI,55005,55005,6.1
Bayfield,WI,55007,55007,9.3
Brown,WI,55009,55009,6
Buffalo,WI,55011,55011,7.4
Burnett,WI,55013,55013,9.1
Calumet,WI,55015,55015,4.7
Chippewa,WI,55017,55017,6.2
Clark,WI,55019,55019,4.5
Columbia,WI,55021,55021,5.9
Crawford,WI,55023,55023,7.3
Dane,WI,55025,55025,4.8
Dodge,WI,55027,55027,5.3
Door,WI,55029,55029,6.8
Douglas,WI,55031,55031,9.2
Dunn,WI,55033,55033,5.5
Eau Claire,WI,55035,55035,5.5
Florence,WI,55037,55037,8
Fond du Lac,WI,55039,55039,5.9
Forest,WI,55041,55041,12.4
Grant,WI,55043,55043,5.3
Green,WI,55045,55045,4.8
Green Lake,WI,55047,55047,6.9
Iowa,WI,55049,55049,6.1
Iron,WI,55051,55051,11.2
Jackson,WI,55053,55053,9.3
Jefferson,WI,55055,55055,5.4
Juneau,WI,55057,55057,7.2
Kenosha,WI,55059,55059,7.1
Kewaunee,WI,55061,55061,4.6
La Crosse,WI,55063,55063,5.4
Lafayette,WI,55065,55065,4.3
Langlade,WI,55067,55067,6.5
Lincoln,WI,55069,55069,5.9
Manitowoc,WI,55071,55071,6.2
Marathon,WI,55073,55073,5
Marinette,WI,55075,55075,7.8
Marquette,WI,55077,55077,6.7
Menominee,WI,55078,55078,15.3
Milwaukee,WI,55079,55079,8.2
Monroe,WI,55081,55081,5.5
Oconto,WI,55083,55083,6.3
Oneida,WI,55085,55085,7.3
Outagamie,WI,55087,55087,5.5
Ozaukee,WI,55089,55089,5.4
Pepin,WI,55091,55091,5.9
Pierce,WI,55093,55093,7
Polk,WI,55095,55095,7.2
Portage,WI,55097,55097,5.4
Price,WI,55099,55099,6.8
Racine,WI,55101,55101,7.3
Richland,WI,55103,55103,5.1
Rock,WI,55105,55105,7.1
Rusk,WI,55107,55107,6.6
St. Croix,WI,55109,55109,7.1
Sauk,WI,55111,55111,7.5
Sawyer,WI,55113,55113,7.9
Shawano,WI,55115,55115,6.4
Sheboygan,WI,55117,55117,5.7
Taylor,WI,55119,55119,4.9
Trempealeau,WI,55121,55121,7
Vernon,WI,55123,55123,5.2
Vilas,WI,55125,55125,7.2
Walworth,WI,55127,55127,6.1
Washburn,WI,55129,55129,6.9
Washington,WI,55131,55131,5.6
Waukesha,WI,55133,55133,5.6
Waupaca,WI,55135,55135,5.5
Waushara,WI,55137,55137,6.3
Winnebago,WI,55139,55139,5.4
Wood,WI,55141,55141,6.7
Albany,WY,56001,56001,4
Big Horn,WY,56003,56003,5
Campbell,WY,56005,56005,6.9
Carbon,WY,56007,56007,4.5
Converse,WY,56009,56009,6
Crook,WY,56011,56011,3.9
Fremont,WY,56013,56013,6.2
Goshen,WY,56015,56015,4.3
Hot Springs,WY,56017,56017,5
Johnson,WY,56019,56019,5.5
Laramie,WY,56021,56021,5.1
Lincoln,WY,56023,56023,5
Natrona,WY,56025,56025,7.8
Niobrara,WY,56027,56027,3.8
Park,WY,56029,56029,5.4
Platte,WY,56031,56031,5
Sheridan,WY,56033,56033,4.9
Sublette,WY,56035,56035,7.2
Sweetwater,WY,56037,56037,7.4
Teton,WY,56039,56039,6
Uinta,WY,56041,56041,6.3
Washakie,WY,56043,56043,5.3
Weston,WY,56045,56045,3.9
Eastern,AS,60010,60010,N/A
Manu'a,AS,60020,60020,N/A
Rose Island,AS,60030,60030,N/A
Swains Island,AS,60040,60040,N/A
Western,AS,60050,60050,N/A
Guam,GU,66010,66010,N/A
Northern Islands,MP,69085,69085,N/A
Rota,MP,69100,69100,N/A
Saipan,MP,69110,69110,N/A
Tinian,MP,69120,69120,N/A
Adjuntas,PR,72001,72001,N/A
Aguada,PR,72003,72003,N/A
Aguadilla,PR,72005,72005,N/A
Aguas Buenas,PR,72007,72007,N/A
Aibonito,PR,72009,72009,N/A
Aasco,PR,72011,72011,N/A
Arecibo,PR,72013,72013,N/A
Arroyo,PR,72015,72015,N/A
Barceloneta,PR,72017,72017,N/A
Barranquitas,PR,72019,72019,N/A
Bayamn,PR,72021,72021,N/A
Cabo Rojo,PR,72023,72023,N/A
Caguas,PR,72025,72025,N/A
Camuy,PR,72027,72027,N/A
Canvanas,PR,72029,72029,N/A
Carolina,PR,72031,72031,N/A
Catao,PR,72033,72033,N/A
Cayey,PR,72035,72035,N/A
Ceiba,PR,72037,72037,N/A
Ciales,PR,72039,72039,N/A
Cidra,PR,72041,72041,N/A
Coamo,PR,72043,72043,N/A
Comero,PR,72045,72045,N/A
Corozal,PR,72047,72047,N/A
Culebra,PR,72049,72049,N/A
Dorado,PR,72051,72051,N/A
Fajardo,PR,72053,72053,N/A
Florida,PR,72054,72054,N/A
Gunica,PR,72055,72055,N/A
Guayama,PR,72057,72057,N/A
Guayanilla,PR,72059,72059,N/A
Guaynabo,PR,72061,72061,N/A
Gurabo,PR,72063,72063,N/A
Hatillo,PR,72065,72065,N/A
Hormigueros,PR,72067,72067,N/A
Humacao,PR,72069,72069,N/A
Isabela,PR,72071,72071,N/A
Jayuya,PR,72073,72073,N/A
Juana Daz,PR,72075,72075,N/A
Juncos,PR,72077,72077,N/A
Lajas,PR,72079,72079,N/A
Lares,PR,72081,72081,N/A
Las Maras,PR,72083,72083,N/A
Las Piedras,PR,72085,72085,N/A
Loza,PR,72087,72087,N/A
Luquillo,PR,72089,72089,N/A
Manat,PR,72091,72091,N/A
Maricao,PR,72093,72093,N/A
Maunabo,PR,72095,72095,N/A
Mayagez,PR,72097,72097,N/A
Moca,PR,72099,72099,N/A
Morovis,PR,72101,72101,N/A
Naguabo,PR,72103,72103,N/A
Naranjito,PR,72105,72105,N/A
Orocovis,PR,72107,72107,N/A
Patillas,PR,72109,72109,N/A
Peuelas,PR,72111,72111,N/A
Ponce,PR,72113,72113,N/A
Quebradillas,PR,72115,72115,N/A
Rincn,PR,72117,72117,N/A
Ro Grande,PR,72119,72119,N/A
Sabana Grande,PR,72121,72121,N/A
Salinas,PR,72123,72123,N/A
San Germn,PR,72125,72125,N/A
San Juan,PR,72127,72127,N/A
San Lorenzo,PR,72129,72129,N/A
San Sebastin,PR,72131,72131,N/A
Santa Isabel,PR,72133,72133,N/A
Toa Alta,PR,72135,72135,N/A
Toa Baja,PR,72137,72137,N/A
Trujillo Alto,PR,72139,72139,N/A
Utuado,PR,72141,72141,N/A
Vega Alta,PR,72143,72143,N/A
Vega Baja,PR,72145,72145,N/A
Vieques,PR,72147,72147,N/A
Villalba,PR,72149,72149,N/A
Yabucoa,PR,72151,72151,N/A
Yauco,PR,72153,72153,N/A
St. Croix,VI,78010,78010,N/A
St. John,VI,78020,78020,N/A
St. Thomas,VI,78030,78030,N/A